--
-- PostgreSQL database dump
--

-- Dumped from database version 11.6 (Debian 11.6-1.pgdg90+1)
-- Dumped by pg_dump version 11.6 (Debian 11.6-1.pgdg90+1)

SET statement_timeout = 0;
SET lock_timeout = 0;
SET idle_in_transaction_session_timeout = 0;
SET client_encoding = 'UTF8';
SET standard_conforming_strings = on;
SELECT pg_catalog.set_config('search_path', '', false);
SET check_function_bodies = false;
SET xmloption = content;
SET client_min_messages = warning;
SET row_security = off;

SET default_tablespace = '';

SET default_with_oids = false;

--
-- Name: exam; Type: TABLE; Schema: public; Owner: postgres
--

CREATE TABLE public.exam (
    id integer NOT NULL,
    duration integer
);


ALTER TABLE public.exam OWNER TO postgres;

--
-- Name: exam_id_seq; Type: SEQUENCE; Schema: public; Owner: postgres
--

CREATE SEQUENCE public.exam_id_seq
    AS integer
    START WITH 1
    INCREMENT BY 1
    NO MINVALUE
    NO MAXVALUE
    CACHE 1;


ALTER TABLE public.exam_id_seq OWNER TO postgres;

--
-- Name: exam_id_seq; Type: SEQUENCE OWNED BY; Schema: public; Owner: postgres
--

ALTER SEQUENCE public.exam_id_seq OWNED BY public.exam.id;


--
-- Name: exam_period; Type: TABLE; Schema: public; Owner: postgres
--

CREATE TABLE public.exam_period (
    id integer NOT NULL,
    exam_id integer,
    period_id integer
);


ALTER TABLE public.exam_period OWNER TO postgres;

--
-- Name: exam_period_id_seq; Type: SEQUENCE; Schema: public; Owner: postgres
--

CREATE SEQUENCE public.exam_period_id_seq
    AS integer
    START WITH 1
    INCREMENT BY 1
    NO MINVALUE
    NO MAXVALUE
    CACHE 1;


ALTER TABLE public.exam_period_id_seq OWNER TO postgres;

--
-- Name: exam_period_id_seq; Type: SEQUENCE OWNED BY; Schema: public; Owner: postgres
--

ALTER SEQUENCE public.exam_period_id_seq OWNED BY public.exam_period.id;


--
-- Name: exam_student; Type: TABLE; Schema: public; Owner: postgres
--

CREATE TABLE public.exam_student (
    id integer NOT NULL,
    exam_id integer,
    student_id integer
);


ALTER TABLE public.exam_student OWNER TO postgres;

--
-- Name: exam_student_id_seq; Type: SEQUENCE; Schema: public; Owner: postgres
--

CREATE SEQUENCE public.exam_student_id_seq
    AS integer
    START WITH 1
    INCREMENT BY 1
    NO MINVALUE
    NO MAXVALUE
    CACHE 1;


ALTER TABLE public.exam_student_id_seq OWNER TO postgres;

--
-- Name: exam_student_id_seq; Type: SEQUENCE OWNED BY; Schema: public; Owner: postgres
--

ALTER SEQUENCE public.exam_student_id_seq OWNED BY public.exam_student.id;


--
-- Name: period; Type: TABLE; Schema: public; Owner: postgres
--

CREATE TABLE public.period (
    id integer NOT NULL,
    "time" timestamp without time zone,
    duration integer,
    penalty integer
);


ALTER TABLE public.period OWNER TO postgres;

--
-- Name: period_id_seq; Type: SEQUENCE; Schema: public; Owner: postgres
--

CREATE SEQUENCE public.period_id_seq
    AS integer
    START WITH 1
    INCREMENT BY 1
    NO MINVALUE
    NO MAXVALUE
    CACHE 1;


ALTER TABLE public.period_id_seq OWNER TO postgres;

--
-- Name: period_id_seq; Type: SEQUENCE OWNED BY; Schema: public; Owner: postgres
--

ALTER SEQUENCE public.period_id_seq OWNED BY public.period.id;


--
-- Name: period_room; Type: TABLE; Schema: public; Owner: postgres
--

CREATE TABLE public.period_room (
    id integer NOT NULL,
    period_id integer,
    room_id integer
);


ALTER TABLE public.period_room OWNER TO postgres;

--
-- Name: period_room_id_seq; Type: SEQUENCE; Schema: public; Owner: postgres
--

CREATE SEQUENCE public.period_room_id_seq
    AS integer
    START WITH 1
    INCREMENT BY 1
    NO MINVALUE
    NO MAXVALUE
    CACHE 1;


ALTER TABLE public.period_room_id_seq OWNER TO postgres;

--
-- Name: period_room_id_seq; Type: SEQUENCE OWNED BY; Schema: public; Owner: postgres
--

ALTER SEQUENCE public.period_room_id_seq OWNED BY public.period_room.id;


--
-- Name: room; Type: TABLE; Schema: public; Owner: postgres
--

CREATE TABLE public.room (
    id integer NOT NULL,
    capacity integer,
    penalty integer
);


ALTER TABLE public.room OWNER TO postgres;

--
-- Name: room_id_seq; Type: SEQUENCE; Schema: public; Owner: postgres
--

CREATE SEQUENCE public.room_id_seq
    AS integer
    START WITH 1
    INCREMENT BY 1
    NO MINVALUE
    NO MAXVALUE
    CACHE 1;


ALTER TABLE public.room_id_seq OWNER TO postgres;

--
-- Name: room_id_seq; Type: SEQUENCE OWNED BY; Schema: public; Owner: postgres
--

ALTER SEQUENCE public.room_id_seq OWNED BY public.room.id;


--
-- Name: staticheuristics; Type: VIEW; Schema: public; Owner: postgres
--

CREATE VIEW public.staticheuristics AS
 SELECT a.exam_id,
    b.student_id,
    b.exam_count,
    a.student_count
   FROM ( SELECT exam_student.exam_id,
            count(exam_student.student_id) AS student_count
           FROM public.exam_student
          GROUP BY exam_student.exam_id) a,
    ( SELECT exam_student.student_id,
            count(exam_student.exam_id) AS exam_count
           FROM public.exam_student
          GROUP BY exam_student.student_id) b
  ORDER BY b.exam_count DESC;


ALTER TABLE public.staticheuristics OWNER TO postgres;

--
-- Name: student; Type: TABLE; Schema: public; Owner: postgres
--

CREATE TABLE public.student (
    id integer NOT NULL,
    number integer
);


ALTER TABLE public.student OWNER TO postgres;

--
-- Name: student_id_seq; Type: SEQUENCE; Schema: public; Owner: postgres
--

CREATE SEQUENCE public.student_id_seq
    AS integer
    START WITH 1
    INCREMENT BY 1
    NO MINVALUE
    NO MAXVALUE
    CACHE 1;


ALTER TABLE public.student_id_seq OWNER TO postgres;

--
-- Name: student_id_seq; Type: SEQUENCE OWNED BY; Schema: public; Owner: postgres
--

ALTER SEQUENCE public.student_id_seq OWNED BY public.student.id;


--
-- Name: exam id; Type: DEFAULT; Schema: public; Owner: postgres
--

ALTER TABLE ONLY public.exam ALTER COLUMN id SET DEFAULT nextval('public.exam_id_seq'::regclass);


--
-- Name: exam_period id; Type: DEFAULT; Schema: public; Owner: postgres
--

ALTER TABLE ONLY public.exam_period ALTER COLUMN id SET DEFAULT nextval('public.exam_period_id_seq'::regclass);


--
-- Name: exam_student id; Type: DEFAULT; Schema: public; Owner: postgres
--

ALTER TABLE ONLY public.exam_student ALTER COLUMN id SET DEFAULT nextval('public.exam_student_id_seq'::regclass);


--
-- Name: period id; Type: DEFAULT; Schema: public; Owner: postgres
--

ALTER TABLE ONLY public.period ALTER COLUMN id SET DEFAULT nextval('public.period_id_seq'::regclass);


--
-- Name: period_room id; Type: DEFAULT; Schema: public; Owner: postgres
--

ALTER TABLE ONLY public.period_room ALTER COLUMN id SET DEFAULT nextval('public.period_room_id_seq'::regclass);


--
-- Name: room id; Type: DEFAULT; Schema: public; Owner: postgres
--

ALTER TABLE ONLY public.room ALTER COLUMN id SET DEFAULT nextval('public.room_id_seq'::regclass);


--
-- Name: student id; Type: DEFAULT; Schema: public; Owner: postgres
--

ALTER TABLE ONLY public.student ALTER COLUMN id SET DEFAULT nextval('public.student_id_seq'::regclass);


--
-- Data for Name: exam; Type: TABLE DATA; Schema: public; Owner: postgres
--

COPY public.exam (id, duration) FROM stdin;
1	190
2	190
3	190
4	130
5	190
6	190
7	190
8	190
9	130
10	190
11	130
12	190
13	190
14	190
15	190
16	190
17	190
18	190
19	190
20	130
21	190
22	190
23	130
24	190
25	190
26	190
27	190
28	190
29	190
30	190
31	190
32	190
33	190
34	190
35	130
36	190
37	190
38	190
39	190
40	190
41	190
42	190
43	190
44	190
45	190
46	190
47	190
48	190
49	190
50	190
51	190
52	190
53	190
54	190
55	190
56	130
57	190
58	130
59	130
60	130
61	190
62	190
63	190
64	190
65	190
66	190
67	190
68	190
69	190
70	190
71	190
72	190
73	130
74	130
75	130
76	130
77	130
78	190
\.


--
-- Data for Name: exam_period; Type: TABLE DATA; Schema: public; Owner: postgres
--

COPY public.exam_period (id, exam_id, period_id) FROM stdin;
1	25	11
2	35	2
3	54	10
4	62	2
5	24	3
6	14	8
7	60	10
8	39	6
9	59	7
10	19	9
11	21	3
12	32	11
13	2	3
14	57	8
15	74	3
16	34	10
17	9	3
18	12	3
19	6	1
20	16	5
22	77	1
24	66	8
25	15	7
26	5	7
27	52	11
29	46	11
30	44	12
31	29	3
32	17	12
33	75	9
34	13	6
35	30	1
36	37	11
37	70	12
38	69	7
39	36	1
40	38	3
42	73	12
43	78	5
44	8	10
45	33	4
46	55	4
47	68	12
48	26	5
49	72	5
50	56	11
51	65	10
52	11	12
54	18	6
55	23	1
56	76	11
57	53	1
58	10	10
59	61	9
60	71	9
61	31	4
62	27	2
63	67	12
64	50	1
65	64	3
67	42	11
68	40	2
69	41	12
70	1	3
71	20	12
72	49	6
73	63	5
74	43	2
75	7	10
76	51	6
77	58	10
78	45	10
28	3	8
41	4	8
21	22	1
66	28	1
53	48	10
23	47	12
\.


--
-- Data for Name: exam_student; Type: TABLE DATA; Schema: public; Owner: postgres
--

COPY public.exam_student (id, exam_id, student_id) FROM stdin;
1	34	168
2	34	169
3	34	185
4	34	203
5	34	172
6	78	1648
7	78	1649
8	78	1650
9	78	1651
10	78	1652
11	78	1653
12	25	74
13	25	305
14	25	82
15	25	75
16	25	83
17	25	84
18	25	281
19	25	35
20	25	237
21	25	77
22	25	232
23	25	284
24	25	233
25	25	85
26	25	86
27	25	87
28	25	88
29	25	24
30	25	89
31	25	260
32	11	15
33	11	300
34	11	301
35	11	302
36	11	303
37	11	14
38	11	304
39	11	305
40	11	1259
41	11	306
42	11	307
43	11	308
44	11	309
45	11	310
46	11	1104
47	11	1004
48	11	1005
49	11	1006
50	11	1007
51	11	1008
52	11	1009
53	11	1010
54	11	1148
55	11	1011
56	11	1012
57	11	1056
58	11	1285
59	11	1013
60	11	1058
61	11	1059
62	11	1014
63	11	1293
64	11	1015
65	11	1016
66	11	1017
67	11	1060
68	11	1061
69	11	1018
70	11	1307
71	11	1311
72	11	1019
73	11	1315
74	11	1323
75	11	1020
76	11	1331
77	11	1021
78	11	1064
79	11	1022
80	11	1339
81	11	1023
82	11	1342
83	11	1343
84	11	1024
85	11	1068
86	11	1025
87	11	1026
88	11	1354
89	11	1356
90	11	1357
91	11	1027
92	11	1070
93	11	1028
94	11	1157
95	11	1158
96	11	1029
97	11	1030
98	11	1031
99	11	1072
100	11	1032
101	22	225
102	22	265
103	22	34
104	22	30
105	22	31
106	22	32
107	22	268
108	22	251
109	22	37
110	40	314
111	40	911
112	40	315
113	40	316
114	40	874
115	40	875
116	40	914
117	40	876
118	40	877
119	40	878
120	40	879
121	40	880
122	40	881
123	40	882
124	40	924
125	40	883
126	40	994
127	40	884
128	40	885
129	40	886
130	40	932
131	40	887
132	40	888
133	40	889
134	40	890
135	40	937
136	40	891
137	40	892
138	40	893
139	40	942
140	40	943
141	40	894
142	40	895
143	40	950
144	40	896
145	40	897
146	40	898
147	40	899
148	38	311
149	38	977
150	38	1450
151	38	978
152	38	979
153	38	980
154	38	981
155	38	982
156	38	983
157	38	984
158	38	985
159	38	986
160	38	987
161	38	988
162	38	989
163	38	310
164	38	990
165	38	991
166	38	992
167	38	993
168	38	994
169	38	995
170	38	1456
171	38	996
172	38	997
173	38	998
174	38	999
175	38	1000
176	38	1001
177	38	1002
178	38	1003
179	38	1464
180	16	19
181	16	1257
182	16	305
183	16	1132
184	16	1099
185	16	1264
186	16	1242
187	16	277
188	16	1103
189	16	20
190	16	1104
191	16	1271
192	16	1206
193	16	1273
194	16	1050
195	16	1389
196	16	1010
197	16	1111
198	16	1052
199	16	1397
200	16	1148
201	16	1053
202	16	286
203	16	1054
204	16	1011
205	16	1055
206	16	208
207	16	209
208	16	210
209	16	211
210	16	1287
211	16	1289
212	16	1290
213	16	1292
214	16	1017
215	16	1406
216	16	1297
217	16	1060
218	16	1298
219	16	1299
220	16	1408
221	16	1412
222	16	212
223	16	213
224	16	1313
225	16	1315
226	16	1414
227	16	1415
228	16	214
229	16	1323
230	16	1328
231	16	1419
232	16	1420
233	16	1338
234	16	1064
235	16	1022
236	16	1341
237	16	215
238	16	1425
239	16	1342
240	16	216
241	16	1347
242	16	217
243	16	290
244	16	1065
245	16	1348
246	16	1066
247	16	1067
248	16	1353
249	16	218
250	16	1434
251	16	1367
252	16	1116
253	16	219
254	16	220
255	16	221
256	16	222
257	16	1158
258	16	1369
259	16	1031
260	16	223
261	16	1073
262	16	1376
263	16	1125
264	28	96
265	28	95
266	28	120
267	28	121
268	28	278
269	28	133
270	28	122
271	28	1141
272	28	1276
273	28	1145
274	28	285
275	28	147
276	28	1284
277	28	151
278	28	210
279	28	152
280	28	1287
281	28	123
282	28	153
283	28	158
284	28	159
285	28	160
286	28	124
287	28	1366
288	28	125
289	28	126
290	28	1156
291	28	127
292	28	128
293	48	678
294	48	763
295	48	978
296	48	980
297	48	350
298	48	501
299	48	351
300	48	916
301	48	625
302	48	445
303	48	446
304	48	793
305	48	926
306	48	946
307	48	447
308	48	448
309	48	952
310	48	456
311	1	1
312	1	1448
313	1	1449
314	1	1450
315	1	1451
316	1	1452
317	1	1453
318	1	1454
319	1	1455
320	1	1456
321	1	1457
322	1	1458
323	1	1459
324	1	1460
325	1	1461
326	1	1462
327	1	1463
328	1	1464
329	2	2
330	2	1
331	2	1378
332	2	1379
333	2	1380
334	2	1381
335	2	1382
336	2	1383
337	2	1384
338	2	1385
339	2	1386
340	2	1387
341	2	1388
342	2	1389
343	2	1390
344	2	1391
345	2	1392
346	2	1393
347	2	1394
348	2	1395
349	2	1396
350	2	1397
351	2	1398
352	2	1399
353	2	1400
354	2	1401
355	2	1402
356	2	1403
357	2	1404
358	2	1405
359	2	1406
360	2	1407
361	2	1408
362	2	1409
363	2	1410
364	2	1411
365	2	1412
366	2	1413
367	2	1414
368	2	1415
369	2	1416
370	2	1417
371	2	1418
372	2	1419
373	2	1420
374	2	1421
375	2	1422
376	2	1423
377	2	1424
378	2	1425
379	2	1426
380	2	1427
381	2	1428
382	2	1429
383	2	1430
384	2	1431
385	2	1432
386	2	1433
387	2	1434
388	2	1435
389	2	1436
390	2	1437
391	2	1438
392	2	1439
393	2	1440
394	2	1441
395	2	1442
396	2	1443
397	2	1444
398	2	1445
399	2	1446
400	2	1447
401	44	326
402	44	766
403	44	682
404	44	327
405	44	769
406	44	325
407	44	328
408	44	1452
409	44	620
410	44	621
411	44	622
412	44	623
413	44	624
414	44	625
415	44	626
416	44	627
417	44	628
418	44	629
419	44	630
420	44	734
421	44	631
422	44	632
423	44	633
424	44	634
425	44	635
426	44	636
427	44	637
428	44	899
429	44	638
430	44	639
431	44	640
432	18	23
433	18	1136
434	18	230
435	18	270
436	18	231
437	18	24
438	13	1235
439	13	17
440	13	262
441	13	16
442	13	263
443	13	264
444	13	265
445	13	266
446	13	267
447	13	268
448	13	269
449	13	270
450	13	1248
451	13	271
452	13	272
453	13	1014
454	13	273
455	13	274
456	13	1325
457	13	1021
458	13	275
459	13	1027
460	13	276
461	42	318
462	42	319
463	42	320
464	42	317
465	42	911
466	42	677
467	42	678
468	42	679
469	42	680
470	42	681
471	42	682
472	42	683
473	42	684
474	42	876
475	42	769
476	42	685
477	42	771
478	42	774
479	42	779
480	42	686
481	42	918
482	42	784
483	42	687
484	42	688
485	42	689
486	42	690
487	42	789
488	42	691
489	42	692
490	42	693
491	42	694
492	42	695
493	42	696
494	42	792
495	42	697
496	42	698
497	42	699
498	42	992
499	42	700
500	42	798
501	42	803
502	42	701
503	42	932
504	42	702
505	42	813
506	42	703
507	42	704
508	42	933
509	42	934
510	42	815
511	42	998
512	42	999
513	42	705
514	42	819
515	42	823
516	42	706
517	42	707
518	42	708
519	42	828
520	42	709
521	42	710
522	42	711
523	42	712
524	42	713
525	42	830
526	42	714
527	42	715
528	42	716
529	42	717
530	42	718
531	42	719
532	42	720
533	42	721
534	42	722
535	42	723
536	42	847
537	42	724
538	42	725
539	42	726
540	42	727
541	42	728
542	42	729
543	42	730
544	42	731
545	42	732
546	42	733
547	42	734
548	42	735
549	42	736
550	42	737
551	42	738
552	42	739
553	42	851
554	42	740
555	42	741
556	42	742
557	42	743
558	42	744
559	42	854
560	42	745
561	42	746
562	42	747
563	42	748
564	42	749
565	42	750
566	42	751
567	42	752
568	42	859
569	42	753
570	42	754
571	42	755
572	42	950
573	42	756
574	42	865
575	42	868
576	42	757
577	42	758
578	42	759
579	42	873
580	43	320
581	43	321
582	43	322
583	43	979
584	43	323
585	43	324
586	43	325
587	43	641
588	43	642
589	43	643
590	43	644
591	43	645
592	43	689
593	43	646
594	43	647
595	43	648
596	43	649
597	43	650
598	43	698
599	43	651
600	43	652
601	43	653
602	43	654
603	43	992
604	43	655
605	43	656
606	43	657
607	43	658
608	43	659
609	43	660
610	43	661
611	43	703
612	43	662
613	43	663
614	43	664
615	43	665
616	43	666
617	43	667
618	43	668
619	43	669
620	43	670
621	43	706
622	43	713
623	43	714
624	43	715
625	43	717
626	43	719
627	43	833
628	43	720
629	43	671
630	43	725
631	43	726
632	43	728
633	43	735
634	43	672
635	43	946
636	43	673
637	43	674
638	43	675
639	43	676
640	63	311
641	63	977
642	63	1450
643	63	978
644	63	979
645	63	980
646	63	981
647	63	982
648	63	983
649	63	984
650	63	985
651	63	986
652	63	987
653	63	988
654	63	989
655	63	310
656	63	990
657	63	991
658	63	992
659	63	993
660	63	994
661	63	995
662	63	1456
663	63	996
664	63	997
665	63	998
666	63	999
667	63	1000
668	63	1001
669	63	1002
670	63	1003
671	63	1464
672	50	367
673	50	373
674	50	386
675	50	915
676	50	387
677	50	984
678	50	878
679	50	388
680	50	389
681	50	390
682	50	391
683	50	392
684	50	393
685	50	394
686	50	450
687	50	395
688	50	396
689	50	397
690	50	927
691	50	930
692	50	398
693	50	453
694	50	995
695	50	931
696	50	805
697	50	399
698	50	400
699	50	526
700	50	824
701	50	825
702	50	366
703	50	437
704	50	940
705	50	843
706	50	891
707	50	1000
708	50	631
709	50	435
710	50	436
711	50	574
712	70	1465
713	70	1466
714	70	1467
715	70	1468
716	70	1469
717	70	1470
718	70	1471
719	70	1472
720	70	1473
721	70	1474
722	70	1475
723	70	1476
724	70	1477
725	70	1478
726	70	1479
727	70	1480
728	70	1481
729	70	1482
730	70	1483
731	70	1484
732	70	1485
733	70	1486
734	70	1487
735	70	1488
736	70	1489
737	70	1490
738	70	1491
739	70	1492
740	70	1493
741	70	1494
742	70	1495
743	70	1496
744	70	1497
745	70	1498
746	70	1499
747	70	1500
748	70	1501
749	70	1502
750	70	1503
751	70	1504
752	70	1505
753	70	1506
754	70	1507
755	70	1508
756	70	1509
757	70	1510
758	70	1511
759	70	1512
760	70	1513
761	70	1514
762	70	1515
763	70	1516
764	70	1517
765	70	1518
766	70	1519
767	70	1520
768	70	1521
769	70	1522
770	70	1523
771	70	1524
772	70	1525
773	70	1526
774	70	1527
775	70	1528
776	70	1529
777	70	1530
778	70	1531
779	70	1532
780	70	1533
781	70	1534
782	70	1535
783	70	1536
784	70	1537
785	70	1538
786	70	1539
787	70	1540
788	70	1541
789	70	1542
790	70	1543
791	21	29
792	21	34
793	21	30
794	21	33
795	23	1269
796	23	232
797	23	284
798	23	1014
799	23	247
800	23	58
801	23	275
802	56	981
803	56	982
804	56	351
805	56	644
806	56	623
807	56	626
808	56	506
809	56	997
810	56	444
811	15	19
812	15	225
813	15	226
814	15	267
815	15	227
816	15	228
817	15	229
818	15	18
819	15	237
820	15	238
821	15	1274
822	15	230
823	15	231
824	15	232
825	15	284
826	15	233
827	15	1281
828	15	1248
829	15	241
830	15	273
831	15	234
832	15	255
833	15	256
834	15	235
835	15	1368
836	15	236
837	55	409
838	55	410
839	55	411
840	55	412
841	55	413
842	55	767
843	55	414
844	55	1452
845	55	781
846	55	415
847	55	621
848	55	624
849	55	689
850	55	408
851	55	647
852	55	427
853	55	416
854	55	417
855	55	418
856	55	419
857	55	420
858	55	421
859	55	422
860	55	635
861	55	423
862	55	637
863	55	424
864	55	425
865	55	426
866	55	1030
867	53	912
868	53	1449
869	53	401
870	53	402
871	53	501
872	53	1451
873	53	403
874	53	407
875	53	408
876	53	427
877	53	428
878	53	429
879	53	1455
880	53	510
881	53	430
882	53	431
883	53	432
884	53	433
885	53	400
886	53	670
887	53	827
888	53	434
889	53	448
890	65	10
891	65	1188
892	65	1082
893	65	1098
894	65	1105
895	65	1076
896	65	1245
897	65	1083
898	65	1167
899	65	1204
900	65	1394
901	65	1111
902	65	209
903	65	1314
904	65	1434
905	65	1084
906	65	1116
907	65	1117
908	35	19
909	35	226
910	35	262
911	35	1269
912	35	268
913	35	238
914	35	239
915	35	240
916	35	241
917	35	271
918	35	242
919	35	272
920	35	243
921	35	273
922	35	274
923	35	244
924	35	245
925	35	246
926	35	85
927	35	250
928	35	252
929	35	60
930	35	224
931	35	254
932	35	255
933	35	256
934	35	259
935	35	260
936	36	257
937	36	256
938	36	258
939	54	977
940	54	496
941	54	979
942	54	404
943	54	1451
944	54	403
945	54	405
946	54	643
947	54	407
948	54	649
949	54	1006
950	54	428
951	54	430
952	54	431
953	54	996
954	54	727
955	54	406
956	26	91
957	26	92
958	26	303
959	26	304
960	26	93
961	26	1239
962	26	94
963	26	307
964	26	138
965	26	1242
966	26	1004
967	26	139
968	26	90
969	26	140
970	26	1107
971	26	1108
972	26	141
973	26	142
974	26	143
975	26	1247
976	26	144
977	26	145
978	26	146
979	26	1145
980	26	285
981	26	147
982	26	148
983	26	149
984	26	150
985	26	1399
986	26	1284
987	26	151
988	26	1056
989	26	210
990	26	152
991	26	1287
992	26	153
993	26	154
994	26	155
995	26	156
996	26	157
997	26	158
998	26	159
999	26	160
1000	26	292
1001	26	161
1002	26	162
1003	26	1442
1004	26	204
1005	26	205
1006	26	1121
1007	26	163
1008	26	164
1009	26	165
1010	26	166
1011	26	199
1012	57	369
1013	57	582
1014	57	328
1015	57	583
1016	57	584
1017	57	781
1018	57	415
1019	57	585
1020	57	621
1021	57	624
1022	57	627
1023	57	408
1024	57	628
1025	57	923
1026	57	586
1027	57	587
1028	57	588
1029	57	589
1030	57	416
1031	57	590
1032	57	629
1033	57	419
1034	57	591
1035	57	468
1036	57	592
1037	57	593
1038	57	594
1039	57	634
1040	57	595
1041	57	596
1042	57	951
1043	57	597
1044	57	759
1045	57	598
1046	57	599
1047	57	600
1048	12	15
1049	12	16
1050	12	1198
1051	12	277
1052	12	278
1053	12	279
1054	12	280
1055	12	281
1056	12	282
1057	12	1110
1058	12	283
1059	12	284
1060	12	1051
1061	12	285
1062	12	286
1063	12	287
1064	12	288
1065	12	1058
1066	12	289
1067	12	1059
1068	12	1293
1069	12	1060
1070	12	1425
1071	12	290
1072	12	291
1073	12	292
1074	12	1073
1075	29	96
1076	29	1186
1077	29	97
1078	29	1382
1079	29	1134
1080	29	1204
1081	29	1141
1082	29	117
1083	29	123
1084	29	213
1085	29	118
1086	29	1215
1087	29	119
1088	29	1183
1089	29	1124
1090	14	17
1091	14	266
1092	14	1263
1093	14	18
1094	14	237
1095	14	238
1096	14	239
1097	14	269
1098	14	1279
1099	14	240
1100	14	241
1101	14	271
1102	14	242
1103	14	243
1104	14	1014
1105	14	273
1106	14	274
1107	14	1320
1108	14	1325
1109	14	244
1110	14	245
1111	14	246
1112	14	1021
1113	14	247
1114	14	248
1115	14	249
1116	14	250
1117	14	251
1118	14	252
1119	14	253
1120	14	254
1121	14	255
1122	14	256
1123	14	259
1124	14	260
1125	14	261
1126	6	6
1127	6	7
1128	6	1161
1129	6	1162
1130	6	1163
1131	6	1164
1132	6	1196
1133	6	1165
1134	6	1166
1135	6	1199
1136	6	1167
1137	6	1168
1138	6	1169
1139	6	1205
1140	6	1170
1141	6	1171
1142	6	1172
1143	6	1173
1144	6	1433
1145	6	1174
1146	6	1175
1147	6	1176
1148	6	1177
1149	6	1178
1150	6	1179
1151	6	1180
1152	6	1181
1153	6	1182
1154	6	1219
1155	6	1183
1156	6	1184
1157	62	311
1158	62	320
1159	62	760
1160	62	953
1161	62	332
1162	62	678
1163	62	766
1164	62	334
1165	62	335
1166	62	954
1167	62	955
1168	62	956
1169	62	957
1170	62	388
1171	62	642
1172	62	389
1173	62	986
1174	62	354
1175	62	777
1176	62	780
1177	62	958
1178	62	643
1179	62	690
1180	62	789
1181	62	358
1182	62	921
1183	62	693
1184	62	959
1185	62	336
1186	62	337
1187	62	338
1188	62	696
1189	62	649
1190	62	429
1191	62	339
1192	62	698
1193	62	652
1194	62	514
1195	62	397
1196	62	795
1197	62	928
1198	62	515
1199	62	796
1200	62	797
1201	62	929
1202	62	361
1203	62	803
1204	62	804
1205	62	516
1206	62	342
1207	62	805
1208	62	344
1209	62	960
1210	62	887
1211	62	345
1212	62	525
1213	62	816
1214	62	961
1215	62	962
1216	62	819
1217	62	820
1218	62	937
1219	62	707
1220	62	828
1221	62	709
1222	62	710
1223	62	711
1224	62	938
1225	62	963
1226	62	964
1227	62	965
1228	62	713
1229	62	718
1230	62	719
1231	62	834
1232	62	458
1233	62	836
1234	62	720
1235	62	721
1236	62	839
1237	62	462
1238	62	541
1239	62	542
1240	62	845
1241	62	463
1242	62	724
1243	62	546
1244	62	464
1245	62	466
1246	62	728
1247	62	966
1248	62	729
1249	62	470
1250	62	730
1251	62	556
1252	62	479
1253	62	737
1254	62	851
1255	62	740
1256	62	741
1257	62	742
1258	62	853
1259	62	893
1260	62	943
1261	62	743
1262	62	967
1263	62	612
1264	62	968
1265	62	747
1266	62	969
1267	62	970
1268	62	567
1269	62	971
1270	62	751
1271	62	616
1272	62	491
1273	62	863
1274	62	972
1275	62	577
1276	62	973
1277	62	974
1278	62	975
1279	62	976
1280	62	619
1281	62	640
1282	62	456
1283	62	581
1284	62	873
1285	73	1586
1286	73	1587
1287	73	1588
1288	73	1589
1289	73	1590
1290	73	1635
1291	73	1636
1292	73	1637
1293	73	1638
1294	73	1639
1295	73	1640
1296	73	1641
1297	73	1642
1298	73	1643
1299	73	1644
1300	73	1645
1301	73	1646
1302	73	1647
1303	9	11
1304	9	10
1305	9	12
1306	9	1378
1307	9	1097
1308	9	1381
1309	9	1239
1310	9	1101
1311	9	1075
1312	9	1266
1313	9	1268
1314	9	1076
1315	9	1245
1316	9	1395
1317	9	1402
1318	9	1403
1319	9	1405
1320	9	1407
1321	9	1410
1322	9	1411
1323	9	1413
1324	9	1314
1325	9	1324
1326	9	1418
1327	9	1332
1328	9	1420
1329	9	1422
1330	9	1423
1331	9	1077
1332	9	1424
1333	9	1426
1334	9	1427
1335	9	1428
1336	9	1344
1337	9	1429
1338	9	1078
1339	9	1359
1340	9	1079
1341	9	1436
1342	9	1361
1343	9	1080
1344	9	1438
1345	9	1439
1346	9	1118
1347	9	1254
1348	9	1441
1349	9	1081
1350	9	1443
1351	9	1121
1352	9	1445
1353	9	1375
1354	9	1377
1355	24	74
1356	24	75
1357	24	262
1358	24	264
1359	24	265
1360	24	76
1361	24	281
1362	24	32
1363	24	77
1364	24	239
1365	24	1009
1366	24	78
1367	24	231
1368	24	1281
1369	24	240
1370	24	79
1371	24	242
1372	24	272
1373	24	243
1374	24	246
1375	24	80
1376	24	81
1377	24	24
1378	61	314
1379	61	317
1380	61	910
1381	61	331
1382	61	1448
1383	61	874
1384	61	497
1385	61	681
1386	61	900
1387	61	767
1388	61	682
1389	61	914
1390	61	982
1391	61	387
1392	61	983
1393	61	776
1394	61	354
1395	61	391
1396	61	988
1397	61	989
1398	61	917
1399	61	901
1400	61	688
1401	61	392
1402	61	645
1403	61	505
1404	61	506
1405	61	358
1406	61	393
1407	61	1454
1408	61	627
1409	61	922
1410	61	449
1411	61	359
1412	61	628
1413	61	881
1414	61	337
1415	61	990
1416	61	588
1417	61	925
1418	61	510
1419	61	396
1420	61	430
1421	61	794
1422	61	700
1423	61	930
1424	61	801
1425	61	517
1426	61	518
1427	61	519
1428	61	886
1429	61	521
1430	61	807
1431	61	1456
1432	61	522
1433	61	417
1434	61	811
1435	61	702
1436	61	814
1437	61	523
1438	61	888
1439	61	418
1440	61	933
1441	61	816
1442	61	997
1443	61	818
1444	61	419
1445	61	608
1446	61	528
1447	61	826
1448	61	1458
1449	61	829
1450	61	366
1451	61	535
1452	61	716
1453	61	536
1454	61	835
1455	61	902
1456	61	836
1457	61	839
1458	61	722
1459	61	539
1460	61	841
1461	61	903
1462	61	941
1463	61	454
1464	61	845
1465	61	1459
1466	61	904
1467	61	729
1468	61	469
1469	61	1461
1470	61	472
1471	61	734
1472	61	477
1473	61	905
1474	61	906
1475	61	942
1476	61	564
1477	61	907
1478	61	635
1479	61	637
1480	61	569
1481	61	754
1482	61	861
1483	61	755
1484	61	951
1485	61	574
1486	61	908
1487	61	864
1488	61	909
1489	61	870
1490	61	448
1491	61	619
1492	61	639
1493	61	872
1494	61	581
1495	27	1240
1496	27	1099
1497	27	95
1498	27	94
1499	27	1242
1500	27	1103
1501	27	129
1502	27	130
1503	27	131
1504	27	132
1505	27	140
1506	27	133
1507	27	134
1508	27	142
1509	27	143
1510	27	135
1511	27	136
1512	27	137
1513	27	1254
1514	27	165
1515	27	1125
1516	67	8
1517	67	74
1518	67	1131
1519	67	1126
1520	67	1237
1521	67	1132
1522	67	1267
1523	67	1127
1524	67	1201
1525	67	1168
1526	67	1202
1527	67	1203
1528	67	1143
1529	67	232
1530	67	284
1531	67	1146
1532	67	1147
1533	67	1148
1534	67	1053
1535	67	1149
1536	67	1128
1537	67	1151
1538	67	1249
1539	67	105
1540	67	1174
1541	67	1129
1542	67	1178
1543	67	1216
1544	67	1130
1545	67	1156
1546	67	1157
1547	67	1218
1548	67	1120
1549	60	401
1550	60	333
1551	60	402
1552	60	680
1553	60	498
1554	60	499
1555	60	601
1556	60	500
1557	60	602
1558	60	770
1559	60	685
1560	60	916
1561	60	775
1562	60	328
1563	60	776
1564	60	778
1565	60	782
1566	60	783
1567	60	403
1568	60	687
1569	60	786
1570	60	603
1571	60	1453
1572	60	505
1573	60	691
1574	60	604
1575	60	605
1576	60	336
1577	60	923
1578	60	338
1579	60	511
1580	60	512
1581	60	513
1582	60	515
1583	60	606
1584	60	798
1585	60	799
1586	60	800
1587	60	361
1588	60	607
1589	60	516
1590	60	431
1591	60	885
1592	60	344
1593	60	590
1594	60	807
1595	60	808
1596	60	345
1597	60	433
1598	60	702
1599	60	812
1600	60	704
1601	60	523
1602	60	935
1603	60	815
1604	60	821
1605	60	608
1606	60	527
1607	60	347
1608	60	708
1609	60	529
1610	60	828
1611	60	829
1612	60	710
1613	60	530
1614	60	531
1615	60	532
1616	60	348
1617	60	714
1618	60	533
1619	60	609
1620	60	349
1621	60	717
1622	60	536
1623	60	834
1624	60	458
1625	60	459
1626	60	838
1627	60	461
1628	60	721
1629	60	537
1630	60	538
1631	60	539
1632	60	541
1633	60	454
1634	60	544
1635	60	463
1636	60	846
1637	60	545
1638	60	547
1639	60	466
1640	60	1460
1641	60	469
1642	60	610
1643	60	471
1644	60	548
1645	60	472
1646	60	551
1647	60	554
1648	60	555
1649	60	556
1650	60	557
1651	60	850
1652	60	611
1653	60	478
1654	60	558
1655	60	479
1656	60	559
1657	60	736
1658	60	737
1659	60	560
1660	60	741
1661	60	612
1662	60	371
1663	60	613
1664	60	614
1665	60	615
1666	60	595
1667	60	489
1668	60	616
1669	60	570
1670	60	573
1671	60	575
1672	60	617
1673	60	492
1674	60	618
1675	60	578
1676	60	580
1677	60	898
1678	60	495
1679	60	638
1680	60	619
1681	60	872
1682	20	29
1683	20	300
1684	20	225
1685	20	28
1686	20	34
1687	20	35
1688	20	36
1689	20	37
1690	45	329
1691	45	677
1692	45	330
1693	45	496
1694	45	497
1695	45	875
1696	45	498
1697	45	980
1698	45	499
1699	45	500
1700	45	684
1701	45	501
1702	45	770
1703	45	685
1704	45	773
1705	45	328
1706	45	986
1707	45	782
1708	45	687
1709	45	502
1710	45	503
1711	45	504
1712	45	645
1713	45	505
1714	45	506
1715	45	691
1716	45	507
1717	45	694
1718	45	791
1719	45	508
1720	45	509
1721	45	652
1722	45	510
1723	45	511
1724	45	512
1725	45	513
1726	45	991
1727	45	993
1728	45	514
1729	45	515
1730	45	516
1731	45	517
1732	45	518
1733	45	519
1734	45	701
1735	45	520
1736	45	521
1737	45	522
1738	45	702
1739	45	812
1740	45	813
1741	45	523
1742	45	524
1743	45	934
1744	45	525
1745	45	817
1746	45	526
1747	45	890
1748	45	820
1749	45	822
1750	45	527
1751	45	528
1752	45	529
1753	45	709
1754	45	530
1755	45	531
1756	45	532
1757	45	830
1758	45	533
1759	45	831
1760	45	534
1761	45	535
1762	45	716
1763	45	536
1764	45	832
1765	45	838
1766	45	840
1767	45	537
1768	45	538
1769	45	722
1770	45	539
1771	45	841
1772	45	540
1773	45	541
1774	45	941
1775	45	844
1776	45	542
1777	45	543
1778	45	723
1779	45	544
1780	45	724
1781	45	545
1782	45	848
1783	45	849
1784	45	546
1785	45	547
1786	45	548
1787	45	549
1788	45	550
1789	45	551
1790	45	552
1791	45	553
1792	45	554
1793	45	555
1794	45	556
1795	45	733
1796	45	557
1797	45	558
1798	45	559
1799	45	736
1800	45	738
1801	45	560
1802	45	561
1803	45	562
1804	45	563
1805	45	564
1806	45	565
1807	45	566
1808	45	567
1809	45	568
1810	45	860
1811	45	569
1812	45	948
1813	45	861
1814	45	570
1815	45	571
1816	45	572
1817	45	573
1818	45	574
1819	45	575
1820	45	1462
1821	45	896
1822	45	576
1823	45	577
1824	45	578
1825	45	579
1826	45	580
1827	45	869
1828	45	758
1829	45	638
1830	45	759
1831	45	581
1832	32	167
1833	32	309
1834	32	168
1835	32	173
1836	32	174
1837	32	175
1838	32	176
1839	32	177
1840	32	178
1841	32	179
1842	32	197
1843	32	180
1844	32	181
1845	32	182
1846	32	183
1847	32	184
1848	32	185
1849	32	186
1850	32	187
1851	32	188
1852	32	189
1853	32	190
1854	32	191
1855	32	192
1856	32	1074
1857	5	6
1858	5	1185
1859	5	1186
1860	5	5
1861	5	1187
1862	5	1188
1863	5	1189
1864	5	1190
1865	5	1191
1866	5	1192
1867	5	1193
1868	5	1194
1869	5	1195
1870	5	1196
1871	5	1197
1872	5	1198
1873	5	1199
1874	5	1200
1875	5	1201
1876	5	1244
1877	5	1202
1878	5	1203
1879	5	1204
1880	5	1205
1881	5	1206
1882	5	1207
1883	5	1208
1884	5	1209
1885	5	1210
1886	5	1211
1887	5	1212
1888	5	1433
1889	5	1213
1890	5	1214
1891	5	1215
1892	5	1216
1893	5	1217
1894	5	1218
1895	5	1219
1896	5	1220
1897	3	3
1898	3	2
1899	3	4
1900	3	1378
1901	3	1257
1902	3	1379
1903	3	1380
1904	3	1258
1905	3	1381
1906	3	1259
1907	3	1260
1908	3	1261
1909	3	1262
1910	3	1263
1911	3	1264
1912	3	1265
1913	3	1266
1914	3	1383
1915	3	1267
1916	3	1268
1917	3	1384
1918	3	1269
1919	3	1270
1920	3	1271
1921	3	1272
1922	3	1273
1923	3	1274
1924	3	1388
1925	3	1275
1926	3	1276
1927	3	1277
1928	3	1392
1929	3	1393
1930	3	1278
1931	3	1279
1932	3	1280
1933	3	1281
1934	3	1282
1935	3	1283
1936	3	1284
1937	3	1400
1938	3	1401
1939	3	1402
1940	3	1285
1941	3	1286
1942	3	1287
1943	3	1288
1944	3	1289
1945	3	1290
1946	3	1291
1947	3	1403
1948	3	1292
1949	3	1293
1950	3	1294
1951	3	1404
1952	3	1295
1953	3	1405
1954	3	1406
1955	3	1296
1956	3	1297
1957	3	1298
1958	3	1299
1959	3	1300
1960	3	1301
1961	3	1302
1962	3	1303
1963	3	1407
1964	3	1304
1965	3	1305
1966	3	1408
1967	3	1409
1968	3	1306
1969	3	1410
1970	3	1307
1971	3	1411
1972	3	1308
1973	3	1309
1974	3	1310
1975	3	1311
1976	3	1413
1977	3	1312
1978	3	1313
1979	3	1314
1980	3	1315
1981	3	1414
1982	3	1316
1983	3	1317
1984	3	1415
1985	3	1318
1986	3	1319
1987	3	1320
1988	3	1321
1989	3	1322
1990	3	1323
1991	3	1324
1992	3	1416
1993	3	1417
1994	3	1418
1995	3	1325
1996	3	1326
1997	3	1327
1998	3	1328
1999	3	1329
2000	3	1419
2001	3	1330
2002	3	1331
2003	3	1332
2004	3	1333
2005	3	1334
2006	3	1335
2007	3	1420
2008	3	1336
2009	3	1337
2010	3	1338
2011	3	1421
2012	3	1422
2013	3	1423
2014	3	1339
2015	3	1340
2016	3	1341
2017	3	1424
2018	3	1425
2019	3	1426
2020	3	1342
2021	3	1427
2022	3	1428
2023	3	1343
2024	3	1344
2025	3	1345
2026	3	1346
2027	3	1347
2028	3	1429
2029	3	1430
2030	3	1348
2031	3	1431
2032	3	1349
2033	3	1350
2034	3	1432
2035	3	1351
2036	3	1352
2037	3	1353
2038	3	1354
2039	3	1355
2040	3	1356
2041	3	1357
2042	3	1358
2043	3	1359
2044	3	1360
2045	3	1436
2046	3	1361
2047	3	1362
2048	3	1363
2049	3	1438
2050	3	1439
2051	3	1364
2052	3	1365
2053	3	1366
2054	3	1367
2055	3	1440
2056	3	1441
2057	3	1368
2058	3	1369
2059	3	1370
2060	3	1444
2061	3	1371
2062	3	1372
2063	3	1445
2064	3	1373
2065	3	1374
2066	3	1375
2067	3	1376
2068	3	1377
2069	3	1447
2070	71	1544
2071	71	1545
2072	71	1546
2073	71	1547
2074	71	1548
2075	71	1549
2076	71	1550
2077	71	1551
2078	71	1552
2079	71	1553
2080	71	1554
2081	71	1555
2082	71	1556
2083	71	1557
2084	71	1558
2085	71	1559
2086	71	1560
2087	71	1561
2088	71	1562
2089	71	1563
2090	71	1564
2091	71	1565
2092	71	1566
2093	71	1567
2094	71	1568
2095	71	1569
2096	71	1570
2097	71	1571
2098	71	1572
2099	71	1573
2100	71	1574
2101	71	1575
2102	47	763
2103	47	350
2104	47	776
2105	47	917
2106	47	693
2107	47	449
2108	47	450
2109	47	451
2110	47	793
2111	47	452
2112	47	453
2113	47	520
2114	47	521
2115	47	810
2116	47	829
2117	47	709
2118	47	831
2119	47	349
2120	47	718
2121	47	461
2122	47	842
2123	47	454
2124	47	478
2125	47	455
2126	47	945
2127	47	489
2128	47	1462
2129	47	492
2130	47	580
2131	47	456
2132	17	1095
2133	17	1257
2134	17	1379
2135	17	1380
2136	17	1098
2137	17	1381
2138	17	21
2139	17	22
2140	17	23
2141	17	1265
2142	17	1266
2143	17	1268
2144	17	280
2145	17	20
2146	17	90
2147	17	1167
2148	17	1108
2149	17	1386
2150	17	1387
2151	17	1389
2152	17	1109
2153	17	1391
2154	17	1392
2155	17	200
2156	17	283
2157	17	1393
2158	17	1395
2159	17	1396
2160	17	201
2161	17	1399
2162	17	1404
2163	17	1408
2164	17	1409
2165	17	1306
2166	17	1314
2167	17	1324
2168	17	1418
2169	17	1419
2170	17	1421
2171	17	1423
2172	17	1361
2173	17	202
2174	17	1440
2175	17	203
2176	17	221
2177	17	204
2178	17	205
2179	17	206
2180	17	207
2181	17	1375
2182	17	1447
2183	46	331
2184	46	332
2185	46	330
2186	46	333
2187	46	496
2188	46	497
2189	46	680
2190	46	498
2191	46	499
2192	46	681
2193	46	766
2194	46	334
2195	46	500
2196	46	684
2197	46	335
2198	46	773
2199	46	775
2200	46	777
2201	46	780
2202	46	783
2203	46	786
2204	46	644
2205	46	1454
2206	46	336
2207	46	337
2208	46	338
2209	46	792
2210	46	339
2211	46	509
2212	46	511
2213	46	512
2214	46	513
2215	46	340
2216	46	797
2217	46	799
2218	46	800
2219	46	801
2220	46	341
2221	46	517
2222	46	342
2223	46	343
2224	46	518
2225	46	519
2226	46	701
2227	46	344
2228	46	807
2229	46	522
2230	46	345
2231	46	811
2232	46	812
2233	46	996
2234	46	704
2235	46	525
2236	46	346
2237	46	821
2238	46	527
2239	46	826
2240	46	1458
2241	46	347
2242	46	708
2243	46	827
2244	46	711
2245	46	530
2246	46	348
2247	46	715
2248	46	533
2249	46	534
2250	46	535
2251	46	349
2252	46	457
2253	46	832
2254	46	833
2255	46	458
2256	46	459
2257	46	460
2258	46	461
2259	46	840
2260	46	537
2261	46	538
2262	46	462
2263	46	842
2264	46	540
2265	46	844
2266	46	542
2267	46	543
2268	46	544
2269	46	463
2270	46	846
2271	46	847
2272	46	545
2273	46	848
2274	46	849
2275	46	546
2276	46	464
2277	46	725
2278	46	465
2279	46	726
2280	46	1459
2281	46	466
2282	46	1460
2283	46	467
2284	46	468
2285	46	469
2286	46	470
2287	46	730
2288	46	471
2289	46	548
2290	46	1461
2291	46	472
2292	46	551
2293	46	473
2294	46	474
2295	46	475
2296	46	554
2297	46	555
2298	46	733
2299	46	557
2300	46	850
2301	46	476
2302	46	477
2303	46	478
2304	46	735
2305	46	558
2306	46	479
2307	46	480
2308	46	559
2309	46	481
2310	46	738
2311	46	561
2312	46	740
2313	46	482
2314	46	854
2315	46	564
2316	46	634
2317	46	483
2318	46	484
2319	46	860
2320	46	569
2321	46	485
2322	46	754
2323	46	486
2324	46	487
2325	46	488
2326	46	489
2327	46	490
2328	46	570
2329	46	491
2330	46	863
2331	46	573
2332	46	864
2333	46	492
2334	46	493
2335	46	1463
2336	46	494
2337	46	865
2338	46	578
2339	46	579
2340	46	868
2341	46	869
2342	46	870
2343	46	495
2344	46	758
2345	46	1464
2346	46	640
2347	68	98
2348	68	6
2349	68	1185
2350	68	1186
2351	68	5
2352	68	1189
2353	68	1237
2354	68	1192
2355	68	1238
2356	68	1221
2357	68	1193
2358	68	1087
2359	68	1222
2360	68	1102
2361	68	1383
2362	68	101
2363	68	1196
2364	68	1197
2365	68	1267
2366	68	1199
2367	68	102
2368	68	1106
2369	68	103
2370	68	1169
2371	68	1140
2372	68	1142
2373	68	1110
2374	68	1223
2375	68	1170
2376	68	1150
2377	68	1152
2378	68	1433
2379	68	105
2380	68	1114
2381	68	107
2382	68	1224
2383	68	112
2384	68	1255
2385	68	1225
2386	68	1220
2387	68	1226
2388	68	1123
2389	68	116
2390	8	8
2391	8	9
2392	8	10
2393	8	1095
2394	8	1096
2395	8	1188
2396	8	1191
2397	8	1097
2398	8	1098
2399	8	1099
2400	8	1100
2401	8	1101
2402	8	1193
2403	8	1134
2404	8	1102
2405	8	1243
2406	8	1200
2407	8	1103
2408	8	1104
2409	8	1105
2410	8	1106
2411	8	1167
2412	8	1204
2413	8	1107
2414	8	1108
2415	8	1109
2416	8	1391
2417	8	1110
2418	8	1393
2419	8	1394
2420	8	1395
2421	8	1111
2422	8	1397
2423	8	1112
2424	8	1113
2425	8	1114
2426	8	1435
2427	8	1437
2428	8	1115
2429	8	1116
2430	8	1117
2431	8	1118
2432	8	1255
2433	8	1119
2434	8	1120
2435	8	1121
2436	8	1122
2437	8	1123
2438	8	1124
2439	8	1125
2440	31	167
2441	31	193
2442	31	1136
2443	31	194
2444	31	195
2445	31	196
2446	31	197
2447	31	198
2448	31	166
2449	75	1593
2450	75	1592
2451	75	1594
2452	75	1595
2453	75	1596
2454	75	1623
2455	75	1597
2456	75	1598
2457	75	1599
2458	75	1600
2459	75	1601
2460	75	1602
2461	75	1614
2462	75	1615
2463	75	1616
2464	75	1617
2465	75	1636
2466	75	1626
2467	75	1638
2468	75	1618
2469	75	1619
2470	75	1620
2471	39	312
2472	39	311
2473	39	313
2474	39	314
2475	39	910
2476	39	911
2477	39	912
2478	39	913
2479	39	914
2480	39	915
2481	39	916
2482	39	989
2483	39	917
2484	39	918
2485	39	919
2486	39	920
2487	39	921
2488	39	922
2489	39	923
2490	39	924
2491	39	925
2492	39	926
2493	39	927
2494	39	928
2495	39	929
2496	39	930
2497	39	995
2498	39	931
2499	39	932
2500	39	933
2501	39	934
2502	39	935
2503	39	998
2504	39	999
2505	39	936
2506	39	937
2507	39	938
2508	39	939
2509	39	940
2510	39	941
2511	39	942
2512	39	943
2513	39	944
2514	39	945
2515	39	946
2516	39	947
2517	39	948
2518	39	949
2519	39	950
2520	39	951
2521	39	952
2522	41	317
2523	41	910
2524	41	1448
2525	41	760
2526	41	761
2527	41	316
2528	41	762
2529	41	763
2530	41	764
2531	41	765
2532	41	766
2533	41	767
2534	41	768
2535	41	769
2536	41	770
2537	41	771
2538	41	772
2539	41	773
2540	41	774
2541	41	878
2542	41	775
2543	41	987
2544	41	776
2545	41	777
2546	41	778
2547	41	779
2548	41	780
2549	41	781
2550	41	988
2551	41	782
2552	41	783
2553	41	784
2554	41	785
2555	41	786
2556	41	787
2557	41	788
2558	41	789
2559	41	790
2560	41	791
2561	41	792
2562	41	990
2563	41	924
2564	41	793
2565	41	991
2566	41	794
2567	41	795
2568	41	928
2569	41	796
2570	41	797
2571	41	798
2572	41	799
2573	41	800
2574	41	801
2575	41	802
2576	41	803
2577	41	804
2578	41	805
2579	41	886
2580	41	806
2581	41	807
2582	41	808
2583	41	809
2584	41	810
2585	41	811
2586	41	812
2587	41	813
2588	41	814
2589	41	815
2590	41	816
2591	41	817
2592	41	818
2593	41	819
2594	41	820
2595	41	821
2596	41	822
2597	41	936
2598	41	823
2599	41	824
2600	41	825
2601	41	826
2602	41	827
2603	41	828
2604	41	829
2605	41	938
2606	41	830
2607	41	831
2608	41	832
2609	41	833
2610	41	834
2611	41	835
2612	41	836
2613	41	837
2614	41	838
2615	41	839
2616	41	840
2617	41	841
2618	41	842
2619	41	843
2620	41	844
2621	41	845
2622	41	846
2623	41	847
2624	41	848
2625	41	849
2626	41	891
2627	41	850
2628	41	851
2629	41	852
2630	41	853
2631	41	854
2632	41	855
2633	41	856
2634	41	857
2635	41	858
2636	41	859
2637	41	860
2638	41	948
2639	41	861
2640	41	862
2641	41	863
2642	41	864
2643	41	1463
2644	41	865
2645	41	866
2646	41	867
2647	41	868
2648	41	869
2649	41	870
2650	41	871
2651	41	952
2652	41	872
2653	41	873
2654	10	12
2655	10	13
2656	10	14
2657	10	1097
2658	10	1046
2659	10	1047
2660	10	1048
2661	10	1168
2662	10	1049
2663	10	1273
2664	10	1050
2665	10	1051
2666	10	1052
2667	10	1053
2668	10	1054
2669	10	1055
2670	10	1056
2671	10	1057
2672	10	1058
2673	10	1059
2674	10	1293
2675	10	1060
2676	10	1061
2677	10	1307
2678	10	1311
2679	10	1062
2680	10	1063
2681	10	1317
2682	10	1319
2683	10	1064
2684	10	1065
2685	10	1066
2686	10	1067
2687	10	1350
2688	10	1068
2689	10	1353
2690	10	1069
2691	10	1070
2692	10	1071
2693	10	1372
2694	10	1072
2695	10	1073
2696	10	1074
2697	52	913
2698	52	874
2699	52	875
2700	52	373
2701	52	876
2702	52	386
2703	52	915
2704	52	387
2705	52	374
2706	52	984
2707	52	389
2708	52	987
2709	52	391
2710	52	988
2711	52	785
2712	52	375
2713	52	392
2714	52	393
2715	52	394
2716	52	881
2717	52	882
2718	52	450
2719	52	376
2720	52	395
2721	52	377
2722	52	925
2723	52	397
2724	52	928
2725	52	929
2726	52	398
2727	52	453
2728	52	994
2729	52	885
2730	52	378
2731	52	1456
2732	52	888
2733	52	889
2734	52	526
2735	52	890
2736	52	939
2737	52	942
2738	52	1000
2739	52	894
2740	52	895
2741	52	379
2742	52	749
2743	52	380
2744	52	1002
2745	52	381
2746	52	382
2747	52	383
2748	52	574
2749	52	384
2750	52	385
2751	52	899
2752	74	1591
2753	74	1592
2754	74	1621
2755	74	1622
2756	74	1623
2757	74	1624
2758	74	1590
2759	74	1636
2760	74	1625
2761	74	1626
2762	74	1627
2763	74	1628
2764	74	1629
2765	74	1644
2766	74	1630
2767	74	1631
2768	74	1632
2769	74	1633
2770	74	1634
2771	49	352
2772	49	760
2773	49	1449
2774	49	1450
2775	49	353
2776	49	351
2777	49	774
2778	49	916
2779	49	354
2780	49	918
2781	49	784
2782	49	355
2783	49	356
2784	49	357
2785	49	623
2786	49	625
2787	49	788
2788	49	446
2789	49	358
2790	49	921
2791	49	359
2792	49	791
2793	49	696
2794	49	451
2795	49	794
2796	49	514
2797	49	795
2798	49	796
2799	49	360
2800	49	361
2801	49	804
2802	49	931
2803	49	362
2804	49	520
2805	49	814
2806	49	889
2807	49	935
2808	49	817
2809	49	1457
2810	49	820
2811	49	822
2812	49	363
2813	49	823
2814	49	824
2815	49	528
2816	49	825
2817	49	707
2818	49	529
2819	49	364
2820	49	712
2821	49	365
2822	49	366
2823	49	532
2824	49	437
2825	49	940
2826	49	438
2827	49	843
2828	49	439
2829	49	547
2830	49	853
2831	49	1026
2832	49	631
2833	49	945
2834	49	440
2835	49	746
2836	49	441
2837	49	442
2838	49	443
2839	19	25
2840	19	26
2841	19	27
2842	19	302
2843	19	28
2844	19	1235
2845	19	226
2846	19	38
2847	19	262
2848	19	39
2849	19	40
2850	19	41
2851	19	42
2852	19	43
2853	19	268
2854	19	44
2855	19	1007
2856	19	45
2857	19	1274
2858	19	1388
2859	19	46
2860	19	1277
2861	19	47
2862	19	1009
2863	19	48
2864	19	49
2865	19	50
2866	19	51
2867	19	52
2868	19	53
2869	19	54
2870	19	55
2871	19	1303
2872	19	56
2873	19	1320
2874	19	214
2875	19	245
2876	19	57
2877	19	248
2878	19	58
2879	19	1024
2880	19	59
2881	19	1025
2882	19	60
2883	19	61
2884	19	62
2885	19	63
2886	19	1434
2887	19	64
2888	19	1251
2889	19	1437
2890	19	1027
2891	19	65
2892	19	66
2893	19	1116
2894	19	259
2895	19	24
2896	19	235
2897	19	1368
2898	19	67
2899	19	236
2900	19	204
2901	19	68
2902	19	69
2903	19	70
2904	19	71
2905	19	72
2906	19	73
2907	7	8
2908	7	1131
2909	7	7
2910	7	1187
2911	7	1188
2912	7	1192
2913	7	1132
2914	7	1382
2915	7	1133
2916	7	1134
2917	7	1135
2918	7	1136
2919	7	1137
2920	7	1195
2921	7	1198
2922	7	1138
2923	7	1244
2924	7	1139
2925	7	1168
2926	7	1207
2927	7	1247
2928	7	1140
2929	7	1141
2930	7	1142
2931	7	1143
2932	7	1144
2933	7	1145
2934	7	1146
2935	7	1147
2936	7	1148
2937	7	1149
2938	7	1150
2939	7	1173
2940	7	1151
2941	7	1249
2942	7	1152
2943	7	1174
2944	7	1176
2945	7	1153
2946	7	1154
2947	7	1178
2948	7	1155
2949	7	1156
2950	7	1157
2951	7	1158
2952	7	1159
2953	7	1182
2954	7	1219
2955	7	1160
2956	7	1183
2957	51	761
2958	51	368
2959	51	367
2960	51	369
2961	51	927
2962	51	883
2963	51	887
2964	51	437
2965	51	370
2966	51	895
2967	51	371
2968	51	948
2969	51	372
2970	77	1593
2971	77	1592
2972	77	1594
2973	77	1595
2974	77	1596
2975	77	1623
2976	77	1597
2977	77	1598
2978	77	1599
2979	77	1600
2980	77	1601
2981	77	1602
2982	77	1614
2983	77	1615
2984	77	1616
2985	77	1617
2986	77	1636
2987	77	1626
2988	77	1638
2989	77	1618
2990	77	1619
2991	77	1620
2992	58	401
2993	58	333
2994	58	402
2995	58	680
2996	58	498
2997	58	499
2998	58	601
2999	58	500
3000	58	602
3001	58	770
3002	58	685
3003	58	916
3004	58	775
3005	58	328
3006	58	776
3007	58	778
3008	58	782
3009	58	783
3010	58	403
3011	58	687
3012	58	786
3013	58	603
3014	58	1453
3015	58	505
3016	58	691
3017	58	604
3018	58	605
3019	58	336
3020	58	923
3021	58	338
3022	58	511
3023	58	512
3024	58	513
3025	58	515
3026	58	606
3027	58	798
3028	58	799
3029	58	800
3030	58	361
3031	58	607
3032	58	516
3033	58	431
3034	58	885
3035	58	344
3036	58	590
3037	58	807
3038	58	808
3039	58	345
3040	58	433
3041	58	702
3042	58	812
3043	58	704
3044	58	523
3045	58	935
3046	58	815
3047	58	821
3048	58	608
3049	58	527
3050	58	347
3051	58	708
3052	58	529
3053	58	828
3054	58	829
3055	58	710
3056	58	530
3057	58	531
3058	58	532
3059	58	348
3060	58	714
3061	58	533
3062	58	609
3063	58	349
3064	58	717
3065	58	536
3066	58	834
3067	58	458
3068	58	459
3069	58	838
3070	58	461
3071	58	721
3072	58	537
3073	58	538
3074	58	539
3075	58	541
3076	58	454
3077	58	544
3078	58	463
3079	58	846
3080	58	545
3081	58	547
3082	58	466
3083	58	1460
3084	58	469
3085	58	610
3086	58	471
3087	58	548
3088	58	472
3089	58	554
3090	58	555
3091	58	556
3092	58	557
3093	58	850
3094	58	611
3095	58	478
3096	58	558
3097	58	479
3098	58	559
3099	58	736
3100	58	737
3101	58	560
3102	58	741
3103	58	612
3104	58	371
3105	58	613
3106	58	614
3107	58	615
3108	58	595
3109	58	489
3110	58	616
3111	58	570
3112	58	573
3113	58	575
3114	58	617
3115	58	492
3116	58	618
3117	58	578
3118	58	580
3119	58	898
3120	58	495
3121	58	638
3122	58	619
3123	58	872
3124	59	401
3125	59	333
3126	59	402
3127	59	680
3128	59	498
3129	59	499
3130	59	601
3131	59	500
3132	59	602
3133	59	770
3134	59	685
3135	59	916
3136	59	775
3137	59	328
3138	59	776
3139	59	778
3140	59	782
3141	59	783
3142	59	403
3143	59	687
3144	59	786
3145	59	603
3146	59	1453
3147	59	505
3148	59	691
3149	59	604
3150	59	605
3151	59	336
3152	59	923
3153	59	338
3154	59	511
3155	59	512
3156	59	513
3157	59	515
3158	59	606
3159	59	798
3160	59	799
3161	59	800
3162	59	361
3163	59	607
3164	59	516
3165	59	431
3166	59	885
3167	59	344
3168	59	590
3169	59	807
3170	59	808
3171	59	345
3172	59	433
3173	59	702
3174	59	812
3175	59	704
3176	59	523
3177	59	935
3178	59	815
3179	59	821
3180	59	608
3181	59	527
3182	59	347
3183	59	708
3184	59	529
3185	59	828
3186	59	829
3187	59	710
3188	59	530
3189	59	531
3190	59	532
3191	59	348
3192	59	714
3193	59	533
3194	59	609
3195	59	349
3196	59	717
3197	59	536
3198	59	834
3199	59	458
3200	59	459
3201	59	838
3202	59	461
3203	59	721
3204	59	537
3205	59	538
3206	59	539
3207	59	541
3208	59	454
3209	59	544
3210	59	463
3211	59	846
3212	59	545
3213	59	547
3214	59	466
3215	59	1460
3216	59	469
3217	59	610
3218	59	471
3219	59	548
3220	59	472
3221	59	554
3222	59	555
3223	59	556
3224	59	557
3225	59	850
3226	59	611
3227	59	478
3228	59	558
3229	59	479
3230	59	559
3231	59	736
3232	59	737
3233	59	560
3234	59	741
3235	59	612
3236	59	371
3237	59	613
3238	59	614
3239	59	615
3240	59	595
3241	59	489
3242	59	616
3243	59	570
3244	59	573
3245	59	575
3246	59	617
3247	59	492
3248	59	618
3249	59	578
3250	59	580
3251	59	898
3252	59	495
3253	59	638
3254	59	619
3255	59	872
3256	76	1603
3257	76	1604
3258	76	1605
3259	76	1606
3260	76	1607
3261	76	1602
3262	76	1608
3263	76	1609
3264	76	1610
3265	76	1619
3266	76	1641
3267	76	1611
3268	76	1612
3269	76	1613
3270	33	168
3271	33	230
3272	33	169
3273	33	185
3274	33	170
3275	33	171
3276	33	172
3277	69	8
3278	69	1227
3279	69	5
3280	69	1162
3281	69	1189
3282	69	99
3283	69	1238
3284	69	100
3285	69	1134
3286	69	1087
3287	69	1194
3288	69	1222
3289	69	280
3290	69	1127
3291	69	1139
3292	69	1106
3293	69	1202
3294	69	1005
3295	69	1203
3296	69	1205
3297	69	1206
3298	69	1140
3299	69	1142
3300	69	1143
3301	69	1144
3302	69	283
3303	69	285
3304	69	1146
3305	69	1147
3306	69	1228
3307	69	286
3308	69	1012
3309	69	1149
3310	69	287
3311	69	288
3312	69	1150
3313	69	1229
3314	69	1210
3315	69	213
3316	69	1230
3317	69	1174
3318	69	1231
3319	69	1214
3320	69	1153
3321	69	107
3322	69	1232
3323	69	1178
3324	69	1233
3325	69	1234
3326	69	1157
3327	69	112
3328	69	1159
3329	69	1182
3330	69	1123
3331	66	10
3332	66	28
3333	66	1162
3334	66	38
3335	66	1085
3336	66	1098
3337	66	1240
3338	66	1100
3339	66	1086
3340	66	1087
3341	66	1243
3342	66	280
3343	66	132
3344	66	1271
3345	66	1008
3346	66	135
3347	66	1389
3348	66	1277
3349	66	1009
3350	66	1010
3351	66	1111
3352	66	1052
3353	66	1397
3354	66	1280
3355	66	1088
3356	66	286
3357	66	1283
3358	66	1011
3359	66	287
3360	66	1055
3361	66	1013
3362	66	1286
3363	66	1288
3364	66	1289
3365	66	1292
3366	66	1089
3367	66	1017
3368	66	1296
3369	66	1297
3370	66	1061
3371	66	1300
3372	66	1303
3373	66	1304
3374	66	1308
3375	66	1309
3376	66	213
3377	66	1310
3378	66	1312
3379	66	1315
3380	66	1414
3381	66	1317
3382	66	1318
3383	66	1319
3384	66	1321
3385	66	214
3386	66	1322
3387	66	1326
3388	66	1327
3389	66	1020
3390	66	1328
3391	66	1329
3392	66	1331
3393	66	1333
3394	66	1334
3395	66	1335
3396	66	1337
3397	66	1338
3398	66	1022
3399	66	1339
3400	66	1341
3401	66	1023
3402	66	1343
3403	66	1024
3404	66	290
3405	66	1348
3406	66	1066
3407	66	1067
3408	66	1350
3409	66	1068
3410	66	295
3411	66	1356
3412	66	1090
3413	66	1357
3414	66	1091
3415	66	1092
3416	66	1080
3417	66	1438
3418	66	1093
3419	66	221
3420	66	1043
3421	66	1369
3422	66	1094
3423	66	1372
3424	66	1125
3425	64	29
3426	64	300
3427	64	19
3428	64	1033
3429	64	28
3430	64	1235
3431	64	14
3432	64	226
3433	64	82
3434	64	75
3435	64	1034
3436	64	1259
3437	64	1075
3438	64	1035
3439	64	307
3440	64	266
3441	64	34
3442	64	1048
3443	64	121
3444	64	1241
3445	64	310
3446	64	1008
3447	64	1050
3448	64	122
3449	64	1274
3450	64	269
3451	64	1275
3452	64	1010
3453	64	1052
3454	64	1279
3455	64	1283
3456	64	1012
3457	64	1057
3458	64	1036
3459	64	1286
3460	64	1288
3461	64	1290
3462	64	1296
3463	64	1061
3464	64	1300
3465	64	1037
3466	64	1302
3467	64	1304
3468	64	1307
3469	64	1308
3470	64	1309
3471	64	1311
3472	64	1312
3473	64	1313
3474	64	1062
3475	64	1038
3476	64	1063
3477	64	1317
3478	64	1318
3479	64	1319
3480	64	1320
3481	64	1321
3482	64	1322
3483	64	1323
3484	64	1326
3485	64	1327
3486	64	1020
3487	64	1329
3488	64	1333
3489	64	1334
3490	64	1335
3491	64	1039
3492	64	1347
3493	64	1078
3494	64	1068
3495	64	60
3496	64	253
3497	64	1354
3498	64	1040
3499	64	170
3500	64	1251
3501	64	1041
3502	64	1070
3503	64	1042
3504	64	1043
3505	64	128
3506	64	1029
3507	64	1044
3508	64	1030
3509	64	1372
3510	64	1072
3511	64	276
3512	64	1032
3513	64	1256
3514	64	1045
3515	72	1576
3516	72	1577
3517	72	1578
3518	72	1579
3519	72	1580
3520	72	1581
3521	72	1582
3522	72	1583
3523	72	1584
3524	72	1585
3525	30	98
3526	30	1185
3527	30	1186
3528	30	1187
3529	30	97
3530	30	1189
3531	30	99
3532	30	1237
3533	30	1190
3534	30	1191
3535	30	1192
3536	30	100
3537	30	1193
3538	30	1194
3539	30	1137
3540	30	1102
3541	30	1195
3542	30	101
3543	30	1197
3544	30	1267
3545	30	1198
3546	30	1199
3547	30	1200
3548	30	1201
3549	30	1244
3550	30	102
3551	30	103
3552	30	1005
3553	30	1207
3554	30	1140
3555	30	1142
3556	30	1110
3557	30	1144
3558	30	117
3559	30	1150
3560	30	104
3561	30	105
3562	30	106
3563	30	107
3564	30	108
3565	30	109
3566	30	110
3567	30	111
3568	30	112
3569	30	1219
3570	30	113
3571	30	1442
3572	30	114
3573	30	115
3574	30	1160
3575	30	1220
3576	30	1123
3577	30	116
3578	37	15
3579	37	1187
3580	37	293
3581	37	1259
3582	37	307
3583	37	279
3584	37	102
3585	37	1050
3586	37	1109
3587	37	1276
3588	37	294
3589	37	283
3590	37	1051
3591	37	1146
3592	37	1147
3593	37	1012
3594	37	150
3595	37	1149
3596	37	288
3597	37	1059
3598	37	1015
3599	37	1016
3600	37	154
3601	37	155
3602	37	1062
3603	37	1063
3604	37	1026
3605	37	295
3606	37	125
3607	37	296
3608	37	297
3609	37	111
3610	37	298
3611	37	299
3612	4	4
3613	4	5
3614	4	1235
3615	4	1378
3616	4	1236
3617	4	1237
3618	4	1380
3619	4	1238
3620	4	1239
3621	4	1240
3622	4	1265
3623	4	1266
3624	4	1241
3625	4	1242
3626	4	1243
3627	4	1268
3628	4	1384
3629	4	1244
3630	4	1245
3631	4	1246
3632	4	1247
3633	4	1391
3634	4	1392
3635	4	1278
3636	4	1396
3637	4	1248
3638	4	1400
3639	4	1401
3640	4	1402
3641	4	1403
3642	4	1404
3643	4	1295
3644	4	1405
3645	4	1406
3646	4	1407
3647	4	1409
3648	4	1410
3649	4	1413
3650	4	1316
3651	4	1324
3652	4	1330
3653	4	1332
3654	4	1336
3655	4	1421
3656	4	1249
3657	4	1422
3658	4	1340
3659	4	1424
3660	4	1426
3661	4	1427
3662	4	1428
3663	4	1344
3664	4	1430
3665	4	1431
3666	4	1432
3667	4	1250
3668	4	1359
3669	4	1251
3670	4	1360
3671	4	1436
3672	4	1361
3673	4	1252
3674	4	1439
3675	4	1253
3676	4	1254
3677	4	1440
3678	4	1441
3679	4	1255
3680	4	1443
3681	4	1444
3682	4	1445
3683	4	1375
3684	4	1256
3685	4	1377
\.


--
-- Data for Name: period; Type: TABLE DATA; Schema: public; Owner: postgres
--

COPY public.period (id, "time", duration, penalty) FROM stdin;
1	2005-11-19 09:30:00	130	0
2	2005-11-21 09:00:00	190	0
3	2005-11-21 14:00:00	190	0
4	2005-11-22 09:00:00	190	0
5	2005-11-22 14:00:00	190	0
6	2005-11-23 09:00:00	190	0
7	2005-11-23 14:00:00	190	0
8	2005-11-24 09:00:00	190	0
9	2005-11-24 14:00:00	190	0
10	2005-11-25 09:00:00	190	0
11	2005-11-25 14:00:00	190	0
12	2005-11-26 09:30:00	190	0
\.


--
-- Data for Name: period_room; Type: TABLE DATA; Schema: public; Owner: postgres
--

COPY public.period_room (id, period_id, room_id) FROM stdin;
1	12	1
2	3	27
3	7	3
4	10	35
5	9	40
6	4	35
7	11	17
8	5	30
9	1	36
10	2	49
11	8	37
12	6	19
\.


--
-- Data for Name: room; Type: TABLE DATA; Schema: public; Owner: postgres
--

COPY public.room (id, capacity, penalty) FROM stdin;
1	20	0
2	20	0
3	26	0
4	28	100
5	20	100
6	32	100
7	28	0
8	42	100
9	28	100
10	20	0
11	28	100
12	32	100
13	24	0
14	28	0
15	13	0
16	37	0
17	13	0
18	24	0
19	75	0
20	37	0
21	37	0
22	22	0
23	22	0
24	20	0
25	20	0
26	13	0
27	17	0
28	17	0
29	24	0
30	17	0
31	107	0
32	175	0
33	13	0
34	14	0
35	24	0
36	24	0
37	30	0
38	20	0
39	20	0
40	16	0
41	16	0
42	30	0
43	30	0
44	33	0
45	33	0
46	28	0
47	28	0
48	28	0
49	40	0
50	32	0
\.


--
-- Data for Name: student; Type: TABLE DATA; Schema: public; Owner: postgres
--

COPY public.student (id, number) FROM stdin;
1	17
2	10
3	9
4	29
5	66
6	2
7	63
8	7
9	16
10	37
11	3
12	48
13	78
14	91
15	4
16	191
17	157
18	410
19	18
20	378
21	219
22	240
23	255
24	1483
25	11
26	19
27	27
28	70
29	6
30	292
31	415
32	459
33	1234
34	279
35	439
36	1467
37	1522
38	120
39	226
40	257
41	301
42	364
43	411
44	470
45	509
46	575
47	579
48	640
49	651
50	679
51	690
52	715
53	745
54	833
55	852
56	1022
57	1103
58	1157
59	1198
60	1232
61	1235
62	1249
63	1250
64	1308
65	1407
66	1426
67	1513
68	1564
69	1565
70	1588
71	1623
72	1649
73	1651
74	31
75	134
76	403
77	485
78	588
79	767
80	1183
81	1227
82	130
83	231
84	309
85	1119
86	1272
87	1352
88	1388
89	1511
90	431
91	57
92	59
93	168
94	235
95	203
96	26
97	71
98	1
99	116
100	201
101	312
102	398
103	412
104	1220
105	1242
106	1269
107	1323
108	1363
109	1372
110	1447
111	1478
112	1504
113	1521
114	1538
115	1541
116	1633
117	779
118	1100
119	1470
120	261
121	288
122	524
123	830
124	1309
125	1417
126	1423
127	1495
128	1524
129	377
130	389
131	421
132	430
133	451
134	487
135	533
136	1273
137	1348
138	295
139	420
140	447
141	484
142	522
143	527
144	587
145	594
146	629
147	647
148	706
149	733
150	740
151	774
152	815
153	840
154	892
155	912
156	919
157	922
158	992
159	1041
160	1200
161	1336
162	1405
163	1585
164	1610
165	1612
166	1627
167	81
168	372
169	1243
170	1287
171	1436
172	1549
173	453
174	500
175	696
176	697
177	925
178	941
179	1020
180	1109
181	1127
182	1153
183	1173
184	1188
185	1248
186	1283
187	1314
188	1340
189	1385
190	1403
191	1429
192	1547
193	230
194	419
195	426
196	455
197	1076
198	1546
199	1640
200	605
201	708
202	1354
203	1494
204	1539
205	1558
206	1595
207	1608
208	780
209	786
210	805
211	809
212	972
213	974
214	1042
215	1132
216	1154
217	1171
218	1274
219	1456
220	1485
221	1496
222	1501
223	1598
224	1328
225	49
226	101
227	284
228	285
229	304
230	558
231	601
232	621
233	652
234	1254
235	1505
236	1519
237	446
238	474
239	532
240	702
241	714
242	806
243	841
244	1067
245	1083
246	1091
247	1113
248	1133
249	1162
250	1182
251	1187
252	1204
253	1236
254	1350
255	1386
256	1431
257	409
258	1578
259	1451
260	1594
261	1605
262	170
263	198
264	216
265	227
266	254
267	275
268	465
269	547
270	572
271	772
272	812
273	959
274	965
275	1316
276	1599
277	343
278	348
279	354
280	361
281	414
282	472
283	606
284	625
285	641
286	713
287	763
288	784
289	838
290	1184
291	1285
292	1302
293	167
294	578
295	1255
296	1434
297	1475
298	1574
299	1617
300	15
301	50
302	67
303	85
304	102
305	115
306	207
307	242
308	251
309	310
310	352
311	14
312	13
313	22
314	33
315	60
316	72
317	35
318	20
319	23
320	32
321	38
322	56
323	144
324	169
325	180
326	25
327	135
328	236
329	21
330	79
331	41
332	64
333	93
334	126
335	155
336	427
337	442
338	443
339	483
340	526
341	598
342	611
343	612
344	630
345	674
346	732
347	807
348	857
349	884
350	128
351	194
352	8
353	114
354	244
355	302
356	314
357	337
358	376
359	416
360	561
361	584
362	620
363	781
364	820
365	836
366	848
367	122
368	61
369	154
370	1247
371	1320
372	1624
373	148
374	206
375	320
376	460
377	491
378	648
379	1334
380	1369
381	1390
382	1415
383	1450
384	1502
385	1517
386	160
387	175
388	224
389	232
390	233
391	247
392	353
393	382
394	417
395	482
396	519
397	550
398	574
399	738
400	742
401	75
402	94
403	300
404	166
405	303
406	1276
407	341
408	397
409	0
410	12
411	24
412	43
413	123
414	179
415	274
416	565
417	671
418	718
419	765
420	1244
421	1284
422	1303
423	1315
424	1422
425	1432
426	1536
427	467
428	468
429	471
430	525
431	616
432	623
433	681
434	1377
435	1338
436	1359
437	867
438	910
439	1024
440	1297
441	1427
442	1551
443	1614
444	769
445	367
446	374
447	1529
448	1619
449	406
450	445
451	481
452	520
453	583
454	993
455	1229
456	1641
457	895
458	911
459	917
460	921
461	929
462	954
463	1013
464	1050
465	1058
466	1079
467	1090
468	1097
469	1098
470	1099
471	1111
472	1121
473	1125
474	1131
475	1140
476	1161
477	1168
478	1172
479	1178
480	1179
481	1189
482	1279
483	1317
484	1401
485	1413
486	1440
487	1448
488	1454
489	1458
490	1471
491	1487
492	1545
493	1552
494	1561
495	1606
496	95
497	99
498	110
499	117
500	151
501	156
502	318
503	325
504	334
505	360
506	369
507	394
508	476
509	501
510	505
511	506
512	508
513	521
514	548
515	555
516	607
517	610
518	614
519	617
520	636
521	650
522	666
523	711
524	722
525	728
526	752
527	788
528	793
529	814
530	837
531	846
532	854
533	864
534	874
535	879
536	897
537	946
538	947
539	957
540	979
541	982
542	991
543	995
544	1002
545	1018
546	1049
547	1059
548	1114
549	1120
550	1122
551	1123
552	1124
553	1130
554	1144
555	1148
556	1150
557	1152
558	1176
559	1180
560	1193
561	1195
562	1202
563	1228
564	1282
565	1313
566	1332
567	1360
568	1366
569	1410
570	1476
571	1482
572	1488
573	1491
574	1492
575	1500
576	1527
577	1540
578	1570
579	1571
580	1580
581	1648
582	212
583	241
584	268
585	328
586	437
587	469
588	478
589	537
590	633
591	845
592	1231
593	1277
594	1286
595	1420
596	1452
597	1577
598	1634
599	1642
600	1647
601	146
602	171
603	324
604	402
605	424
606	556
607	596
608	771
609	869
610	1104
611	1167
612	1299
613	1370
614	1376
615	1412
616	1472
617	1543
618	1566
619	1626
620	264
621	340
622	342
623	346
624	350
625	356
626	358
627	386
628	428
629	727
630	856
631	1260
632	1289
633	1296
634	1301
635	1311
636	1362
637	1384
638	1609
639	1628
640	1638
641	209
642	228
643	313
644	329
645	357
646	362
647	425
648	434
649	463
650	477
651	498
652	503
653	513
654	514
655	570
656	654
657	656
658	657
659	659
660	680
661	693
662	703
663	726
664	739
665	741
666	766
667	773
668	778
669	782
670	790
671	989
672	1233
673	1392
674	1484
675	1506
676	1644
677	51
678	82
679	83
680	107
681	118
682	132
683	145
684	152
685	185
686	272
687	308
688	335
689	359
690	366
691	381
692	392
693	393
694	400
695	423
696	444
697	494
698	496
699	517
700	562
701	618
702	682
703	698
704	704
705	751
706	800
707	802
708	813
709	822
710	823
711	824
712	834
713	851
714	861
715	862
716	881
717	886
718	896
719	899
720	927
721	935
722	953
723	1001
724	1017
725	1055
726	1062
727	1077
728	1082
729	1089
730	1108
731	1128
732	1139
733	1151
734	1164
735	1174
736	1181
737	1186
738	1191
739	1192
740	1210
741	1215
742	1225
743	1258
744	1278
745	1319
746	1324
747	1326
748	1339
749	1341
750	1346
751	1380
752	1389
753	1411
754	1419
755	1439
756	1514
757	1600
758	1607
759	1622
760	46
761	54
762	89
763	92
764	103
765	121
766	125
767	131
768	133
769	173
770	174
771	197
772	199
773	204
774	205
775	220
776	239
777	249
778	266
779	267
780	270
781	271
782	278
783	281
784	298
785	316
786	321
787	331
788	365
789	368
790	380
791	418
792	449
793	511
794	538
795	551
796	557
797	560
798	563
799	573
800	576
801	591
802	592
803	602
804	604
805	624
806	660
807	662
808	669
809	672
810	675
811	676
812	686
813	687
814	700
815	731
816	735
817	746
818	753
819	760
820	762
821	764
822	768
823	789
824	791
825	794
826	797
827	818
828	819
829	821
830	858
831	871
832	902
833	904
834	907
835	908
836	920
837	924
838	926
839	937
840	940
841	976
842	978
843	983
844	990
845	1012
846	1014
847	1016
848	1021
849	1023
850	1155
851	1208
852	1214
853	1226
854	1280
855	1281
856	1358
857	1371
858	1381
859	1397
860	1408
861	1433
862	1453
863	1489
864	1537
865	1562
866	1572
867	1582
868	1589
869	1590
870	1601
871	1604
872	1632
873	1650
874	87
875	109
876	153
877	196
878	213
879	293
880	297
881	429
882	436
883	559
884	597
885	622
886	631
887	673
888	712
889	723
890	758
891	1081
892	1138
893	1240
894	1257
895	1300
896	1516
897	1554
898	1586
899	1602
900	124
901	326
902	918
903	981
904	1086
905	1194
906	1230
907	1291
908	1532
909	1592
910	36
911	39
912	40
913	77
914	147
915	165
916	215
917	286
918	294
919	332
920	339
921	390
922	401
923	433
924	490
925	497
926	518
927	552
928	553
929	566
930	569
931	613
932	637
933	721
934	724
935	729
936	770
937	785
938	828
939	873
940	898
941	984
942	1241
943	1245
944	1290
945	1294
946	1368
947	1393
948	1414
949	1460
950	1461
951	1464
952	1621
953	55
954	188
955	190
956	192
957	211
958	287
959	399
960	667
961	749
962	757
963	844
964	849
965	850
966	1088
967	1261
968	1321
969	1327
970	1351
971	1375
972	1509
973	1542
974	1553
975	1557
976	1616
977	30
978	100
979	104
980	111
981	159
982	162
983	193
984	210
985	214
986	237
987	238
988	276
989	283
990	457
991	530
992	535
993	536
994	589
995	593
996	701
997	737
998	743
999	747
1000	1252
1001	1357
1002	1383
1003	1394
1004	387
1005	452
1006	464
1007	479
1008	493
1009	580
1010	609
1011	725
1012	730
1013	810
1014	859
1015	875
1016	876
1017	878
1018	928
1019	985
1020	1057
1021	1106
1022	1110
1023	1143
1024	1163
1025	1223
1026	1239
1027	1404
1028	1457
1029	1530
1030	1548
1031	1575
1032	1611
1033	44
1034	182
1035	229
1036	808
1037	931
1038	1000
1039	1160
1040	1275
1041	1437
1042	1481
1043	1523
1044	1531
1045	1645
1046	195
1047	269
1048	280
1049	462
1050	515
1051	632
1052	642
1053	699
1054	720
1055	776
1056	777
1057	783
1058	826
1059	839
1060	900
1061	914
1062	999
1063	1005
1064	1107
1065	1196
1066	1206
1067	1207
1068	1221
1069	1331
1070	1438
1071	1526
1072	1596
1073	1618
1074	1631
1075	223
1076	405
1077	1118
1078	1218
1079	1337
1080	1356
1081	1528
1082	127
1083	422
1084	1353
1085	136
1086	208
1087	245
1088	705
1089	877
1090	1268
1091	1329
1092	1347
1093	1409
1094	1568
1095	42
1096	68
1097	139
1098	150
1099	183
1100	184
1101	200
1102	296
1103	375
1104	385
1105	404
1106	408
1107	461
1108	475
1109	543
1110	595
1111	635
1112	923
1113	1237
1114	1265
1115	1418
1116	1442
1117	1449
1118	1466
1119	1534
1120	1559
1121	1581
1122	1629
1123	1630
1124	1637
1125	1643
1126	62
1127	388
1128	863
1129	1343
1130	1446
1131	58
1132	178
1133	217
1134	243
1135	250
1136	258
1137	290
1138	383
1139	407
1140	544
1141	545
1142	546
1143	581
1144	599
1145	638
1146	653
1147	668
1148	689
1149	756
1150	905
1151	934
1152	1222
1153	1293
1154	1342
1155	1400
1156	1465
1157	1493
1158	1503
1159	1510
1160	1569
1161	73
1162	86
1163	187
1164	307
1165	330
1166	338
1167	435
1168	448
1169	473
1170	688
1171	792
1172	798
1173	916
1174	1253
1175	1266
1176	1292
1177	1345
1178	1379
1179	1391
1180	1473
1181	1477
1182	1515
1183	1597
1184	1639
1185	28
1186	34
1187	69
1188	80
1189	90
1190	129
1191	137
1192	161
1193	234
1194	253
1195	306
1196	315
1197	317
1198	323
1199	344
1200	355
1201	395
1202	450
1203	454
1204	456
1205	480
1206	486
1207	489
1208	661
1209	678
1210	973
1211	1096
1212	1136
1213	1267
1214	1288
1215	1310
1216	1398
1217	1428
1218	1497
1219	1518
1220	1587
1221	218
1222	262
1223	677
1224	1355
1225	1567
1226	1603
1227	65
1228	683
1229	932
1230	1246
1231	1270
1232	1378
1233	1445
1234	1469
1235	76
1236	108
1237	119
1238	164
1239	176
1240	181
1241	305
1242	311
1243	327
1244	396
1245	413
1246	488
1247	540
1248	685
1249	1101
1250	1306
1251	1322
1252	1373
1253	1435
1254	1474
1255	1507
1256	1620
1257	105
1258	149
1259	186
1260	221
1261	222
1262	265
1263	277
1264	282
1265	289
1266	291
1267	319
1268	333
1269	347
1270	373
1271	441
1272	466
1273	512
1274	531
1275	567
1276	568
1277	577
1278	634
1279	649
1280	664
1281	670
1282	691
1283	716
1284	750
1285	801
1286	816
1287	827
1288	829
1289	831
1290	832
1291	842
1292	847
1293	865
1294	866
1295	872
1296	893
1297	894
1298	909
1299	913
1300	930
1301	938
1302	939
1303	942
1304	945
1305	948
1306	952
1307	956
1308	961
1309	966
1310	975
1311	977
1312	988
1313	994
1314	997
1315	998
1316	1004
1317	1006
1318	1008
1319	1019
1320	1039
1321	1040
1322	1043
1323	1044
1324	1045
1325	1051
1326	1053
1327	1054
1328	1063
1329	1065
1330	1069
1331	1070
1332	1072
1333	1073
1334	1074
1335	1075
1336	1085
1337	1087
1338	1092
1339	1117
1340	1126
1341	1129
1342	1145
1343	1156
1344	1158
1345	1159
1346	1165
1347	1169
1348	1197
1349	1205
1350	1209
1351	1219
1352	1224
1353	1256
1354	1259
1355	1262
1356	1264
1357	1295
1358	1305
1359	1312
1360	1333
1361	1349
1362	1365
1363	1367
1364	1399
1365	1402
1366	1406
1367	1430
1368	1512
1369	1555
1370	1560
1371	1579
1372	1583
1373	1591
1374	1593
1375	1613
1376	1625
1377	1636
1378	96
1379	113
1380	142
1381	158
1382	202
1383	299
1384	345
1385	458
1386	499
1387	523
1388	534
1389	541
1390	554
1391	564
1392	590
1393	626
1394	627
1395	628
1396	655
1397	658
1398	665
1399	748
1400	754
1401	755
1402	796
1403	843
1404	870
1405	880
1406	888
1407	943
1408	949
1409	950
1410	955
1411	958
1412	964
1413	986
1414	1003
1415	1007
1416	1046
1417	1047
1418	1048
1419	1068
1420	1084
1421	1094
1422	1102
1423	1105
1424	1134
1425	1137
1426	1141
1427	1147
1428	1149
1429	1177
1430	1185
1431	1203
1432	1217
1433	1238
1434	1298
1435	1335
1436	1344
1437	1361
1438	1387
1439	1395
1440	1490
1441	1499
1442	1525
1443	1573
1444	1576
1445	1584
1446	1646
1447	1652
1448	45
1449	47
1450	84
1451	172
1452	246
1453	349
1454	384
1455	502
1456	663
1457	759
1458	799
1459	1064
1460	1080
1461	1115
1462	1508
1463	1556
1464	1615
1465	53
1466	98
1467	259
1468	322
1469	336
1470	351
1471	363
1472	370
1473	371
1474	379
1475	432
1476	492
1477	495
1478	510
1479	528
1480	539
1481	571
1482	582
1483	585
1484	586
1485	603
1486	608
1487	615
1488	639
1489	643
1490	644
1491	645
1492	646
1493	684
1494	694
1495	707
1496	710
1497	717
1498	761
1499	787
1500	795
1501	804
1502	825
1503	835
1504	853
1505	855
1506	882
1507	883
1508	885
1509	890
1510	915
1511	944
1512	951
1513	960
1514	962
1515	963
1516	967
1517	968
1518	969
1519	970
1520	980
1521	987
1522	996
1523	1009
1524	1010
1525	1011
1526	1025
1527	1026
1528	1029
1529	1052
1530	1061
1531	1066
1532	1078
1533	1216
1534	1263
1535	1304
1536	1459
1537	1462
1538	1463
1539	1486
1540	1520
1541	1533
1542	1563
1543	1635
1544	177
1545	189
1546	516
1547	619
1548	695
1549	709
1550	803
1551	811
1552	868
1553	887
1554	891
1555	901
1556	903
1557	936
1558	1015
1559	1027
1560	1028
1561	1030
1562	1031
1563	1032
1564	1033
1565	1034
1566	1035
1567	1036
1568	1037
1569	1056
1570	1112
1571	1190
1572	1199
1573	1325
1574	1382
1575	1416
1576	106
1577	138
1578	140
1579	141
1580	143
1581	256
1582	1271
1583	1318
1584	1468
1585	1550
1586	97
1587	263
1588	529
1589	744
1590	817
1591	52
1592	88
1593	5
1594	163
1595	225
1596	273
1597	549
1598	600
1599	719
1600	736
1601	775
1602	860
1603	74
1604	438
1605	440
1606	692
1607	734
1608	889
1609	971
1610	1095
1611	1421
1612	1441
1613	1498
1614	906
1615	1038
1616	1060
1617	1071
1618	1166
1619	1170
1620	1443
1621	248
1622	260
1623	507
1624	542
1625	1116
1626	1142
1627	1211
1628	1251
1629	1364
1630	1424
1631	1425
1632	1479
1633	1480
1634	1535
1635	933
1636	1093
1637	1135
1638	1146
1639	1175
1640	1201
1641	1212
1642	1213
1643	1307
1644	1396
1645	1444
1646	1455
1647	1544
1648	112
1649	252
1650	391
1651	504
1652	1330
1653	1374
\.


--
-- Name: exam_id_seq; Type: SEQUENCE SET; Schema: public; Owner: postgres
--

SELECT pg_catalog.setval('public.exam_id_seq', 78, true);


--
-- Name: exam_period_id_seq; Type: SEQUENCE SET; Schema: public; Owner: postgres
--

SELECT pg_catalog.setval('public.exam_period_id_seq', 78, true);


--
-- Name: exam_student_id_seq; Type: SEQUENCE SET; Schema: public; Owner: postgres
--

SELECT pg_catalog.setval('public.exam_student_id_seq', 3685, true);


--
-- Name: period_id_seq; Type: SEQUENCE SET; Schema: public; Owner: postgres
--

SELECT pg_catalog.setval('public.period_id_seq', 12, true);


--
-- Name: period_room_id_seq; Type: SEQUENCE SET; Schema: public; Owner: postgres
--

SELECT pg_catalog.setval('public.period_room_id_seq', 12, true);


--
-- Name: room_id_seq; Type: SEQUENCE SET; Schema: public; Owner: postgres
--

SELECT pg_catalog.setval('public.room_id_seq', 50, true);


--
-- Name: student_id_seq; Type: SEQUENCE SET; Schema: public; Owner: postgres
--

SELECT pg_catalog.setval('public.student_id_seq', 1653, true);


--
-- Name: exam_period exam_period_pkey; Type: CONSTRAINT; Schema: public; Owner: postgres
--

ALTER TABLE ONLY public.exam_period
    ADD CONSTRAINT exam_period_pkey PRIMARY KEY (id);


--
-- Name: exam exam_pkey; Type: CONSTRAINT; Schema: public; Owner: postgres
--

ALTER TABLE ONLY public.exam
    ADD CONSTRAINT exam_pkey PRIMARY KEY (id);


--
-- Name: exam_student exam_student_pkey; Type: CONSTRAINT; Schema: public; Owner: postgres
--

ALTER TABLE ONLY public.exam_student
    ADD CONSTRAINT exam_student_pkey PRIMARY KEY (id);


--
-- Name: period period_pkey; Type: CONSTRAINT; Schema: public; Owner: postgres
--

ALTER TABLE ONLY public.period
    ADD CONSTRAINT period_pkey PRIMARY KEY (id);


--
-- Name: period_room period_room_pkey; Type: CONSTRAINT; Schema: public; Owner: postgres
--

ALTER TABLE ONLY public.period_room
    ADD CONSTRAINT period_room_pkey PRIMARY KEY (id);


--
-- Name: room room_pkey; Type: CONSTRAINT; Schema: public; Owner: postgres
--

ALTER TABLE ONLY public.room
    ADD CONSTRAINT room_pkey PRIMARY KEY (id);


--
-- Name: student student_pkey; Type: CONSTRAINT; Schema: public; Owner: postgres
--

ALTER TABLE ONLY public.student
    ADD CONSTRAINT student_pkey PRIMARY KEY (id);


--
-- Name: exam_period exam_period_exam_id_fkey; Type: FK CONSTRAINT; Schema: public; Owner: postgres
--

ALTER TABLE ONLY public.exam_period
    ADD CONSTRAINT exam_period_exam_id_fkey FOREIGN KEY (exam_id) REFERENCES public.exam(id) ON DELETE CASCADE;


--
-- Name: exam_period exam_period_period_id_fkey; Type: FK CONSTRAINT; Schema: public; Owner: postgres
--

ALTER TABLE ONLY public.exam_period
    ADD CONSTRAINT exam_period_period_id_fkey FOREIGN KEY (period_id) REFERENCES public.period(id) ON DELETE CASCADE;


--
-- Name: exam_student exam_student_exam_id_fkey; Type: FK CONSTRAINT; Schema: public; Owner: postgres
--

ALTER TABLE ONLY public.exam_student
    ADD CONSTRAINT exam_student_exam_id_fkey FOREIGN KEY (exam_id) REFERENCES public.exam(id) ON DELETE CASCADE;


--
-- Name: exam_student exam_student_student_id_fkey; Type: FK CONSTRAINT; Schema: public; Owner: postgres
--

ALTER TABLE ONLY public.exam_student
    ADD CONSTRAINT exam_student_student_id_fkey FOREIGN KEY (student_id) REFERENCES public.student(id) ON DELETE CASCADE;


--
-- Name: period_room period_room_period_id_fkey; Type: FK CONSTRAINT; Schema: public; Owner: postgres
--

ALTER TABLE ONLY public.period_room
    ADD CONSTRAINT period_room_period_id_fkey FOREIGN KEY (period_id) REFERENCES public.period(id) ON DELETE CASCADE;


--
-- Name: period_room period_room_room_id_fkey; Type: FK CONSTRAINT; Schema: public; Owner: postgres
--

ALTER TABLE ONLY public.period_room
    ADD CONSTRAINT period_room_room_id_fkey FOREIGN KEY (room_id) REFERENCES public.room(id) ON DELETE CASCADE;


--
-- PostgreSQL database dump complete
--

