--
-- PostgreSQL database dump
--

-- Dumped from database version 11.6 (Debian 11.6-1.pgdg90+1)
-- Dumped by pg_dump version 11.6 (Debian 11.6-1.pgdg90+1)

SET statement_timeout = 0;
SET lock_timeout = 0;
SET idle_in_transaction_session_timeout = 0;
SET client_encoding = 'UTF8';
SET standard_conforming_strings = on;
SELECT pg_catalog.set_config('search_path', '', false);
SET check_function_bodies = false;
SET xmloption = content;
SET client_min_messages = warning;
SET row_security = off;

SET default_tablespace = '';

SET default_with_oids = false;

--
-- Name: exam; Type: TABLE; Schema: public; Owner: postgres
--

CREATE TABLE public.exam (
    id integer NOT NULL,
    duration integer
);


ALTER TABLE public.exam OWNER TO postgres;

--
-- Name: exam_id_seq; Type: SEQUENCE; Schema: public; Owner: postgres
--

CREATE SEQUENCE public.exam_id_seq
    AS integer
    START WITH 1
    INCREMENT BY 1
    NO MINVALUE
    NO MAXVALUE
    CACHE 1;


ALTER TABLE public.exam_id_seq OWNER TO postgres;

--
-- Name: exam_id_seq; Type: SEQUENCE OWNED BY; Schema: public; Owner: postgres
--

ALTER SEQUENCE public.exam_id_seq OWNED BY public.exam.id;


--
-- Name: exam_period; Type: TABLE; Schema: public; Owner: postgres
--

CREATE TABLE public.exam_period (
    id integer NOT NULL,
    exam_id integer,
    period_id integer
);


ALTER TABLE public.exam_period OWNER TO postgres;

--
-- Name: exam_period_id_seq; Type: SEQUENCE; Schema: public; Owner: postgres
--

CREATE SEQUENCE public.exam_period_id_seq
    AS integer
    START WITH 1
    INCREMENT BY 1
    NO MINVALUE
    NO MAXVALUE
    CACHE 1;


ALTER TABLE public.exam_period_id_seq OWNER TO postgres;

--
-- Name: exam_period_id_seq; Type: SEQUENCE OWNED BY; Schema: public; Owner: postgres
--

ALTER SEQUENCE public.exam_period_id_seq OWNED BY public.exam_period.id;


--
-- Name: exam_student; Type: TABLE; Schema: public; Owner: postgres
--

CREATE TABLE public.exam_student (
    id integer NOT NULL,
    exam_id integer,
    student_id integer
);


ALTER TABLE public.exam_student OWNER TO postgres;

--
-- Name: exam_student_id_seq; Type: SEQUENCE; Schema: public; Owner: postgres
--

CREATE SEQUENCE public.exam_student_id_seq
    AS integer
    START WITH 1
    INCREMENT BY 1
    NO MINVALUE
    NO MAXVALUE
    CACHE 1;


ALTER TABLE public.exam_student_id_seq OWNER TO postgres;

--
-- Name: exam_student_id_seq; Type: SEQUENCE OWNED BY; Schema: public; Owner: postgres
--

ALTER SEQUENCE public.exam_student_id_seq OWNED BY public.exam_student.id;


--
-- Name: period; Type: TABLE; Schema: public; Owner: postgres
--

CREATE TABLE public.period (
    id integer NOT NULL,
    "time" timestamp without time zone,
    duration integer,
    penalty integer
);


ALTER TABLE public.period OWNER TO postgres;

--
-- Name: period_id_seq; Type: SEQUENCE; Schema: public; Owner: postgres
--

CREATE SEQUENCE public.period_id_seq
    AS integer
    START WITH 1
    INCREMENT BY 1
    NO MINVALUE
    NO MAXVALUE
    CACHE 1;


ALTER TABLE public.period_id_seq OWNER TO postgres;

--
-- Name: period_id_seq; Type: SEQUENCE OWNED BY; Schema: public; Owner: postgres
--

ALTER SEQUENCE public.period_id_seq OWNED BY public.period.id;


--
-- Name: period_room; Type: TABLE; Schema: public; Owner: postgres
--

CREATE TABLE public.period_room (
    id integer NOT NULL,
    period_id integer,
    room_id integer
);


ALTER TABLE public.period_room OWNER TO postgres;

--
-- Name: period_room_id_seq; Type: SEQUENCE; Schema: public; Owner: postgres
--

CREATE SEQUENCE public.period_room_id_seq
    AS integer
    START WITH 1
    INCREMENT BY 1
    NO MINVALUE
    NO MAXVALUE
    CACHE 1;


ALTER TABLE public.period_room_id_seq OWNER TO postgres;

--
-- Name: period_room_id_seq; Type: SEQUENCE OWNED BY; Schema: public; Owner: postgres
--

ALTER SEQUENCE public.period_room_id_seq OWNED BY public.period_room.id;


--
-- Name: room; Type: TABLE; Schema: public; Owner: postgres
--

CREATE TABLE public.room (
    id integer NOT NULL,
    capacity integer,
    penalty integer
);


ALTER TABLE public.room OWNER TO postgres;

--
-- Name: room_id_seq; Type: SEQUENCE; Schema: public; Owner: postgres
--

CREATE SEQUENCE public.room_id_seq
    AS integer
    START WITH 1
    INCREMENT BY 1
    NO MINVALUE
    NO MAXVALUE
    CACHE 1;


ALTER TABLE public.room_id_seq OWNER TO postgres;

--
-- Name: room_id_seq; Type: SEQUENCE OWNED BY; Schema: public; Owner: postgres
--

ALTER SEQUENCE public.room_id_seq OWNED BY public.room.id;


--
-- Name: staticheuristics; Type: VIEW; Schema: public; Owner: postgres
--

CREATE VIEW public.staticheuristics AS
 SELECT a.exam_id,
    b.student_id,
    b.exam_count,
    a.student_count
   FROM ( SELECT exam_student.exam_id,
            count(exam_student.student_id) AS student_count
           FROM public.exam_student
          GROUP BY exam_student.exam_id) a,
    ( SELECT exam_student.student_id,
            count(exam_student.exam_id) AS exam_count
           FROM public.exam_student
          GROUP BY exam_student.student_id) b
  ORDER BY b.exam_count DESC;


ALTER TABLE public.staticheuristics OWNER TO postgres;

--
-- Name: student; Type: TABLE; Schema: public; Owner: postgres
--

CREATE TABLE public.student (
    id integer NOT NULL,
    number integer
);


ALTER TABLE public.student OWNER TO postgres;

--
-- Name: student_id_seq; Type: SEQUENCE; Schema: public; Owner: postgres
--

CREATE SEQUENCE public.student_id_seq
    AS integer
    START WITH 1
    INCREMENT BY 1
    NO MINVALUE
    NO MAXVALUE
    CACHE 1;


ALTER TABLE public.student_id_seq OWNER TO postgres;

--
-- Name: student_id_seq; Type: SEQUENCE OWNED BY; Schema: public; Owner: postgres
--

ALTER SEQUENCE public.student_id_seq OWNED BY public.student.id;


--
-- Name: exam id; Type: DEFAULT; Schema: public; Owner: postgres
--

ALTER TABLE ONLY public.exam ALTER COLUMN id SET DEFAULT nextval('public.exam_id_seq'::regclass);


--
-- Name: exam_period id; Type: DEFAULT; Schema: public; Owner: postgres
--

ALTER TABLE ONLY public.exam_period ALTER COLUMN id SET DEFAULT nextval('public.exam_period_id_seq'::regclass);


--
-- Name: exam_student id; Type: DEFAULT; Schema: public; Owner: postgres
--

ALTER TABLE ONLY public.exam_student ALTER COLUMN id SET DEFAULT nextval('public.exam_student_id_seq'::regclass);


--
-- Name: period id; Type: DEFAULT; Schema: public; Owner: postgres
--

ALTER TABLE ONLY public.period ALTER COLUMN id SET DEFAULT nextval('public.period_id_seq'::regclass);


--
-- Name: period_room id; Type: DEFAULT; Schema: public; Owner: postgres
--

ALTER TABLE ONLY public.period_room ALTER COLUMN id SET DEFAULT nextval('public.period_room_id_seq'::regclass);


--
-- Name: room id; Type: DEFAULT; Schema: public; Owner: postgres
--

ALTER TABLE ONLY public.room ALTER COLUMN id SET DEFAULT nextval('public.room_id_seq'::regclass);


--
-- Name: student id; Type: DEFAULT; Schema: public; Owner: postgres
--

ALTER TABLE ONLY public.student ALTER COLUMN id SET DEFAULT nextval('public.student_id_seq'::regclass);


--
-- Data for Name: exam; Type: TABLE DATA; Schema: public; Owner: postgres
--

COPY public.exam (id, duration) FROM stdin;
1	180
2	180
3	120
4	90
5	90
6	120
7	120
8	120
9	120
10	120
11	120
12	120
13	180
14	120
15	120
16	120
17	120
18	120
19	120
20	120
21	120
22	120
23	120
24	120
25	180
26	180
27	120
28	60
29	120
30	120
31	150
32	75
33	120
34	120
35	120
36	90
37	120
38	120
39	180
40	120
41	120
42	90
43	120
44	100
45	120
46	120
47	120
48	180
49	60
50	60
51	60
52	60
53	90
54	90
55	90
56	90
57	120
58	120
59	120
60	120
61	120
62	120
63	120
64	120
65	180
66	180
67	90
68	120
69	180
70	120
71	120
72	180
73	120
74	120
75	120
76	120
77	120
78	120
79	120
80	150
81	120
82	120
83	0
84	180
85	180
86	120
87	60
88	180
89	120
90	90
91	90
92	120
93	180
94	120
95	120
96	90
97	90
98	120
99	120
100	150
101	150
102	75
103	75
104	75
105	120
106	90
107	120
108	60
109	60
110	120
111	120
112	120
113	120
114	120
115	120
116	120
117	120
118	60
119	60
120	60
121	60
122	60
123	60
124	60
125	60
126	120
127	100
128	120
129	120
130	180
131	180
132	120
133	120
134	90
135	120
136	120
137	180
138	90
139	120
140	100
141	120
142	180
143	180
144	180
145	75
146	75
147	100
148	120
149	120
150	120
151	120
152	120
153	180
154	180
155	120
156	120
157	120
158	180
159	150
160	120
161	120
162	120
163	180
164	180
165	180
166	180
167	180
168	180
169	120
170	120
171	120
172	120
173	120
174	120
175	120
176	180
177	120
178	120
179	120
180	120
181	180
182	180
183	180
184	180
185	120
186	120
187	120
188	120
189	120
190	180
191	180
192	120
193	120
194	120
195	90
196	120
197	120
198	120
199	120
200	120
201	120
202	120
203	120
204	120
205	120
206	120
207	180
208	100
209	120
210	100
211	180
212	120
213	100
214	180
215	120
216	120
217	180
218	180
219	180
220	120
221	120
222	60
223	120
224	120
225	120
226	90
227	90
228	180
229	180
230	180
231	180
232	180
233	180
234	180
235	180
236	100
237	120
238	90
239	100
240	180
241	120
242	180
\.


--
-- Data for Name: exam_period; Type: TABLE DATA; Schema: public; Owner: postgres
--

COPY public.exam_period (id, exam_id, period_id) FROM stdin;
1	82	1
2	204	1
3	43	1
4	100	1
5	65	1
6	87	1
7	166	1
8	135	1
9	175	1
10	181	1
11	109	1
12	237	1
13	114	1
14	165	1
15	174	1
16	30	1
17	62	1
18	226	1
19	88	1
20	10	1
21	9	1
22	164	1
23	142	1
24	182	1
25	94	1
26	229	1
27	157	1
28	138	1
29	187	1
30	120	1
31	125	1
33	111	1
34	152	1
35	140	1
36	54	1
37	80	1
38	162	1
39	73	1
40	173	1
41	163	1
42	236	1
43	217	1
45	210	1
46	23	1
47	189	1
48	225	1
49	8	1
50	37	1
51	123	1
52	36	1
53	209	1
54	113	1
55	130	1
56	185	1
57	12	1
58	137	1
59	50	1
60	92	1
61	186	1
62	22	1
63	45	1
64	99	1
65	67	1
66	231	1
67	188	1
68	207	1
69	180	1
70	197	1
71	76	1
72	126	1
73	221	1
74	203	1
75	24	1
76	105	1
77	5	1
78	153	1
79	198	1
80	156	1
81	238	1
82	213	1
83	214	1
84	149	1
85	52	1
86	107	1
87	53	1
88	75	1
89	150	1
90	39	1
91	177	1
92	16	1
93	34	1
94	32	1
95	190	1
96	168	1
97	28	1
98	81	1
99	176	1
100	102	1
101	51	1
102	228	1
103	79	1
104	117	1
105	143	1
106	7	1
107	86	1
108	121	1
109	141	1
110	106	1
111	139	1
112	147	1
113	169	1
114	234	1
115	161	1
116	49	1
117	239	1
119	127	1
120	148	1
121	21	1
122	6	1
123	110	1
124	235	1
125	211	1
126	61	1
127	133	1
128	230	1
129	194	1
130	60	1
131	25	1
132	31	1
133	90	1
134	170	1
135	195	1
136	66	1
137	15	1
138	200	1
139	41	1
140	95	1
141	38	1
142	14	1
143	154	1
144	104	1
145	58	1
146	56	1
147	29	1
148	70	1
149	205	1
150	222	1
151	178	1
152	96	1
153	134	1
154	201	1
155	3	1
156	223	1
157	227	1
158	199	1
159	84	1
160	97	1
161	78	1
162	85	1
163	144	1
164	208	1
165	48	1
166	112	1
167	146	1
168	206	1
169	183	1
170	40	1
171	64	1
172	74	1
173	155	1
176	103	1
177	216	1
178	145	1
179	13	1
180	233	1
181	77	1
182	191	1
183	44	1
184	89	1
185	17	1
32	122	1
174	19	14
175	171	16
186	33	1
187	59	1
188	129	1
189	159	1
190	218	1
191	115	1
192	242	1
193	212	1
194	240	1
195	93	1
196	63	1
197	83	1
198	116	1
199	101	1
200	224	1
201	160	1
202	27	1
203	136	1
204	179	1
205	11	1
206	18	1
207	158	1
208	35	1
209	68	1
210	232	1
211	215	1
212	55	1
213	57	1
214	71	1
215	196	1
216	220	1
217	98	1
218	172	1
219	69	1
220	151	1
221	20	1
222	91	1
223	108	1
224	26	1
225	193	1
226	2	1
227	131	1
228	42	1
229	132	1
230	192	1
231	72	1
232	241	1
233	46	1
234	128	1
235	1	1
236	4	1
237	47	1
238	118	1
239	119	1
240	202	1
241	184	1
242	219	1
118	124	8
44	167	16
\.


--
-- Data for Name: exam_student; Type: TABLE DATA; Schema: public; Owner: postgres
--

COPY public.exam_student (id, exam_id, student_id) FROM stdin;
1	56	1895
2	97	1895
3	106	1895
4	56	1896
5	97	1896
6	106	1896
7	107	1896
8	134	4284
9	139	4284
10	56	1897
11	97	1897
12	106	1897
13	107	1897
14	134	5705
15	63	5705
16	33	5705
17	134	4285
18	50	2575
19	121	2575
20	134	4286
21	56	1898
22	97	1898
23	106	1898
24	102	1898
25	104	1898
26	56	1899
27	97	1899
28	106	1899
29	107	1899
30	134	4287
31	56	1900
32	97	1900
33	106	1900
34	102	1900
35	104	1900
36	134	4288
37	217	7489
38	225	7489
39	216	7489
40	56	1901
41	97	1901
42	106	1901
43	102	1901
44	103	1901
45	104	1901
46	134	5715
47	33	5715
48	134	1859
49	139	1859
50	57	1859
51	56	1902
52	97	1902
53	106	1902
54	102	1902
55	104	1902
56	217	7490
57	218	7490
58	56	1903
59	97	1903
60	106	1903
61	217	7573
62	206	7573
63	56	1904
64	97	1904
65	106	1904
66	102	1904
67	103	1904
68	104	1904
69	134	4289
70	217	7492
71	134	4290
72	139	4290
73	217	7493
74	56	1905
75	97	1905
76	106	1905
77	102	1905
78	103	1905
79	104	1905
80	134	5718
81	139	5718
82	33	5718
83	56	1906
84	97	1906
85	106	1906
86	102	1906
87	103	1906
88	104	1906
89	217	7650
90	202	7650
91	134	2074
92	98	2074
93	56	1907
94	97	1907
95	106	1907
96	102	1907
97	103	1907
98	104	1907
99	134	4291
100	139	4291
101	56	1908
102	97	1908
103	106	1908
104	107	1908
105	108	1908
106	217	7494
107	227	7494
108	134	4292
109	139	4292
110	217	7495
111	227	7495
112	56	1909
113	97	1909
114	106	1909
115	107	1909
116	134	5725
117	139	5725
118	33	5725
119	217	7496
120	219	7496
121	56	1910
122	97	1910
123	106	1910
124	217	7509
125	214	7509
126	56	1911
127	97	1911
128	106	1911
129	107	1911
130	134	5727
131	33	5727
132	217	7636
133	219	7636
134	203	7636
135	227	7636
136	134	2076
137	98	2076
138	56	3152
139	97	3152
140	106	3152
141	47	3152
142	128	3152
143	217	7498
144	134	4293
145	56	1912
146	97	1912
147	106	1912
148	107	1912
149	134	4294
150	139	4294
151	56	1913
152	97	1913
153	106	1913
154	107	1913
155	134	4295
156	139	4295
157	134	1862
158	57	1862
159	56	1914
160	97	1914
161	106	1914
162	56	1915
163	97	1915
164	106	1915
165	102	1915
166	103	1915
167	104	1915
168	134	2077
169	98	2077
170	56	1916
171	97	1916
172	106	1916
173	102	1916
174	103	1916
175	104	1916
176	134	2078
177	98	2078
178	56	1917
179	97	1917
180	106	1917
181	134	4296
182	139	4296
183	56	1918
184	97	1918
185	106	1918
186	102	1918
187	103	1918
188	104	1918
189	134	4297
190	139	4297
191	134	4298
192	139	4298
193	56	1919
194	97	1919
195	106	1919
196	102	1919
197	103	1919
198	104	1919
199	56	1920
200	97	1920
201	106	1920
202	102	1920
203	103	1920
204	104	1920
205	134	4299
206	134	2080
207	139	2080
208	98	2080
209	56	1921
210	97	1921
211	106	1921
212	134	486
213	73	486
214	56	1922
215	97	1922
216	106	1922
217	134	5314
218	62	5314
219	35	5314
220	56	4032
221	97	4032
222	106	4032
223	42	4032
224	77	4032
225	134	4300
226	56	2989
227	106	2989
228	48	2989
229	110	2290
230	111	2290
231	177	2290
232	39	4692
233	98	5721
234	33	5721
235	110	2291
236	111	2291
237	177	2291
238	39	4693
239	89	4693
240	98	5735
241	33	5735
242	110	2292
243	111	2292
244	177	2292
245	39	5269
246	35	5269
247	98	5740
248	33	5740
249	98	2079
250	110	2293
251	111	2293
252	177	2293
253	39	4694
254	77	4694
255	110	2294
256	111	2294
257	177	2294
258	39	4899
259	57	4899
260	38	4899
261	98	5749
262	33	5749
263	98	2082
264	110	2295
265	111	2295
266	177	2295
267	39	4695
268	77	4695
269	98	2085
270	110	2296
271	111	2296
272	177	2296
273	39	4697
274	110	2297
275	111	2297
276	177	2297
277	98	2086
278	39	4698
279	110	2298
280	111	2298
281	177	2298
282	39	4699
283	93	4699
284	98	5774
285	33	5774
286	110	2299
287	111	2299
288	177	2299
289	39	4700
290	98	5315
291	35	5315
292	98	2087
293	110	2300
294	111	2300
295	177	2300
296	39	4701
297	89	4701
298	110	2301
299	111	2301
300	177	2301
301	39	4702
302	89	4702
303	98	2088
304	98	2089
305	110	2302
306	111	2302
307	177	2302
308	39	4706
309	48	4706
310	98	2090
311	110	2303
312	111	2303
313	177	2303
314	39	4707
315	89	4707
316	110	2304
317	111	2304
318	177	2304
319	39	4909
320	38	4909
321	98	5787
322	33	5787
323	110	2305
324	111	2305
325	177	2305
326	39	4708
327	110	2306
328	111	2306
329	177	2306
330	39	4713
331	48	4713
332	110	2307
333	111	2307
334	177	2307
335	117	2366
336	116	2366
337	39	4912
338	38	4912
339	110	2308
340	111	2308
341	177	2308
342	117	2368
343	116	2368
344	39	5274
345	35	5274
346	110	2309
347	111	2309
348	177	2309
349	117	2367
350	39	4714
351	110	2310
352	111	2310
353	177	2310
354	39	4914
355	38	4914
356	25	29
357	26	29
358	110	2311
359	111	2311
360	177	2311
361	39	5035
362	38	5035
363	37	5035
364	39	4917
365	38	4917
366	25	30
367	26	30
368	110	2312
369	111	2312
370	177	2312
371	110	2313
372	111	2313
373	177	2313
374	39	4716
375	48	4716
376	25	31
377	26	31
378	27	31
379	25	32
380	26	32
381	27	32
382	110	2314
383	111	2314
384	177	2314
385	39	5276
386	35	5276
387	25	33
388	26	33
389	110	2315
390	111	2315
391	177	2315
392	39	4717
393	110	2316
394	111	2316
395	177	2316
396	39	4921
397	38	4921
398	25	34
399	26	34
400	27	34
401	110	2317
402	111	2317
403	177	2317
404	39	4925
405	38	4925
406	25	35
407	26	35
408	110	2318
409	111	2318
410	177	2318
411	39	4719
412	110	2319
413	111	2319
414	177	2319
415	39	4720
416	115	2365
417	116	2365
418	39	4721
419	110	2320
420	111	2320
421	177	2320
422	115	2370
423	117	2370
424	116	2370
425	63	1374
426	98	1982
427	129	3352
428	136	5382
429	33	5382
430	136	5400
431	33	5400
432	98	5510
433	33	5510
434	98	1983
435	136	4979
436	98	5512
437	33	5512
438	136	4980
439	98	5513
440	33	5513
441	136	4982
442	136	5410
443	33	5410
444	98	5516
445	33	5516
446	98	5518
447	33	5518
448	136	4983
449	98	1984
450	136	4984
451	98	5526
452	33	5526
453	136	4985
454	98	1986
455	136	3272
456	46	3272
457	98	1989
458	136	4986
459	98	1990
460	129	3353
461	98	5534
462	33	5534
463	98	1991
464	129	3355
465	98	1992
466	136	5429
467	33	5429
468	98	1993
469	98	1996
470	136	4987
471	136	4988
472	129	3351
473	46	3351
474	98	5542
475	33	5542
476	129	3356
477	98	5549
478	33	5549
479	129	3357
480	98	5554
481	33	5554
482	129	3360
483	98	5556
484	33	5556
485	129	3361
486	98	1999
487	129	3377
488	46	3377
489	98	5559
490	33	5559
491	98	2002
492	129	3362
493	98	5565
494	33	5565
495	98	2003
496	144	5363
497	98	2006
498	144	5364
499	98	2007
500	144	5365
501	98	2008
502	144	5369
503	33	5369
504	98	2009
505	215	7506
506	98	2010
507	49	2848
508	123	2848
509	51	2848
510	120	2848
511	121	2848
512	157	6640
513	158	6640
514	177	6640
515	49	2849
516	123	2849
517	124	2849
518	125	2849
519	50	2849
520	49	2850
521	51	2850
522	120	2850
523	50	2850
524	121	2850
525	122	2850
526	157	6641
527	158	6641
528	177	6641
529	49	2851
530	51	2851
531	120	2851
532	109	2851
533	119	2851
534	122	2851
535	157	6642
536	158	6642
537	177	6642
538	160	6642
539	49	2852
540	109	2852
541	50	2852
542	119	2852
543	118	2852
544	157	6643
545	158	6643
546	177	6643
547	160	6643
548	49	2853
549	123	2853
550	109	2853
551	119	2853
552	118	2853
553	157	6644
554	158	6644
555	177	6644
556	49	2854
557	51	2854
558	124	2854
559	125	2854
560	120	2854
561	121	2854
562	157	6645
563	158	6645
564	177	6645
565	160	6645
566	49	2855
567	51	2855
568	124	2855
569	125	2855
570	120	2855
571	50	2855
572	157	6647
573	177	6647
574	49	2856
575	51	2856
576	124	2856
577	125	2856
578	120	2856
579	121	2856
580	77	2964
581	48	2964
582	49	2857
583	51	2857
584	120	2857
585	121	2857
586	122	2857
587	77	4838
588	38	4838
589	64	4838
590	49	3089
591	51	3089
592	120	3089
593	121	3089
594	48	3089
595	77	5029
596	37	5029
597	89	5029
598	49	2858
599	123	2858
600	124	2858
601	125	2858
602	77	391
603	49	2859
604	109	2859
605	88	2859
606	119	2859
607	77	393
608	49	2860
609	51	2860
610	124	2860
611	125	2860
612	120	2860
613	77	5444
614	37	5444
615	89	5444
616	33	5444
617	49	2861
618	123	2861
619	124	2861
620	125	2861
621	120	2861
622	50	2861
623	49	2862
624	124	2862
625	125	2862
626	50	2862
627	122	2862
628	77	5449
629	33	5449
630	77	395
631	49	2863
632	123	2863
633	124	2863
634	125	2863
635	148	2863
636	77	4897
637	38	4897
638	49	2864
639	51	2864
640	124	2864
641	120	2864
642	121	2864
643	49	2865
644	124	2865
645	125	2865
646	120	2865
647	50	2865
648	122	2865
649	77	5270
650	35	5270
651	49	2866
652	123	2866
653	51	2866
654	124	2866
655	125	2866
656	120	2866
657	77	5460
658	136	5460
659	33	5460
660	49	2867
661	123	2867
662	51	2867
663	124	2867
664	125	2867
665	120	2867
666	77	4927
667	38	4927
668	77	409
669	49	2868
670	120	2868
671	109	2868
672	50	2868
673	87	2868
674	119	2868
675	77	410
676	49	2869
677	51	2869
678	124	2869
679	120	2869
680	121	2869
681	122	2869
682	77	5476
683	136	5476
684	33	5476
685	49	2870
686	51	2870
687	120	2870
688	109	2870
689	50	2870
690	119	2870
691	77	411
692	89	411
693	49	2871
694	123	2871
695	51	2871
696	120	2871
697	77	4950
698	38	4950
699	49	2872
700	51	2872
701	124	2872
702	125	2872
703	120	2872
704	50	2872
705	77	412
706	49	2873
707	123	2873
708	124	2873
709	125	2873
710	77	413
711	49	2874
712	51	2874
713	124	2874
714	120	2874
715	121	2874
716	49	2875
717	123	2875
718	124	2875
719	125	2875
720	120	2875
721	50	2875
722	49	2876
723	51	2876
724	124	2876
725	125	2876
726	120	2876
727	49	2877
728	51	2877
729	124	2877
730	125	2877
731	120	2877
732	49	2878
733	51	2878
734	124	2878
735	125	2878
736	120	2878
737	121	2878
738	194	7362
739	98	2011
740	79	1269
741	68	1269
742	79	403
743	98	2012
744	98	5579
745	33	5579
746	79	404
747	79	405
748	134	405
749	98	2013
750	79	1865
751	139	1865
752	57	1865
753	98	2014
754	79	406
755	98	2015
756	79	407
757	98	5585
758	33	5585
759	98	2016
760	79	4962
761	77	4962
762	38	4962
763	98	5588
764	33	5588
765	31	189
766	148	189
767	98	5589
768	33	5589
769	98	2018
770	31	190
771	98	2021
772	98	5593
773	33	5593
774	98	2022
775	44	228
776	121	2540
777	44	3638
778	44	229
779	44	3637
780	79	4885
781	77	4885
782	38	4885
783	79	398
784	139	398
785	91	398
786	44	3639
787	79	396
788	77	396
789	44	3640
790	79	399
791	44	3641
792	79	400
793	98	400
794	44	3642
795	79	401
796	134	401
797	44	3645
798	79	402
799	44	3646
800	80	6332
801	30	6332
802	139	6332
803	44	3647
804	80	5485
805	33	5485
806	80	554
807	44	3648
808	44	3649
809	80	5502
810	62	5502
811	33	5502
812	44	3650
813	80	555
814	81	555
815	44	3652
816	80	6336
817	30	6336
818	80	564
819	149	564
820	44	3653
821	44	3654
822	80	6337
823	105	6337
824	30	6337
825	71	587
826	23	6767
827	24	6767
828	22	6767
829	139	1839
830	57	1839
831	71	588
832	98	588
833	139	5619
834	33	5619
835	23	6768
836	24	6768
837	22	6768
838	71	589
839	139	5621
840	35	5621
841	33	5621
842	23	6769
843	24	6769
844	22	6769
845	71	590
846	139	1698
847	58	1698
848	23	6770
849	24	6770
850	22	6770
851	71	591
852	139	5194
853	23	6771
854	24	6771
855	22	6771
856	71	592
857	23	6772
858	24	6772
859	22	6772
860	139	5623
861	33	5623
862	71	593
863	98	593
864	72	593
865	139	1840
866	57	1840
867	98	1840
868	23	6773
869	24	6773
870	22	6773
871	23	6774
872	24	6774
873	22	6774
874	71	595
875	98	595
876	72	595
877	139	2037
878	98	2037
879	139	5195
880	23	6775
881	24	6775
882	22	6775
883	71	596
884	71	597
885	72	597
886	23	6776
887	24	6776
888	22	6776
889	139	5196
890	71	598
891	23	6777
892	24	6777
893	22	6777
894	139	5627
895	98	5627
896	33	5627
897	71	599
898	98	599
899	139	5197
900	23	6778
901	24	6778
902	22	6778
903	139	5628
904	33	5628
905	23	6779
906	24	6779
907	22	6779
908	71	601
909	72	601
910	139	5198
911	23	6780
912	24	6780
913	22	6780
914	71	604
915	98	604
916	139	1843
917	57	1843
918	23	6781
919	24	6781
920	22	6781
921	71	605
922	139	5636
923	33	5636
924	23	6782
925	24	6782
926	22	6782
927	71	606
928	71	614
929	98	614
930	139	2040
931	98	2040
932	23	6783
933	24	6783
934	22	6783
935	71	5504
936	33	5504
937	72	5504
938	23	6784
939	24	6784
940	22	6784
941	139	5307
942	37	5307
943	35	5307
944	71	616
945	23	6785
946	24	6785
947	22	6785
948	139	2044
949	98	2044
950	71	617
951	23	6786
952	24	6786
953	22	6786
954	139	5308
955	35	5308
956	71	618
957	98	618
958	139	5642
959	33	5642
960	23	6787
961	24	6787
962	22	6787
963	71	5505
964	33	5505
965	23	6788
966	24	6788
967	22	6788
968	139	5199
969	71	621
970	98	621
971	72	621
972	139	5200
973	23	6789
974	24	6789
975	22	6789
976	71	622
977	23	6790
978	24	6790
979	22	6790
980	139	2048
981	98	2048
982	71	5506
983	33	5506
984	72	5506
985	23	6791
986	24	6791
987	22	6791
988	139	5201
989	71	623
990	72	623
991	139	3580
992	45	3580
993	23	6792
994	24	6792
995	22	6792
996	139	2049
997	98	2049
998	23	6793
999	24	6793
1000	22	6793
1001	71	625
1002	23	6794
1003	24	6794
1004	22	6794
1005	71	626
1006	98	626
1007	72	626
1008	139	1710
1009	58	1710
1010	71	627
1011	139	5202
1012	23	6795
1013	24	6795
1014	22	6795
1015	71	628
1016	98	628
1017	72	628
1018	23	6796
1019	24	6796
1020	22	6796
1021	139	5203
1022	71	629
1023	23	6797
1024	24	6797
1025	22	6797
1026	139	5309
1027	35	5309
1028	148	6280
1029	237	7755
1030	43	3861
1031	130	3861
1032	148	6281
1033	237	7754
1034	43	223
1035	130	223
1036	42	223
1037	148	2112
1038	100	2112
1039	101	2112
1040	237	7756
1041	43	3862
1042	130	3862
1043	148	2144
1044	54	2144
1045	97	2144
1046	53	2144
1047	106	2144
1048	237	7757
1049	238	7757
1050	43	3863
1051	180	3863
1052	148	513
1053	71	513
1054	237	7773
1055	43	3864
1056	130	3864
1057	148	6282
1058	237	7774
1059	43	3865
1060	130	3865
1061	61	3865
1062	148	5799
1063	32	5799
1064	145	5799
1065	146	5799
1066	237	7775
1067	43	3866
1068	130	3866
1069	148	6283
1070	237	7776
1071	43	3867
1072	130	3867
1073	148	2113
1074	100	2113
1075	101	2113
1076	237	7777
1077	238	7777
1078	43	3868
1079	148	2114
1080	100	2114
1081	101	2114
1082	237	7778
1083	43	5349
1084	130	5349
1085	33	5349
1086	43	3869
1087	180	3869
1088	148	5802
1089	32	5802
1090	145	5802
1091	146	5802
1092	73	5802
1093	237	7779
1094	238	7779
1095	148	4802
1096	38	4802
1097	43	3870
1098	237	7780
1099	238	7780
1100	237	7781
1101	238	7781
1102	43	3871
1103	130	3871
1104	148	6284
1105	148	2155
1106	53	2155
1107	106	2155
1108	107	2155
1109	237	7782
1110	238	7782
1111	43	3872
1112	130	3872
1113	148	4972
1114	136	4972
1115	237	7783
1116	43	3873
1117	45	3873
1118	148	3134
1119	47	3134
1120	128	3134
1121	180	3134
1122	237	7784
1123	238	7784
1124	43	3874
1125	130	3874
1126	148	6285
1127	237	7785
1128	43	3875
1129	130	3875
1130	180	3875
1131	237	7786
1132	238	7786
1133	148	3261
1134	128	3261
1135	43	3876
1136	130	3876
1137	237	7787
1138	43	3877
1139	45	3877
1140	148	4026
1141	42	4026
1142	148	5023
1143	37	5023
1144	237	7788
1145	43	3878
1146	130	3878
1147	180	3878
1148	148	5375
1149	33	5375
1150	237	7789
1151	43	3879
1152	130	3879
1153	148	5805
1154	32	5805
1155	145	5805
1156	146	5805
1157	149	5805
1158	237	7790
1159	43	3880
1160	130	3880
1161	148	6286
1162	237	7791
1163	238	7791
1164	43	3881
1165	130	3881
1166	148	6287
1167	237	7792
1168	238	7792
1169	43	3882
1170	130	3882
1171	134	3882
1172	148	6288
1173	43	3883
1174	130	3883
1175	148	6289
1176	43	3884
1177	148	6290
1178	43	3885
1179	130	3885
1180	148	6291
1181	43	3886
1182	130	3886
1183	148	3140
1184	59	3140
1185	47	3140
1186	128	3140
1187	43	3887
1188	130	3887
1189	148	5810
1190	32	5810
1191	145	5810
1192	146	5810
1193	108	5810
1194	43	3888
1195	130	3888
1196	43	3889
1197	148	6292
1198	148	2116
1199	100	2116
1200	101	2116
1201	34	5320
1202	69	5320
1203	34	5321
1204	60	5321
1205	180	5321
1206	34	5322
1207	68	5322
1208	34	5323
1209	42	5323
1210	34	5373
1211	33	5373
1212	34	5372
1213	37	5372
1214	33	5372
1215	34	5324
1216	37	5324
1217	34	5386
1218	68	5386
1219	33	5386
1220	34	5393
1221	35	5393
1222	33	5393
1223	34	5325
1224	36	5325
1225	69	5325
1226	34	5395
1227	35	5395
1228	33	5395
1229	34	5326
1230	39	5326
1231	34	5327
1232	84	5327
1233	34	5328
1234	34	5329
1235	134	5329
1236	89	5329
1237	34	5330
1238	89	5330
1239	16	16
1240	190	16
1241	17	16
1242	16	7016
1243	156	7016
1244	196	7016
1245	154	7138
1246	11	7138
1247	154	7092
1248	13	7092
1249	155	7092
1250	179	7092
1251	154	6538
1252	153	6538
1253	16	7017
1254	154	7017
1255	16	15
1256	15	15
1257	185	15
1258	180	15
1259	16	7181
1260	11	7181
1261	15	7181
1262	180	7181
1263	213	7477
1264	213	7478
1265	213	7579
1266	214	7579
1267	206	7579
1268	213	7580
1269	206	7580
1270	222	7580
1271	213	7581
1272	214	7581
1273	206	7581
1274	213	7638
1275	206	7638
1276	203	7638
1277	71	989
1278	72	989
1279	45	3449
1280	45	3450
1281	71	990
1282	98	990
1283	45	3451
1284	71	991
1285	45	3452
1286	71	993
1287	98	993
1288	45	3453
1289	71	994
1290	98	994
1291	45	3454
1292	71	997
1293	72	997
1294	45	3455
1295	71	998
1296	98	998
1297	72	998
1298	45	3456
1299	71	999
1300	72	999
1301	45	3457
1302	71	1000
1303	98	1000
1304	45	3458
1305	71	1764
1306	58	1764
1307	45	3459
1308	71	1001
1309	45	3460
1310	71	1002
1311	72	1002
1312	45	3461
1313	71	1004
1314	98	1004
1315	45	3462
1316	71	1005
1317	72	1005
1318	45	3463
1319	71	1008
1320	45	3464
1321	71	1009
1322	72	1009
1323	45	3465
1324	71	1010
1325	72	1010
1326	45	3466
1327	71	1011
1328	139	1011
1329	45	3467
1330	71	1012
1331	98	1012
1332	45	3468
1333	71	1015
1334	45	3469
1335	71	1016
1336	72	1016
1337	45	3470
1338	71	1017
1339	98	1017
1340	72	1017
1341	45	3471
1342	71	1018
1343	98	1018
1344	72	1018
1345	45	3472
1346	71	1019
1347	72	1019
1348	45	3473
1349	71	1020
1350	45	3474
1351	71	1021
1352	98	1021
1353	72	1021
1354	45	3475
1355	71	1022
1356	72	1022
1357	45	3476
1358	71	1023
1359	98	1023
1360	45	3477
1361	71	1024
1362	98	1024
1363	72	1024
1364	45	3478
1365	71	1025
1366	45	3479
1367	71	1029
1368	45	3480
1369	58	1755
1370	31	6102
1371	148	6102
1372	81	6102
1373	58	1756
1374	31	6103
1375	149	6103
1376	31	6104
1377	149	6104
1378	58	1758
1379	58	1760
1380	31	6105
1381	149	6105
1382	31	6106
1383	81	6106
1384	58	1761
1385	58	1762
1386	98	1762
1387	31	6107
1388	98	6107
1389	58	1763
1390	31	6108
1391	73	6108
1392	58	6108
1393	31	6109
1394	58	6109
1395	58	1766
1396	31	6110
1397	58	6110
1398	58	1767
1399	58	1768
1400	98	1768
1401	31	6111
1402	71	6111
1403	58	1769
1404	31	6112
1405	58	6112
1406	31	6113
1407	58	1770
1408	31	6114
1409	98	6114
1410	58	1771
1411	98	1771
1412	31	6115
1413	71	6115
1414	58	1772
1415	98	1772
1416	31	6116
1417	58	5775
1418	63	5775
1419	33	5775
1420	58	1775
1421	31	6414
1422	30	6414
1423	58	1776
1424	31	6117
1425	58	1777
1426	31	6415
1427	105	6415
1428	30	6415
1429	58	1778
1430	31	6118
1431	58	6118
1432	58	1779
1433	31	6119
1434	134	6119
1435	58	1780
1436	31	6416
1437	30	6416
1438	33	6416
1439	58	4958
1440	38	4958
1441	31	6120
1442	71	6120
1443	72	6120
1444	31	6121
1445	71	6121
1446	58	1781
1447	31	6122
1448	58	6122
1449	31	6123
1450	58	6123
1451	128	3257
1452	128	3258
1453	31	6124
1454	148	6124
1455	128	3259
1456	31	6125
1457	31	6126
1458	149	6126
1459	31	6127
1460	71	6127
1461	98	6127
1462	72	6127
1463	128	3260
1464	31	6417
1465	30	6417
1466	31	6128
1467	81	6128
1468	128	4941
1469	38	4941
1470	180	4941
1471	31	6418
1472	30	6418
1473	56	1924
1474	97	1924
1475	106	1924
1476	102	1924
1477	103	1924
1478	104	1924
1479	41	4142
1480	47	4142
1481	128	4142
1482	56	1925
1483	97	1925
1484	106	1925
1485	102	1925
1486	103	1925
1487	104	1925
1488	41	4143
1489	48	4143
1490	56	1926
1491	97	1926
1492	106	1926
1493	107	1926
1494	41	4144
1495	59	4144
1496	41	4145
1497	59	4145
1498	56	1927
1499	97	1927
1500	106	1927
1501	102	1927
1502	103	1927
1503	104	1927
1504	41	4400
1505	40	4400
1506	67	4400
1507	56	1928
1508	97	1928
1509	106	1928
1510	56	1929
1511	97	1929
1512	106	1929
1513	102	1929
1514	103	1929
1515	104	1929
1516	41	4936
1517	47	4936
1518	128	4936
1519	38	4936
1520	56	1930
1521	97	1930
1522	106	1930
1523	102	1930
1524	103	1930
1525	104	1930
1526	41	4146
1527	67	4146
1528	59	4146
1529	41	4756
1530	39	4756
1531	56	1931
1532	97	1931
1533	106	1931
1534	102	1931
1535	103	1931
1536	104	1931
1537	41	4770
1538	39	4770
1539	56	1932
1540	97	1932
1541	106	1932
1542	102	1932
1543	103	1932
1544	104	1932
1545	56	3028
1546	97	3028
1547	106	3028
1548	48	3028
1549	41	4953
1550	38	4953
1551	48	4953
1552	56	1933
1553	97	1933
1554	106	1933
1555	41	4147
1556	41	4148
1557	98	4148
1558	56	1934
1559	97	1934
1560	106	1934
1561	102	1934
1562	103	1934
1563	104	1934
1564	41	4149
1565	98	4149
1566	56	1935
1567	97	1935
1568	106	1935
1569	41	4150
1570	139	4150
1571	56	1936
1572	97	1936
1573	106	1936
1574	41	5616
1575	98	5616
1576	33	5616
1577	56	3041
1578	106	3041
1579	48	3041
1580	41	4151
1581	98	4151
1582	56	4379
1583	97	4379
1584	106	4379
1585	40	4379
1586	56	1937
1587	97	1937
1588	106	1937
1589	107	1937
1590	41	5641
1591	98	5641
1592	33	5641
1593	41	4152
1594	56	1938
1595	106	1938
1596	107	1938
1597	41	4153
1598	56	4402
1599	106	4402
1600	40	4402
1601	41	4154
1602	98	4154
1603	56	1940
1604	97	1940
1605	106	1940
1606	41	4155
1607	98	4155
1608	56	1941
1609	97	1941
1610	106	1941
1611	41	5094
1612	37	5094
1613	63	5094
1614	56	1942
1615	97	1942
1616	106	1942
1617	56	1944
1618	97	1944
1619	106	1944
1620	102	1944
1621	103	1944
1622	104	1944
1623	41	4156
1624	139	4156
1625	56	1945
1626	97	1945
1627	106	1945
1628	41	4157
1629	134	4157
1630	56	1946
1631	97	1946
1632	106	1946
1633	141	1946
1634	59	1946
1635	41	4158
1636	139	4158
1637	56	1947
1638	97	1947
1639	106	1947
1640	102	1947
1641	103	1947
1642	104	1947
1643	41	4159
1644	98	4159
1645	56	1948
1646	97	1948
1647	106	1948
1648	41	4160
1649	56	1949
1650	97	1949
1651	106	1949
1652	56	1950
1653	97	1950
1654	106	1950
1655	73	1950
1656	132	3974
1657	56	1952
1658	97	1952
1659	56	1953
1660	97	1953
1661	106	1953
1662	102	1953
1663	104	1953
1664	145	5880
1665	146	5880
1666	56	1954
1667	97	1954
1668	134	1864
1669	57	1864
1670	123	2425
1671	51	2425
1672	120	2425
1673	121	2425
1674	39	4928
1675	38	4928
1676	35	5245
1677	115	2371
1678	117	2371
1679	134	4301
1680	213	7480
1681	213	7479
1682	115	2372
1683	117	2372
1684	116	2372
1685	123	2552
1686	125	2552
1687	50	2552
1688	39	4723
1689	39	4724
1690	213	7481
1691	115	2373
1692	117	2373
1693	116	2373
1694	123	2428
1695	51	2428
1696	124	2428
1697	120	2428
1698	121	2428
1699	122	2428
1700	134	4302
1701	139	4302
1702	35	5246
1703	39	4931
1704	38	4931
1705	213	7582
1706	206	7582
1707	222	7582
1708	115	2374
1709	117	2374
1710	123	2429
1711	51	2429
1712	124	2429
1713	125	2429
1714	120	2429
1715	121	2429
1716	134	4303
1717	139	4303
1718	134	5104
1719	139	5104
1720	37	5104
1721	39	5277
1722	35	5277
1723	89	5277
1724	144	5371
1725	33	5371
1726	213	7640
1727	206	7640
1728	203	7640
1729	123	2430
1730	51	2430
1731	124	2430
1732	120	2430
1733	121	2430
1734	52	2430
1735	48	2943
1736	48	2951
1737	134	4304
1738	39	4725
1739	213	7583
1740	206	7583
1741	219	7583
1742	123	2553
1743	51	2553
1744	120	2553
1745	50	2553
1746	121	2553
1747	134	4305
1748	139	4305
1749	39	4728
1750	213	7641
1751	206	7641
1752	203	7641
1753	89	1234
1754	134	1866
1755	57	1866
1756	123	2555
1757	51	2555
1758	124	2555
1759	120	2555
1760	50	2555
1761	122	2555
1762	48	2957
1763	39	4935
1764	38	4935
1765	89	1235
1766	123	2578
1767	124	2578
1768	122	2578
1769	213	7584
1770	214	7584
1771	206	7584
1772	89	1236
1773	48	2962
1774	134	4306
1775	39	4731
1776	123	2247
1777	120	2247
1778	109	2247
1779	213	7642
1780	206	7642
1781	203	7642
1782	89	1237
1783	48	2963
1784	134	4307
1785	139	4307
1786	39	4734
1787	123	2558
1788	124	2558
1789	125	2558
1790	120	2558
1791	50	2558
1792	122	2558
1793	213	7585
1794	206	7585
1795	219	7585
1796	134	4308
1797	39	4735
1798	213	7586
1799	206	7586
1800	222	7586
1801	89	1238
1802	49	2588
1803	123	2588
1804	120	2588
1805	48	2966
1806	39	4736
1807	134	5760
1808	33	5760
1809	213	7587
1810	214	7587
1811	206	7587
1812	89	1239
1813	49	2589
1814	51	2589
1815	120	2589
1816	48	2967
1817	89	1241
1818	134	1867
1819	57	1867
1820	48	2968
1821	213	7643
1822	206	7643
1823	203	7643
1824	49	2590
1825	109	2590
1826	119	2590
1827	122	2590
1828	72	2590
1829	39	4939
1830	38	4939
1831	89	1242
1832	134	4309
1833	213	7588
1834	206	7588
1835	49	2591
1836	121	2591
1837	48	2969
1838	39	4738
1839	48	4738
1840	48	2970
1841	134	4310
1842	39	4739
1843	213	7644
1844	206	7644
1845	203	7644
1846	89	1243
1847	49	2592
1848	109	2592
1849	50	2592
1850	87	2592
1851	119	2592
1852	118	2592
1853	39	5038
1854	37	5038
1855	213	7589
1856	206	7589
1857	221	7589
1858	89	1244
1859	49	2593
1860	51	2593
1861	120	2593
1862	109	2593
1863	119	2593
1864	122	2593
1865	48	2971
1866	134	4478
1867	40	4478
1868	89	1245
1869	48	2972
1870	39	4740
1871	213	7590
1872	206	7590
1873	221	7590
1874	49	2594
1875	51	2594
1876	124	2594
1877	125	2594
1878	120	2594
1879	122	2594
1880	134	5768
1881	57	5768
1882	33	5768
1883	134	4311
1884	39	4741
1885	213	7591
1886	206	7591
1887	221	7591
1888	49	2595
1889	51	2595
1890	124	2595
1891	125	2595
1892	120	2595
1893	48	2973
1894	136	4989
1895	48	2974
1896	134	4312
1897	39	4742
1898	213	7592
1899	223	7592
1900	206	7592
1901	49	2596
1902	109	2596
1903	119	2596
1904	118	2596
1905	136	5436
1906	33	5436
1907	48	2975
1908	39	4743
1909	136	4743
1910	136	5437
1911	33	5437
1912	134	5770
1913	139	5770
1914	33	5770
1915	49	2597
1916	124	2597
1917	125	2597
1918	120	2597
1919	122	2597
1920	213	7593
1921	206	7593
1922	221	7593
1923	48	2976
1924	39	4744
1925	134	5771
1926	33	5771
1927	213	7594
1928	206	7594
1929	221	7594
1930	49	2598
1931	51	2598
1932	121	2598
1933	136	5438
1934	33	5438
1935	39	4745
1936	89	4745
1937	134	5772
1938	33	5772
1939	213	7595
1940	206	7595
1941	222	7595
1942	49	2599
1943	51	2599
1944	124	2599
1945	125	2599
1946	120	2599
1947	122	2599
1948	48	2977
1949	85	2977
1950	136	4990
1951	39	4746
1952	74	4746
1953	134	5773
1954	139	5773
1955	33	5773
1956	213	7596
1957	206	7596
1958	221	7596
1959	49	2600
1960	51	2600
1961	109	2600
1962	119	2600
1963	118	2600
1964	48	2978
1965	136	4991
1966	48	2980
1967	134	4313
1968	39	4747
1969	57	4747
1970	213	7597
1971	214	7597
1972	206	7597
1973	49	2601
1974	51	2601
1975	124	2601
1976	121	2601
1977	136	4992
1978	134	1869
1979	57	1869
1980	48	2981
1981	39	4748
1982	89	4748
1983	136	4993
1984	49	2602
1985	51	2602
1986	124	2602
1987	120	2602
1988	122	2602
1989	213	7598
1990	214	7598
1991	206	7598
1992	39	4749
1993	57	4749
1994	213	7645
1995	206	7645
1996	203	7645
1997	49	2603
1998	51	2603
1999	124	2603
2000	125	2603
2001	120	2603
2002	121	2603
2003	134	4482
2004	40	4482
2005	136	5443
2006	33	5443
2007	48	2984
2008	39	4750
2009	57	4750
2010	89	4750
2011	213	7599
2012	206	7599
2013	219	7599
2014	49	2604
2015	51	2604
2016	120	2604
2017	109	2604
2018	121	2604
2019	119	2604
2020	136	4994
2021	134	5117
2022	37	5117
2023	63	5117
2024	48	2985
2025	39	4942
2026	38	4942
2027	213	7482
2028	49	2605
2029	51	2605
2030	124	2605
2031	120	2605
2032	121	2605
2033	48	2986
2034	136	4995
2035	134	5783
2036	98	5783
2037	33	5783
2038	213	7483
2039	49	2606
2040	124	2606
2041	125	2606
2042	120	2606
2043	121	2606
2044	122	2606
2045	134	4484
2046	42	4484
2047	40	4484
2048	39	4754
2049	57	4754
2050	136	4996
2051	48	2988
2052	134	4103
2053	42	4103
2054	136	4997
2055	213	7484
2056	49	2607
2057	118	2607
2058	39	4943
2059	38	4943
2060	134	4315
2061	213	7600
2062	214	7600
2063	206	7600
2064	49	2608
2065	120	2608
2066	119	2608
2067	48	2990
2068	39	4944
2069	38	4944
2070	136	4998
2071	134	4488
2072	40	4488
2073	213	7647
2074	203	7647
2075	48	2991
2076	136	4999
2077	39	5474
2078	33	5474
2079	99	1961
2080	44	3656
2081	99	3082
2082	48	3082
2083	44	3657
2084	44	3658
2085	44	3659
2086	44	3660
2087	45	231
2088	44	3661
2089	45	232
2090	45	234
2091	44	3662
2092	45	236
2093	44	3663
2094	44	3664
2095	45	237
2096	44	3665
2097	45	230
2098	44	230
2099	44	3666
2100	45	239
2101	45	240
2102	44	3667
2103	45	241
2104	44	3668
2105	44	3669
2106	44	3670
2107	44	3671
2108	44	3672
2109	44	3673
2110	44	3674
2111	44	3675
2112	44	3676
2113	136	3676
2114	44	3677
2115	44	3678
2116	44	3679
2117	44	3680
2118	44	3681
2119	99	1956
2120	98	1956
2121	44	3682
2122	99	1957
2123	44	3684
2124	99	1958
2125	99	2965
2126	48	2965
2127	44	3685
2128	44	3686
2129	44	3687
2130	99	1960
2131	110	2321
2132	111	2321
2133	177	2321
2134	69	1126
2135	110	2322
2136	111	2322
2137	177	2322
2138	33	5343
2139	69	1127
2140	85	1127
2141	110	2323
2142	111	2323
2143	177	2323
2144	33	5353
2145	110	2324
2146	111	2324
2147	177	2324
2148	69	4679
2149	39	4679
2150	33	5359
2151	110	2325
2152	111	2325
2153	177	2325
2154	69	4703
2155	39	4703
2156	57	4703
2157	33	5381
2158	110	2326
2159	111	2326
2160	177	2326
2161	69	4712
2162	39	4712
2163	33	5385
2164	69	4726
2165	39	4726
2166	110	2327
2167	111	2327
2168	177	2327
2169	69	4732
2170	39	4732
2171	33	5392
2172	110	2328
2173	111	2328
2174	177	2328
2175	69	4752
2176	39	4752
2177	33	5396
2178	110	2329
2179	111	2329
2180	177	2329
2181	33	5398
2182	69	1233
2183	110	2330
2184	111	2330
2185	177	2330
2186	33	5402
2187	67	332
2188	91	332
2189	136	332
2190	110	2331
2191	112	2331
2192	114	2331
2193	115	2331
2194	178	2331
2195	33	5407
2196	67	333
2197	91	333
2198	93	333
2199	33	5409
2200	91	1546
2201	59	1546
2202	136	1546
2203	33	5411
2204	91	1789
2205	74	1789
2206	57	1789
2207	33	5415
2208	195	7364
2209	196	7364
2210	195	7365
2211	196	7365
2212	91	4588
2213	39	4588
2214	63	4588
2215	33	5418
2216	91	1327
2217	33	5425
2218	195	6944
2219	20	6944
2220	18	6944
2221	178	6944
2222	27	6944
2223	91	1328
2224	33	5426
2225	91	5414
2226	39	5414
2227	33	5414
2228	33	5427
2229	22	6502
2230	196	6502
2231	22	6506
2232	91	2979
2233	48	2979
2234	33	5439
2235	91	4847
2236	38	4847
2237	33	5440
2238	78	383
2239	77	383
2240	91	4596
2241	39	4596
2242	78	4565
2243	39	4565
2244	33	5450
2245	78	384
2246	91	384
2247	91	1791
2248	57	1791
2249	136	1791
2250	33	5453
2251	91	4607
2252	39	4607
2253	78	4878
2254	39	4878
2255	38	4878
2256	33	5454
2257	91	3009
2258	48	3009
2259	78	4669
2260	42	4669
2261	91	4669
2262	39	4669
2263	33	5457
2264	91	1329
2265	136	1329
2266	91	3013
2267	48	3013
2268	33	5459
2269	78	4709
2270	70	4709
2271	39	4709
2272	136	4709
2273	33	5461
2274	78	385
2275	134	385
2276	91	4629
2277	39	4629
2278	78	386
2279	91	1330
2280	33	5462
2281	33	5463
2282	78	387
2283	91	1331
2284	91	5445
2285	77	5445
2286	33	5445
2287	33	5465
2288	228	7663
2289	33	5466
2290	91	1333
2291	136	1333
2292	33	5470
2293	49	2879
2294	123	2879
2295	124	2879
2296	125	2879
2297	49	2880
2298	124	2880
2299	125	2880
2300	109	2880
2301	50	2880
2302	119	2880
2303	49	2881
2304	51	2881
2305	124	2881
2306	125	2881
2307	120	2881
2308	122	2881
2309	49	2882
2310	109	2882
2311	50	2882
2312	119	2882
2313	118	2882
2314	49	2883
2315	51	2883
2316	124	2883
2317	125	2883
2318	120	2883
2319	122	2883
2320	49	2884
2321	51	2884
2322	124	2884
2323	125	2884
2324	120	2884
2325	121	2884
2326	49	2885
2327	123	2885
2328	109	2885
2329	50	2885
2330	119	2885
2331	118	2885
2332	88	1166
2333	49	2886
2334	124	2886
2335	125	2886
2336	120	2886
2337	50	2886
2338	122	2886
2339	88	1167
2340	49	2887
2341	109	2887
2342	50	2887
2343	87	2887
2344	119	2887
2345	88	3094
2346	48	3094
2347	88	1168
2348	49	2888
2349	51	2888
2350	124	2888
2351	120	2888
2352	121	2888
2353	88	1169
2354	49	2889
2355	51	2889
2356	124	2889
2357	125	2889
2358	120	2889
2359	122	2889
2360	88	1170
2361	49	2890
2362	123	2890
2363	124	2890
2364	125	2890
2365	120	2890
2366	88	1171
2367	49	2891
2368	51	2891
2369	124	2891
2370	125	2891
2371	120	2891
2372	122	2891
2373	49	2892
2374	51	2892
2375	124	2892
2376	120	2892
2377	50	2892
2378	122	2892
2379	49	2893
2380	123	2893
2381	51	2893
2382	124	2893
2383	120	2893
2384	121	2893
2385	49	2894
2386	51	2894
2387	120	2894
2388	121	2894
2389	122	2894
2390	49	2895
2391	51	2895
2392	124	2895
2393	125	2895
2394	120	2895
2395	122	2895
2396	49	2896
2397	51	2896
2398	120	2896
2399	109	2896
2400	50	2896
2401	119	2896
2402	49	2897
2403	123	2897
2404	51	2897
2405	120	2897
2406	121	2897
2407	49	2898
2408	123	2898
2409	51	2898
2410	124	2898
2411	120	2898
2412	121	2898
2413	49	2899
2414	51	2899
2415	120	2899
2416	121	2899
2417	122	2899
2418	118	2393
2419	49	2900
2420	51	2900
2421	124	2900
2422	125	2900
2423	120	2900
2424	122	2900
2425	49	2901
2426	51	2901
2427	124	2901
2428	125	2901
2429	120	2901
2430	121	2901
2431	49	2902
2432	109	2902
2433	121	2902
2434	119	2902
2435	118	2902
2436	49	2903
2437	124	2903
2438	125	2903
2439	50	2903
2440	121	2903
2441	122	2903
2442	49	2904
2443	123	2904
2444	51	2904
2445	109	2904
2446	50	2904
2447	119	2904
2448	49	2905
2449	124	2905
2450	125	2905
2451	49	2906
2452	120	2906
2453	109	2906
2454	50	2906
2455	119	2906
2456	118	2906
2457	49	2907
2458	123	2907
2459	124	2907
2460	109	2907
2461	121	2907
2462	119	2907
2463	112	2251
2464	113	2251
2465	49	2908
2466	109	2908
2467	50	2908
2468	119	2908
2469	122	2908
2470	112	2252
2471	113	2252
2472	49	2909
2473	123	2909
2474	51	2909
2475	124	2909
2476	120	2909
2477	121	2909
2478	45	3635
2479	44	3635
2480	43	3890
2481	130	3890
2482	43	3891
2483	130	3891
2484	45	242
2485	43	3892
2486	130	3892
2487	45	243
2488	43	3893
2489	130	3893
2490	45	3636
2491	44	3636
2492	43	3894
2493	45	244
2494	43	3895
2495	130	3895
2496	45	245
2497	43	3896
2498	45	246
2499	43	3897
2500	130	3897
2501	60	3897
2502	45	3702
2503	44	3702
2504	43	3898
2505	130	3898
2506	45	3708
2507	44	3708
2508	43	3899
2509	45	3732
2510	44	3732
2511	43	3900
2512	45	247
2513	46	247
2514	43	3901
2515	130	3901
2516	45	3379
2517	43	3902
2518	130	3902
2519	45	3770
2520	44	3770
2521	43	3903
2522	130	3903
2523	45	3380
2524	43	3904
2525	130	3904
2526	45	3381
2527	43	3905
2528	130	3905
2529	45	3382
2530	43	3906
2531	130	3906
2532	45	3383
2533	43	3907
2534	130	3907
2535	45	3384
2536	43	3908
2537	45	3908
2538	45	3385
2539	43	3909
2540	45	3386
2541	43	3910
2542	130	3910
2543	45	3387
2544	43	3911
2545	130	3911
2546	139	3911
2547	45	3388
2548	43	3912
2549	57	291
2550	136	291
2551	43	3913
2552	130	3913
2553	57	292
2554	43	3914
2555	130	3914
2556	57	293
2557	43	3915
2558	130	3915
2559	57	1784
2560	57	1783
2561	180	1783
2562	43	3916
2563	130	3916
2564	43	3917
2565	130	3917
2566	57	5394
2567	98	5394
2568	33	5394
2569	57	1786
2570	43	3918
2571	45	3918
2572	63	3918
2573	43	3919
2574	130	3919
2575	57	1788
2576	43	4334
2577	130	4334
2578	40	4334
2579	57	5419
2580	33	5419
2581	57	1792
2582	43	3920
2583	130	3920
2584	71	630
2585	98	630
2586	139	5204
2587	91	5468
2588	66	5468
2589	33	5468
2590	20	6952
2591	18	6952
2592	178	6952
2593	17	6952
2594	179	6952
2595	71	631
2596	98	631
2597	91	4729
2598	39	4729
2599	23	6799
2600	24	6799
2601	22	6799
2602	23	6798
2603	24	6798
2604	22	6798
2605	20	19
2606	177	19
2607	179	19
2608	19	19
2609	139	5205
2610	71	632
2611	98	632
2612	23	6800
2613	24	6800
2614	22	6800
2615	139	2051
2616	98	2051
2617	91	4751
2618	39	4751
2619	20	6955
2620	18	6955
2621	178	6955
2622	17	6955
2623	179	6955
2624	19	6955
2625	71	633
2626	91	1334
2627	139	1845
2628	57	1845
2629	23	6801
2630	24	6801
2631	22	6801
2632	20	6960
2633	18	6960
2634	178	6960
2635	17	6960
2636	179	6960
2637	71	636
2638	91	4947
2639	38	4947
2640	68	5377
2641	33	5377
2642	139	5655
2643	33	5655
2644	23	6802
2645	24	6802
2646	22	6802
2647	67	334
2648	68	342
2649	71	638
2650	98	638
2651	23	6803
2652	24	6803
2653	22	6803
2654	68	343
2655	139	5206
2656	67	335
2657	71	639
2658	23	6804
2659	24	6804
2660	22	6804
2661	139	5075
2662	37	5075
2663	20	6961
2664	18	6961
2665	178	6961
2666	17	6961
2667	179	6961
2668	67	336
2669	71	640
2670	139	1847
2671	57	1847
2672	23	6805
2673	24	6805
2674	22	6805
2675	71	641
2676	23	6806
2677	24	6806
2678	22	6806
2679	20	6965
2680	18	6965
2681	178	6965
2682	17	6965
2683	179	6965
2684	19	6965
2685	67	1285
2686	91	1285
2687	136	1285
2688	139	1369
2689	64	1369
2690	20	6967
2691	18	6967
2692	178	6967
2693	17	6967
2694	179	6967
2695	67	337
2696	139	5659
2697	33	5659
2698	23	6807
2699	24	6807
2700	22	6807
2701	71	642
2702	98	642
2703	72	642
2704	71	644
2705	98	644
2706	67	1284
2707	23	6808
2708	24	6808
2709	22	6808
2710	20	6968
2711	178	6968
2712	17	6968
2713	179	6968
2714	139	2054
2715	98	2054
2716	67	3138
2717	47	3138
2718	128	3138
2719	139	4451
2720	40	4451
2721	23	6809
2722	24	6809
2723	22	6809
2724	20	6969
2725	18	6969
2726	178	6969
2727	17	6969
2728	179	6969
2729	19	6969
2730	71	645
2731	98	645
2732	71	646
2733	98	646
2734	72	646
2735	23	6810
2736	24	6810
2737	22	6810
2738	20	6971
2739	18	6971
2740	178	6971
2741	17	6971
2742	179	6971
2743	67	1286
2744	139	2055
2745	98	2055
2746	20	6970
2747	18	6970
2748	178	6970
2749	17	6970
2750	179	6970
2751	19	6970
2752	71	647
2753	72	647
2754	139	5207
2755	23	6811
2756	24	6811
2757	22	6811
2758	67	1287
2759	20	6973
2760	18	6973
2761	178	6973
2762	17	6973
2763	179	6973
2764	19	6973
2765	67	1288
2766	139	5208
2767	23	6812
2768	24	6812
2769	22	6812
2770	71	648
2771	98	648
2772	72	648
2773	20	6978
2774	18	6978
2775	178	6978
2776	17	6978
2777	179	6978
2778	71	650
2779	139	5209
2780	23	6813
2781	24	6813
2782	22	6813
2783	67	3643
2784	44	3643
2785	20	6979
2786	18	6979
2787	178	6979
2788	17	6979
2789	179	6979
2790	71	654
2791	139	5210
2792	23	6814
2793	24	6814
2794	22	6814
2795	67	1289
2796	91	1289
2797	20	6983
2798	18	6983
2799	178	6983
2800	17	6983
2801	179	6983
2802	19	6983
2803	139	2057
2804	98	2057
2805	67	2930
2806	48	2930
2807	23	6815
2808	24	6815
2809	22	6815
2810	71	655
2811	20	6985
2812	18	6985
2813	178	6985
2814	17	6985
2815	179	6985
2816	19	6985
2817	71	656
2818	67	4535
2819	39	4535
2820	139	5667
2821	33	5667
2822	23	6816
2823	24	6816
2824	22	6816
2825	20	6992
2826	18	6992
2827	178	6992
2828	17	6992
2829	179	6992
2830	19	6992
2831	71	657
2832	72	657
2833	67	5401
2834	136	5401
2835	33	5401
2836	139	5671
2837	33	5671
2838	23	6817
2839	24	6817
2840	22	6817
2841	20	6995
2842	18	6995
2843	178	6995
2844	17	6995
2845	179	6995
2846	19	6995
2847	71	659
2848	72	659
2849	67	4822
2850	38	4822
2851	23	6818
2852	24	6818
2853	22	6818
2854	139	5211
2855	20	6996
2856	193	6996
2857	18	6996
2858	17	6996
2859	179	6996
2860	71	660
2861	67	5403
2862	91	5403
2863	136	5403
2864	33	5403
2865	23	6819
2866	24	6819
2867	22	6819
2868	139	5674
2869	33	5674
2870	71	661
2871	98	661
2872	67	4828
2873	38	4828
2874	23	6820
2875	24	6820
2876	22	6820
2877	20	7009
2878	18	7009
2879	177	7009
2880	178	7009
2881	17	7009
2882	179	7009
2883	139	5676
2884	35	5676
2885	33	5676
2886	71	662
2887	98	662
2888	72	662
2889	139	5212
2890	20	7014
2891	18	7014
2892	178	7014
2893	17	7014
2894	179	7014
2895	67	1291
2896	77	1291
2897	71	663
2898	139	1850
2899	57	1850
2900	151	6511
2901	152	6511
2902	161	6511
2903	162	6511
2904	67	1292
2905	77	1292
2906	68	5243
2907	39	5243
2908	35	5243
2909	71	664
2910	67	4567
2911	39	4567
2912	139	5213
2913	151	6510
2914	150	6510
2915	152	6510
2916	161	6510
2917	162	6510
2918	71	665
2919	72	665
2920	67	4569
2921	39	4569
2922	68	4793
2923	38	4793
2924	139	5683
2925	35	5683
2926	33	5683
2927	151	6684
2928	150	6684
2929	152	6684
2930	161	6684
2931	162	6684
2932	68	339
2933	71	666
2934	98	666
2935	72	666
2936	67	1787
2937	57	1787
2938	139	2062
2939	98	2062
2940	68	340
2941	151	6685
2942	150	6685
2943	152	6685
2944	161	6685
2945	162	6685
2946	71	667
2947	98	667
2948	72	667
2949	67	1295
2950	136	1295
2951	139	2063
2952	98	2063
2953	151	6686
2954	150	6686
2955	152	6686
2956	161	6686
2957	162	6686
2958	68	341
2959	71	1622
2960	58	1622
2961	139	5684
2962	33	5684
2963	151	6687
2964	150	6687
2965	152	6687
2966	161	6687
2967	162	6687
2968	67	1296
2969	68	5368
2970	33	5368
2971	71	669
2972	139	5214
2973	67	1297
2974	136	1297
2975	151	6512
2976	152	6512
2977	161	6512
2978	162	6512
2979	68	338
2980	67	338
2981	91	338
2982	71	671
2983	98	671
2984	67	4611
2985	91	4611
2986	39	4611
2987	139	5687
2988	33	5687
2989	148	4812
2990	47	4812
2991	128	4812
2992	38	4812
2993	148	559
2994	81	559
2995	148	2117
2996	100	2117
2997	101	2117
2998	148	6293
2999	148	6294
3000	148	2926
3001	48	2926
3002	148	6295
3003	148	4978
3004	136	4978
3005	148	6296
3006	148	6297
3007	148	522
3008	71	522
3009	148	5822
3010	32	5822
3011	145	5822
3012	146	5822
3013	58	5822
3014	148	5828
3015	52	5828
3016	32	5828
3017	145	5828
3018	146	5828
3019	108	5828
3020	148	1145
3021	87	1145
3022	86	1145
3023	148	5835
3024	32	5835
3025	145	5835
3026	146	5835
3027	148	3151
3028	56	3151
3029	97	3151
3030	106	3151
3031	47	3151
3032	128	3151
3033	148	6298
3034	148	2954
3035	52	2954
3036	48	2954
3037	148	6299
3038	148	527
3039	71	527
3040	72	527
3041	148	5850
3042	32	5850
3043	145	5850
3044	146	5850
3045	148	6327
3046	30	6327
3047	54	6327
3048	53	6327
3049	106	6327
3050	148	365
3051	73	365
3052	148	1923
3053	56	1923
3054	97	1923
3055	106	1923
3056	148	6300
3057	148	4356
3058	40	4356
3059	148	6301
3060	148	5855
3061	32	5855
3062	145	5855
3063	146	5855
3064	108	5855
3065	148	4620
3066	39	4620
3067	148	5856
3068	32	5856
3069	145	5856
3070	146	5856
3071	47	5856
3072	128	5856
3073	148	3183
3074	47	3183
3075	128	3183
3076	136	3183
3077	71	1030
3078	98	1030
3079	48	2992
3080	128	3262
3081	45	3481
3082	71	1031
3083	72	1031
3084	24	28
3085	25	28
3086	48	2993
3087	45	3482
3088	71	1032
3089	72	1032
3090	128	7002
3091	178	7002
3092	17	7002
3093	24	115
3094	25	115
3095	26	115
3096	45	3483
3097	71	1033
3098	98	1033
3099	48	2995
3100	24	116
3101	25	116
3102	26	116
3103	48	2997
3104	45	3484
3105	24	117
3106	149	117
3107	71	1035
3108	98	1035
3109	45	3485
3110	48	2998
3111	24	118
3112	149	118
3113	71	1036
3114	98	1036
3115	72	1036
3116	48	2999
3117	45	3486
3118	24	119
3119	149	119
3120	71	1037
3121	45	3487
3122	24	120
3123	25	120
3124	26	120
3125	71	1773
3126	58	1773
3127	72	1773
3128	48	3002
3129	48	3003
3130	45	3488
3131	71	1038
3132	72	1038
3133	24	121
3134	25	121
3135	26	121
3136	45	3489
3137	24	122
3138	25	122
3139	26	122
3140	71	1039
3141	98	1039
3142	48	3004
3143	48	3005
3144	45	3490
3145	71	1040
3146	98	1040
3147	24	123
3148	25	123
3149	26	123
3150	48	3006
3151	136	3006
3152	45	3491
3153	71	1041
3154	72	1041
3155	24	6507
3156	22	6507
3157	45	3492
3158	48	3007
3159	24	124
3160	149	124
3161	71	1043
3162	98	1043
3163	72	1043
3164	45	3493
3165	48	3008
3166	24	125
3167	25	125
3168	26	125
3169	71	1044
3170	72	1044
3171	45	3494
3172	24	126
3173	25	126
3174	26	126
3175	71	1045
3176	98	1045
3177	48	3010
3178	48	3011
3179	45	3495
3180	24	127
3181	25	127
3182	26	127
3183	71	1046
3184	72	1046
3185	45	3496
3186	24	128
3187	25	128
3188	26	128
3189	48	3012
3190	71	1047
3191	48	3014
3192	45	3497
3193	24	129
3194	25	129
3195	26	129
3196	71	1048
3197	72	1048
3198	48	3015
3199	45	3498
3200	71	1049
3201	98	1049
3202	24	130
3203	25	130
3204	26	130
3205	48	3016
3206	45	3499
3207	24	131
3208	25	131
3209	26	131
3210	71	1050
3211	48	3017
3212	136	3017
3213	45	5582
3214	33	5582
3215	71	1051
3216	98	1051
3217	24	132
3218	25	132
3219	26	132
3220	45	3500
3221	71	1052
3222	48	3018
3223	45	3501
3224	131	3968
3225	71	1053
3226	48	3019
3227	45	3502
3228	131	3969
3229	48	3020
3230	45	3503
3231	131	3970
3232	71	5777
3233	33	5777
3234	71	1774
3235	58	1774
3236	48	3021
3237	45	3504
3238	131	3971
3239	207	7563
3240	212	7563
3241	218	7563
3242	48	3022
3243	71	1055
3244	72	1055
3245	48	3023
3246	45	3505
3247	131	3972
3248	71	1056
3249	98	1056
3250	45	3506
3251	131	3973
3252	132	3973
3253	47	3170
3254	128	3170
3255	180	3170
3256	71	1058
3257	98	1058
3258	45	3507
3259	131	3975
3260	71	1059
3261	98	1059
3262	48	3025
3263	48	3027
3264	45	3508
3265	131	3976
3266	47	5258
3267	128	5258
3268	35	5258
3269	47	3172
3270	128	3172
3271	48	3172
3272	71	1062
3273	98	1062
3274	48	3029
3275	45	3509
3276	131	3977
3277	71	1063
3278	98	1063
3279	72	1063
3280	48	3030
3281	47	3173
3282	128	3173
3283	48	3173
3284	45	3510
3285	131	3978
3286	71	1064
3287	72	1064
3288	48	3031
3289	47	5260
3290	128	5260
3291	35	5260
3292	31	6129
3293	80	565
3294	80	624
3295	71	624
3296	31	6130
3297	82	6130
3298	31	6131
3299	148	6131
3300	80	6339
3301	105	6339
3302	30	6339
3303	80	635
3304	71	635
3305	31	6132
3306	71	6132
3307	72	6132
3308	80	566
3309	31	6133
3310	61	6133
3311	33	6133
3312	31	6134
3313	81	6134
3314	80	6342
3315	30	6342
3316	71	6342
3317	80	6344
3318	105	6344
3319	30	6344
3320	31	6421
3321	30	6421
3322	80	567
3323	81	567
3324	31	6422
3325	30	6422
3326	31	6135
3327	80	6346
3328	30	6346
3329	31	6423
3330	30	6423
3331	31	191
3332	32	191
3333	145	191
3334	146	191
3335	31	5883
3336	98	5883
3337	31	6424
3338	30	6424
3339	31	5884
3340	31	6136
3341	148	6136
3342	31	5885
3343	58	5885
3344	31	6137
3345	98	6137
3346	31	6138
3347	62	6138
3348	33	6138
3349	31	5886
3350	81	5886
3351	33	5886
3352	31	6139
3353	134	6139
3354	31	5887
3355	105	5887
3356	31	6140
3357	58	6140
3358	31	5888
3359	31	6141
3360	58	6141
3361	31	5889
3362	148	5889
3363	31	6142
3364	71	6142
3365	31	5891
3366	47	5891
3367	128	5891
3368	31	5890
3369	31	6425
3370	30	6425
3371	31	5892
3372	108	5892
3373	31	6143
3374	71	6143
3375	31	5893
3376	73	5893
3377	31	6426
3378	105	6426
3379	30	6426
3380	31	6144
3381	58	6144
3382	31	5895
3383	52	5895
3384	32	5895
3385	145	5895
3386	146	5895
3387	31	5897
3388	31	6427
3389	30	6427
3390	31	6428
3391	30	6428
3392	31	5898
3393	31	5899
3394	31	6145
3395	31	5900
3396	38	5900
3397	136	5900
3398	31	6429
3399	30	6429
3400	149	6429
3401	31	5901
3402	32	5901
3403	145	5901
3404	146	5901
3405	180	5901
3406	31	6430
3407	30	6430
3408	31	5902
3409	33	5902
3410	31	6146
3411	81	6146
3412	31	5903
3413	98	5903
3414	31	6431
3415	105	6431
3416	30	6431
3417	31	5904
3418	148	5904
3419	32	5904
3420	145	5904
3421	146	5904
3422	180	5904
3423	31	6147
3424	31	5905
3425	31	6432
3426	30	6432
3427	57	1793
3428	57	5434
3429	33	5434
3430	57	1794
3431	136	1794
3432	57	1795
3433	57	1796
3434	57	1797
3435	57	4890
3436	38	4890
3437	57	3065
3438	48	3065
3439	57	1802
3440	57	4938
3441	38	4938
3442	57	1803
3443	57	1804
3444	57	5489
3445	33	5489
3446	57	1806
3447	57	5503
3448	33	5503
3449	57	5051
3450	37	5051
3451	57	1822
3452	57	5538
3453	33	5538
3454	57	5551
3455	98	5551
3456	35	5551
3457	33	5551
3458	57	1828
3459	98	1828
3460	57	5599
3461	33	5599
3462	57	1834
3463	64	1834
3464	57	5605
3465	64	5605
3466	33	5605
3467	57	5063
3468	37	5063
3469	57	1838
3470	98	1838
3471	57	5652
3472	33	5652
3473	57	5653
3474	98	5653
3475	33	5653
3476	57	5074
3477	37	5074
3478	57	5660
3479	33	5660
3480	57	5694
3481	33	5694
3482	57	1858
3483	134	4107
3484	42	4107
3485	213	7485
3486	214	7485
3487	134	4316
3488	213	7515
3489	134	1372
3490	64	1372
3491	213	7516
3492	222	7516
3493	134	4317
3494	213	7517
3495	221	7517
3496	213	7518
3497	213	7519
3498	213	7520
3499	73	360
3500	98	360
3501	73	359
3502	72	359
3503	213	7602
3504	214	7602
3505	206	7602
3506	73	361
3507	213	7603
3508	206	7603
3509	221	7603
3510	73	362
3511	213	7604
3512	206	7604
3513	73	363
3514	213	7521
3515	214	7521
3516	213	7522
3517	73	364
3518	73	528
3519	71	528
3520	72	528
3521	213	7606
3522	206	7606
3523	219	7606
3524	213	7523
3525	73	3160
3526	47	3160
3527	128	3160
3528	73	366
3529	74	366
3530	213	7607
3531	206	7607
3532	73	420
3533	213	7608
3534	206	7608
3535	221	7608
3536	213	7609
3537	206	7609
3538	221	7609
3539	73	421
3540	136	421
3541	213	7610
3542	206	7610
3543	221	7610
3544	73	422
3545	73	423
3546	136	423
3547	213	7524
3548	221	7524
3549	213	7525
3550	73	425
3551	213	7526
3552	73	426
3553	73	427
3554	213	7527
3555	73	428
3556	73	429
3557	211	7471
3558	224	7471
3559	73	430
3560	211	7472
3561	212	7472
3562	73	432
3563	77	432
3564	211	7470
3565	209	7470
3566	224	7470
3567	211	7617
3568	204	7617
3569	73	433
3570	73	594
3571	71	594
3572	211	7473
3573	73	600
3574	71	600
3575	211	7474
3576	211	7629
3577	204	7629
3578	73	1619
3579	58	1619
3580	73	434
3581	142	5347
3582	143	5347
3583	64	5347
3584	33	5347
3585	49	2609
3586	51	2609
3587	124	2609
3588	120	2609
3589	109	2609
3590	121	2609
3591	44	3688
3592	39	5279
3593	35	5279
3594	49	2610
3595	51	2610
3596	124	2610
3597	120	2610
3598	121	2610
3599	122	2610
3600	44	3689
3601	39	4758
3602	89	4758
3603	142	5390
3604	143	5390
3605	64	5390
3606	33	5390
3607	53	2147
3608	106	2147
3609	102	2147
3610	104	2147
3611	49	2611
3612	51	2611
3613	124	2611
3614	125	2611
3615	120	2611
3616	50	2611
3617	44	3690
3618	53	2148
3619	106	2148
3620	107	2148
3621	142	5413
3622	143	5413
3623	64	5413
3624	33	5413
3625	49	2612
3626	51	2612
3627	124	2612
3628	120	2612
3629	121	2612
3630	122	2612
3631	39	4759
3632	142	5447
3633	143	5447
3634	64	5447
3635	33	5447
3636	44	3692
3637	39	4760
3638	53	2150
3639	106	2150
3640	107	2150
3641	49	2613
3642	109	2613
3643	50	2613
3644	87	2613
3645	119	2613
3646	122	2613
3647	142	5478
3648	143	5478
3649	64	5478
3650	33	5478
3651	44	3693
3652	39	4761
3653	136	4761
3654	53	2151
3655	106	2151
3656	107	2151
3657	49	2614
3658	120	2614
3659	119	2614
3660	122	2614
3661	44	3694
3662	39	5280
3663	35	5280
3664	49	2615
3665	51	2615
3666	120	2615
3667	121	2615
3668	44	3695
3669	53	2153
3670	106	2153
3671	107	2153
3672	39	4762
3673	77	4762
3674	111	2273
3675	113	2273
3676	49	2616
3677	124	2616
3678	125	2616
3679	120	2616
3680	44	3696
3681	53	2157
3682	128	2157
3683	111	2276
3684	113	2276
3685	39	4763
3686	111	2275
3687	113	2275
3688	49	2617
3689	109	2617
3690	50	2617
3691	87	2617
3692	119	2617
3693	118	2617
3694	44	3697
3695	49	2618
3696	51	2618
3697	120	2618
3698	50	2618
3699	121	2618
3700	122	2618
3701	44	3698
3702	39	4765
3703	111	2277
3704	177	2277
3705	49	2925
3706	109	2925
3707	119	2925
3708	48	2925
3709	44	3699
3710	39	5477
3711	33	5477
3712	49	2619
3713	109	2619
3714	50	2619
3715	87	2619
3716	119	2619
3717	118	2619
3718	44	3700
3719	39	4767
3720	214	7508
3721	221	7508
3722	42	221
3723	49	2620
3724	124	2620
3725	125	2620
3726	109	2620
3727	119	2620
3728	118	2620
3729	44	3701
3730	39	4768
3731	214	7621
3732	204	7621
3733	215	7621
3734	39	4769
3735	44	4769
3736	42	222
3737	49	2621
3738	51	2621
3739	120	2621
3740	109	2621
3741	50	2621
3742	119	2621
3743	214	7627
3744	204	7627
3745	44	3703
3746	214	7575
3747	206	7575
3748	49	2622
3749	51	2622
3750	124	2622
3751	125	2622
3752	50	2622
3753	122	2622
3754	39	4771
3755	66	4771
3756	112	2253
3757	113	2253
3758	44	3704
3759	112	2254
3760	113	2254
3761	49	2623
3762	123	2623
3763	124	2623
3764	125	2623
3765	109	2623
3766	119	2623
3767	44	3705
3768	39	4772
3769	57	4772
3770	39	4773
3771	63	4773
3772	214	7628
3773	204	7628
3774	221	7628
3775	112	2255
3776	113	2255
3777	49	2624
3778	51	2624
3779	124	2624
3780	125	2624
3781	120	2624
3782	121	2624
3783	44	3706
3784	214	7635
3785	203	7635
3786	39	4774
3787	89	4774
3788	112	2256
3789	113	2256
3790	49	2625
3791	124	2625
3792	125	2625
3793	109	2625
3794	119	2625
3795	118	2625
3796	44	3707
3797	214	7511
3798	223	7511
3799	221	7511
3800	39	4777
3801	214	7510
3802	221	7510
3803	49	2626
3804	109	2626
3805	50	2626
3806	121	2626
3807	119	2626
3808	122	2626
3809	44	3709
3810	39	4778
3811	214	7512
3812	219	7512
3813	49	2627
3814	123	2627
3815	124	2627
3816	109	2627
3817	119	2627
3818	44	3710
3819	39	4779
3820	214	7513
3821	49	2628
3822	124	2628
3823	125	2628
3824	50	2628
3825	118	2628
3826	44	3711
3827	39	4780
3828	214	7514
3829	221	7514
3830	49	2937
3831	51	2937
3832	120	2937
3833	122	2937
3834	48	2937
3835	44	3712
3836	39	4783
3837	49	2629
3838	51	2629
3839	124	2629
3840	125	2629
3841	120	2629
3842	44	3713
3843	49	2630
3844	124	2630
3845	125	2630
3846	109	2630
3847	119	2630
3848	122	2630
3849	39	4784
3850	44	3715
3851	49	2631
3852	120	2631
3853	109	2631
3854	52	2631
3855	119	2631
3856	39	4785
3857	44	3716
3858	49	2632
3859	51	2632
3860	124	2632
3861	125	2632
3862	120	2632
3863	121	2632
3864	44	3717
3865	39	4789
3866	49	2633
3867	123	2633
3868	51	2633
3869	124	2633
3870	120	2633
3871	121	2633
3872	44	3718
3873	39	5797
3874	33	5797
3875	39	4790
3876	136	4790
3877	49	2634
3878	51	2634
3879	124	2634
3880	125	2634
3881	120	2634
3882	122	2634
3883	44	3719
3884	39	5122
3885	37	5122
3886	49	2635
3887	51	2635
3888	124	2635
3889	125	2635
3890	120	2635
3891	122	2635
3892	44	3720
3893	39	5123
3894	37	5123
3895	49	2636
3896	51	2636
3897	120	2636
3898	121	2636
3899	44	3721
3900	39	4791
3901	49	2637
3902	51	2637
3903	120	2637
3904	109	2637
3905	119	2637
3906	122	2637
3907	44	3722
3908	74	417
3909	49	2638
3910	123	2638
3911	124	2638
3912	125	2638
3913	50	2638
3914	44	3723
3915	87	1137
3916	86	1137
3917	49	2910
3918	124	2910
3919	125	2910
3920	50	2910
3921	121	2910
3922	122	2910
3923	33	5472
3924	85	5472
3925	151	6513
3926	152	6513
3927	161	6513
3928	162	6513
3929	49	2911
3930	51	2911
3931	124	2911
3932	125	2911
3933	120	2911
3934	121	2911
3935	67	5423
3936	33	5423
3937	151	6688
3938	150	6688
3939	152	6688
3940	161	6688
3941	162	6688
3942	87	1138
3943	86	1138
3944	67	1299
3945	91	1299
3946	49	2912
3947	123	2912
3948	51	2912
3949	124	2912
3950	125	2912
3951	120	2912
3952	33	5479
3953	151	6689
3954	150	6689
3955	152	6689
3956	161	6689
3957	162	6689
3958	67	1550
3959	59	1550
3960	136	1550
3961	87	1141
3962	86	1141
3963	151	6691
3964	150	6691
3965	152	6691
3966	161	6691
3967	162	6691
3968	87	1139
3969	86	1139
3970	67	1300
3971	91	1300
3972	136	1300
3973	33	5481
3974	151	6690
3975	150	6690
3976	152	6690
3977	161	6690
3978	162	6690
3979	51	271
3980	124	271
3981	120	271
3982	50	271
3983	121	271
3984	122	271
3985	33	5483
3986	87	1140
3987	86	1140
3988	151	6692
3989	150	6692
3990	152	6692
3991	161	6692
3992	162	6692
3993	87	1142
3994	86	1142
3995	67	1551
3996	59	1551
3997	33	5487
3998	51	272
3999	120	272
4000	67	1301
4001	91	1301
4002	151	6693
4003	150	6693
4004	152	6693
4005	161	6693
4006	162	6693
4007	51	273
4008	120	273
4009	121	273
4010	52	273
4011	122	273
4012	87	1143
4013	86	1143
4014	33	5490
4015	151	6514
4016	152	6514
4017	161	6514
4018	162	6514
4019	67	1553
4020	59	1553
4021	51	2244
4022	124	2244
4023	109	2244
4024	134	2244
4025	119	2244
4026	87	1201
4027	86	1201
4028	85	1201
4029	67	4625
4030	39	4625
4031	77	4625
4032	33	5492
4033	151	6515
4034	152	6515
4035	162	6515
4036	51	2398
4037	120	2398
4038	121	2398
4039	118	2398
4040	33	5494
4041	87	1144
4042	86	1144
4043	151	6694
4044	150	6694
4045	152	6694
4046	161	6694
4047	162	6694
4048	67	1302
4049	91	1302
4050	136	1302
4051	33	5532
4052	51	5894
4053	121	5894
4054	31	5894
4055	151	6516
4056	152	6516
4057	162	6516
4058	87	1203
4059	86	1203
4060	85	1203
4061	67	4633
4062	39	4633
4063	73	435
4064	67	1303
4065	91	1303
4066	51	2543
4067	124	2543
4068	125	2543
4069	120	2543
4070	50	2543
4071	121	2543
4072	33	5533
4073	51	2399
4074	120	2399
4075	121	2399
4076	33	5546
4077	151	6517
4078	152	6517
4079	161	6517
4080	162	6517
4081	67	1304
4082	91	1304
4083	151	6518
4084	152	6518
4085	161	6518
4086	162	6518
4087	51	2400
4088	120	2400
4089	121	2400
4090	73	4070
4091	42	4070
4092	33	5553
4093	73	437
4094	67	1305
4095	151	6519
4096	152	6519
4097	161	6519
4098	162	6519
4099	51	2918
4100	120	2918
4101	121	2918
4102	48	2918
4103	73	634
4104	71	634
4105	72	634
4106	33	5562
4107	151	6520
4108	152	6520
4109	162	6520
4110	67	1306
4111	72	1306
4112	51	2403
4113	120	2403
4114	109	2403
4115	118	2403
4116	33	5571
4117	151	6695
4118	150	6695
4119	152	6695
4120	161	6695
4121	162	6695
4122	73	438
4123	67	1562
4124	59	1562
4125	73	649
4126	71	649
4127	67	1563
4128	59	1563
4129	51	2544
4130	120	2544
4131	109	2544
4132	50	2544
4133	122	2544
4134	33	5573
4135	51	2405
4136	124	2405
4137	125	2405
4138	120	2405
4139	121	2405
4140	151	6521
4141	152	6521
4142	161	6521
4143	162	6521
4144	73	652
4145	71	652
4146	67	3766
4147	44	3766
4148	33	5580
4149	151	6696
4150	150	6696
4151	152	6696
4152	161	6696
4153	162	6696
4154	33	5581
4155	73	439
4156	51	2406
4157	125	2406
4158	120	2406
4159	121	2406
4160	122	2406
4161	151	6697
4162	150	6697
4163	152	6697
4164	161	6697
4165	162	6697
4166	67	331
4167	91	331
4168	66	331
4169	73	440
4170	51	2407
4171	120	2407
4172	122	2407
4173	67	4683
4174	39	4683
4175	33	5583
4176	33	5590
4177	151	6522
4178	152	6522
4179	161	6522
4180	162	6522
4181	51	2408
4182	121	2408
4183	151	6523
4184	152	6523
4185	162	6523
4186	73	672
4187	71	672
4188	72	672
4189	67	1308
4190	51	2545
4191	120	2545
4192	50	2545
4193	121	2545
4194	122	2545
4195	73	684
4196	71	684
4197	33	5591
4198	151	6524
4199	152	6524
4200	161	6524
4201	162	6524
4202	67	1311
4203	73	442
4204	51	2409
4205	120	2409
4206	109	2409
4207	119	2409
4208	33	5596
4209	151	6525
4210	152	6525
4211	161	6525
4212	162	6525
4213	67	1801
4214	91	1801
4215	57	1801
4216	51	2410
4217	124	2410
4218	120	2410
4219	121	2410
4220	122	2410
4221	33	5597
4222	151	6698
4223	150	6698
4224	152	6698
4225	161	6698
4226	162	6698
4227	73	443
4228	67	1571
4229	59	1571
4230	136	1571
4231	33	5598
4232	73	1809
4233	57	1809
4234	51	2411
4235	120	2411
4236	109	2411
4237	121	2411
4238	119	2411
4239	151	6699
4240	150	6699
4241	152	6699
4242	161	6699
4243	162	6699
4244	51	2413
4245	120	2413
4246	67	4715
4247	39	4715
4248	33	5615
4249	73	444
4250	67	4718
4251	39	4718
4252	151	6700
4253	150	6700
4254	152	6700
4255	161	6700
4256	162	6700
4257	33	5626
4258	73	445
4259	98	445
4260	67	1312
4261	91	1312
4262	51	2414
4263	120	2414
4264	151	6701
4265	150	6701
4266	152	6701
4267	161	6701
4268	162	6701
4269	51	2415
4270	120	2415
4271	122	2415
4272	73	446
4273	33	5630
4274	21	6863
4275	169	6863
4276	170	6863
4277	171	6863
4278	172	6863
4279	180	6863
4280	67	5467
4281	33	5467
4282	33	5634
4283	21	6864
4284	169	6864
4285	170	6864
4286	171	6864
4287	172	6864
4288	73	450
4289	51	2547
4290	124	2547
4291	125	2547
4292	120	2547
4293	50	2547
4294	121	2547
4295	67	4727
4296	39	4727
4297	51	5806
4298	120	5806
4299	121	5806
4300	32	5806
4301	146	5806
4302	21	6865
4303	171	6865
4304	172	6865
4305	73	451
4306	33	5635
4307	67	1314
4308	91	1314
4309	51	2417
4310	120	2417
4311	121	2417
4312	21	6866
4313	196	6866
4314	170	6866
4315	171	6866
4316	172	6866
4317	73	452
4318	67	1315
4319	33	5645
4320	21	6867
4321	169	6867
4322	170	6867
4323	171	6867
4324	172	6867
4325	73	719
4326	71	719
4327	51	2418
4328	124	2418
4329	125	2418
4330	120	2418
4331	121	2418
4332	122	2418
4333	67	5036
4334	37	5036
4335	33	5646
4336	51	2419
4337	33	5647
4338	21	6868
4339	169	6868
4340	170	6868
4341	171	6868
4342	172	6868
4343	112	2250
4344	111	2250
4345	113	2250
4346	136	5000
4347	112	2257
4348	113	2257
4349	136	5001
4350	112	2258
4351	113	2258
4352	136	5002
4353	112	2274
4354	111	2274
4355	113	2274
4356	136	5473
4357	33	5473
4358	136	5003
4359	112	2260
4360	113	2260
4361	112	2259
4362	113	2259
4363	136	5004
4364	112	2261
4365	113	2261
4366	136	5005
4367	112	2262
4368	113	2262
4369	136	5007
4370	112	2263
4371	113	2263
4372	136	5008
4373	112	2264
4374	136	5009
4375	136	5010
4376	86	1130
4377	85	1130
4378	89	1248
4379	86	1135
4380	89	1249
4381	86	1191
4382	232	7667
4383	231	7667
4384	191	7031
4385	181	7031
4386	232	7668
4387	233	7668
4388	191	7032
4389	181	7032
4390	232	7681
4391	233	7681
4392	232	7682
4393	233	7682
4394	191	7261
4395	191	7040
4396	183	7040
4397	232	7683
4398	235	7683
4399	191	7041
4400	183	7041
4401	232	7684
4402	233	7684
4403	191	7262
4404	191	7042
4405	183	7042
4406	232	7685
4407	233	7685
4408	191	7051
4409	181	7051
4410	232	7686
4411	235	7686
4412	191	7054
4413	181	7054
4414	232	7687
4415	233	7687
4416	232	7688
4417	233	7688
4418	191	7055
4419	181	7055
4420	232	7690
4421	235	7690
4422	191	7263
4423	232	7689
4424	233	7689
4425	191	7264
4426	232	7691
4427	233	7691
4428	232	7692
4429	234	7692
4430	191	7061
4431	184	7061
4432	191	7265
4433	232	7693
4434	233	7693
4435	232	7694
4436	234	7694
4437	191	7056
4438	181	7056
4439	191	7266
4440	232	7714
4441	231	7714
4442	51	2420
4443	121	2420
4444	139	5215
4445	51	2421
4446	139	5691
4447	35	5691
4448	33	5691
4449	51	2550
4450	124	2550
4451	125	2550
4452	120	2550
4453	50	2550
4454	122	2550
4455	139	5216
4456	139	1739
4457	58	1739
4458	98	1739
4459	123	2437
4460	51	2437
4461	120	2437
4462	121	2437
4463	122	2437
4464	123	2559
4465	50	2559
4466	121	2559
4467	139	5096
4468	57	5096
4469	37	5096
4470	123	2441
4471	51	2441
4472	124	2441
4473	120	2441
4474	121	2441
4475	139	5217
4476	139	1855
4477	57	1855
4478	63	1855
4479	123	2443
4480	51	2443
4481	124	2443
4482	120	2443
4483	122	2443
4484	123	2446
4485	51	2446
4486	120	2446
4487	121	2446
4488	118	2446
4489	122	2446
4490	139	5218
4491	123	2566
4492	124	2566
4493	120	2566
4494	50	2566
4495	118	2566
4496	122	2566
4497	139	5697
4498	98	5697
4499	33	5697
4500	123	2469
4501	51	2469
4502	124	2469
4503	120	2469
4504	121	2469
4505	139	2067
4506	98	2067
4507	123	2987
4508	51	2987
4509	120	2987
4510	121	2987
4511	48	2987
4512	139	5699
4513	57	5699
4514	33	5699
4515	123	2471
4516	51	2471
4517	124	2471
4518	125	2471
4519	120	2471
4520	121	2471
4521	139	5097
4522	37	5097
4523	139	1856
4524	57	1856
4525	123	2567
4526	124	2567
4527	125	2567
4528	50	2567
4529	122	2567
4530	123	2474
4531	51	2474
4532	124	2474
4533	120	2474
4534	121	2474
4535	139	4465
4536	40	4465
4537	123	2913
4538	124	2913
4539	125	2913
4540	139	5219
4541	123	2475
4542	51	2475
4543	124	2475
4544	120	2475
4545	121	2475
4546	122	2475
4547	139	3612
4548	45	3612
4549	123	2477
4550	51	2477
4551	120	2477
4552	121	2477
4553	122	2477
4554	139	5099
4555	37	5099
4556	123	2570
4557	51	2570
4558	124	2570
4559	120	2570
4560	50	2570
4561	121	2570
4562	139	1370
4563	64	1370
4564	123	2482
4565	51	2482
4566	120	2482
4567	121	2482
4568	122	2482
4569	139	5707
4570	35	5707
4571	33	5707
4572	123	2486
4573	51	2486
4574	124	2486
4575	125	2486
4576	120	2486
4577	121	2486
4578	139	5220
4579	123	2488
4580	51	2488
4581	124	2488
4582	120	2488
4583	121	2488
4584	122	2488
4585	139	5711
4586	33	5711
4587	139	5712
4588	33	5712
4589	123	2490
4590	51	2490
4591	120	2490
4592	121	2490
4593	122	2490
4594	123	2572
4595	51	2572
4596	120	2572
4597	50	2572
4598	121	2572
4599	119	2572
4600	139	2072
4601	98	2072
4602	123	2534
4603	124	2534
4604	125	2534
4605	120	2534
4606	139	5221
4607	123	2498
4608	51	2498
4609	120	2498
4610	139	5717
4611	35	5717
4612	33	5717
4613	123	2501
4614	51	2501
4615	120	2501
4616	109	2501
4617	121	2501
4618	139	5722
4619	33	5722
4620	139	2075
4621	98	2075
4622	123	2504
4623	51	2504
4624	124	2504
4625	125	2504
4626	120	2504
4627	121	2504
4628	123	2505
4629	51	2505
4630	120	2505
4631	121	2505
4632	122	2505
4633	139	3615
4634	45	3615
4635	139	5311
4636	60	5311
4637	35	5311
4638	123	2506
4639	51	2506
4640	124	2506
4641	120	2506
4642	121	2506
4643	123	2507
4644	51	2507
4645	124	2507
4646	125	2507
4647	120	2507
4648	121	2507
4649	139	5730
4650	33	5730
4651	139	5733
4652	33	5733
4653	123	2508
4654	51	2508
4655	124	2508
4656	125	2508
4657	120	2508
4658	121	2508
4659	71	673
4660	98	673
4661	72	673
4662	43	3921
4663	130	3921
4664	43	3922
4665	71	675
4666	98	675
4667	71	676
4668	98	676
4669	43	3923
4670	46	3923
4671	71	677
4672	43	3924
4673	45	3924
4674	44	3924
4675	71	678
4676	98	678
4677	43	3925
4678	71	679
4679	72	679
4680	43	3926
4681	46	3926
4682	71	680
4683	130	3927
4684	131	3927
4685	71	682
4686	71	683
4687	98	683
4688	130	3980
4689	71	685
4690	72	685
4691	130	3981
4692	130	3982
4693	71	688
4694	98	688
4695	71	689
4696	98	689
4697	72	689
4698	130	3983
4699	71	690
4700	72	690
4701	130	3984
4702	71	691
4703	71	692
4704	72	692
4705	130	3985
4706	130	3986
4707	71	693
4708	72	693
4709	130	3987
4710	71	694
4711	130	3988
4712	71	695
4713	98	695
4714	72	695
4715	130	3989
4716	71	696
4717	98	696
4718	130	3990
4719	130	233
4720	45	233
4721	71	697
4722	98	697
4723	72	697
4724	71	698
4725	130	3991
4726	71	699
4727	72	699
4728	208	7557
4729	209	7557
4730	225	7557
4731	71	700
4732	208	7612
4733	205	7612
4734	209	7612
4735	225	7612
4736	71	701
4737	208	7558
4738	225	7558
4739	218	7558
4740	71	702
4741	208	7559
4742	225	7559
4743	216	7559
4744	71	703
4745	98	703
4746	72	703
4747	208	7560
4748	71	704
4749	98	704
4750	71	705
4751	90	1247
4752	89	1247
4753	71	708
4754	98	708
4755	71	709
4756	90	5679
4757	139	5679
4758	33	5679
4759	71	710
4760	90	1420
4761	62	1420
4762	139	1420
4763	81	562
4764	148	5857
4765	32	5857
4766	145	5857
4767	146	5857
4768	53	5857
4769	106	5857
4770	148	1217
4771	85	1217
4772	81	563
4773	148	1555
4774	59	1555
4775	87	1131
4776	86	1131
4777	180	1131
4778	148	6328
4779	30	6328
4780	148	532
4781	71	532
4782	72	532
4783	87	1134
4784	86	1134
4785	87	1136
4786	86	1136
4787	148	2194
4788	54	2194
4789	53	2194
4790	106	2194
4791	134	5406
4792	33	5406
4793	148	6302
4794	134	1293
4795	67	1293
4796	134	390
4797	77	390
4798	136	390
4799	148	4876
4800	38	4876
4801	134	3163
4802	47	3163
4803	128	3163
4804	148	6303
4805	148	533
4806	71	533
4807	134	4841
4808	39	4841
4809	38	4841
4810	148	424
4811	73	424
4812	134	4577
4813	69	4577
4814	39	4577
4815	148	3200
4816	47	3200
4817	128	3200
4818	134	4169
4819	148	561
4820	81	561
4821	134	4170
4822	134	392
4823	77	392
4824	148	1332
4825	91	1332
4826	136	1332
4827	148	4377
4828	103	4377
4829	42	4377
4830	40	4377
4831	48	4377
4832	134	4171
4833	136	4171
4834	148	537
4835	71	537
4836	72	537
4837	134	4172
4838	148	538
4839	71	538
4840	134	4869
4841	38	4869
4842	136	4869
4843	134	4654
4844	39	4654
4845	148	6304
4846	134	4173
4847	148	6305
4848	148	4141
4849	41	4141
4850	134	4174
4851	148	541
4852	71	541
4853	134	5442
4854	33	5442
4855	148	3222
4856	47	3222
4857	128	3222
4858	134	1307
4859	69	1307
4860	67	1307
4861	148	4916
4862	38	4916
4863	134	394
4864	77	394
4865	136	394
4866	148	4920
4867	38	4920
4868	48	4920
4869	134	4892
4870	38	4892
4871	148	4934
4872	38	4934
4873	136	4934
4874	134	4175
4875	148	3085
4876	48	3085
4877	134	4390
4878	40	4390
4879	148	542
4880	71	542
4881	72	542
4882	134	373
4883	74	373
4884	148	1939
4885	56	1939
4886	97	1939
4887	106	1939
4888	102	1939
4889	103	1939
4890	104	1939
4891	134	4696
4892	39	4696
4893	148	6306
4894	148	3235
4895	47	3235
4896	128	3235
4897	134	4176
4898	134	1570
4899	67	1570
4900	59	1570
4901	134	408
4902	77	408
4903	148	6307
4904	31	188
4905	148	188
4906	30	188
4907	71	1065
4908	72	1065
4909	31	5906
4910	71	1066
4911	72	1066
4912	31	5907
4913	71	1067
4914	31	5908
4915	71	1068
4916	98	1068
4917	31	5909
4918	47	5909
4919	128	5909
4920	71	1069
4921	72	1069
4922	31	5910
4923	58	5910
4924	47	5910
4925	128	5910
4926	71	1071
4927	31	5911
4928	148	5911
4929	32	5911
4930	145	5911
4931	146	5911
4932	71	1072
4933	98	1072
4934	72	1072
4935	31	5912
4936	136	5912
4937	71	1073
4938	72	1073
4939	31	5913
4940	71	1074
4941	72	1074
4942	31	5914
4943	32	5914
4944	145	5914
4945	146	5914
4946	58	5914
4947	71	1075
4948	72	1075
4949	31	6319
4950	30	6319
4951	71	1076
4952	72	1076
4953	31	6320
4954	52	6320
4955	30	6320
4956	71	1077
4957	72	1077
4958	31	6321
4959	30	6321
4960	71	1078
4961	31	5915
4962	31	5916
4963	33	5916
4964	220	7562
4965	225	7562
4966	207	7562
4967	31	5917
4968	81	5917
4969	31	5918
4970	82	5918
4971	32	5918
4972	145	5918
4973	146	5918
4974	220	7500
4975	216	7500
4976	31	5919
4977	32	5919
4978	145	5919
4979	146	5919
4980	47	5919
4981	128	5919
4982	220	7501
4983	31	6323
4984	30	6323
4985	225	7561
4986	207	7561
4987	31	5920
4988	82	5920
4989	32	5920
4990	145	5920
4991	146	5920
4992	42	5920
4993	225	7534
4994	31	5921
4995	37	5921
4996	63	5921
4997	31	5922
4998	114	2332
4999	31	6325
5000	105	6325
5001	30	6325
5002	114	2333
5003	31	5923
5004	81	5923
5005	114	2334
5006	31	5924
5007	114	2335
5008	31	5925
5009	148	5925
5010	32	5925
5011	145	5925
5012	146	5925
5013	81	5925
5014	31	5926
5015	145	5926
5016	146	5926
5017	98	5926
5018	219	7649
5019	203	7649
5020	31	5927
5021	148	5927
5022	81	5927
5023	31	5928
5024	148	5928
5025	31	5929
5026	46	5929
5027	31	5930
5028	136	5930
5029	209	7565
5030	207	7565
5031	216	7565
5032	31	5931
5033	148	5931
5034	209	7468
5035	45	3511
5036	31	6148
5037	81	6148
5038	48	3034
5039	47	3174
5040	128	3174
5041	180	3174
5042	48	3174
5043	45	3512
5044	31	6149
5045	48	3035
5046	47	3175
5047	128	3175
5048	48	3175
5049	45	3513
5050	31	6150
5051	48	3036
5052	47	3270
5053	128	3270
5054	46	3270
5055	45	3514
5056	31	6433
5057	30	6433
5058	62	6433
5059	47	3176
5060	128	3176
5061	180	3176
5062	48	3038
5063	45	3515
5064	31	6151
5065	149	6151
5066	48	3039
5067	47	3177
5068	128	3177
5069	45	3516
5070	31	6152
5071	148	6152
5072	48	3040
5073	89	3040
5074	47	3276
5075	128	3276
5076	180	3276
5077	46	3276
5078	45	3517
5079	31	6153
5080	148	6153
5081	48	3042
5082	47	3178
5083	128	3178
5084	180	3178
5085	45	3518
5086	31	6154
5087	148	6154
5088	47	3179
5089	128	3179
5090	48	3043
5091	45	3519
5092	31	6434
5093	30	6434
5094	47	5424
5095	128	5424
5096	136	5424
5097	33	5424
5098	48	3044
5099	45	3520
5100	31	6155
5101	47	3180
5102	128	3180
5103	48	3180
5104	48	3045
5105	45	3521
5106	31	6156
5107	81	6156
5108	58	6156
5109	47	3181
5110	128	3181
5111	45	3522
5112	31	6157
5113	148	6157
5114	81	6157
5115	48	3046
5116	47	3182
5117	128	3182
5118	180	3182
5119	45	3523
5120	31	6435
5121	30	6435
5122	48	3048
5123	47	3184
5124	128	3184
5125	45	3524
5126	31	6158
5127	148	6158
5128	48	3049
5129	48	3050
5130	45	3525
5131	31	6436
5132	30	6436
5133	47	3186
5134	128	3186
5135	180	3186
5136	48	3051
5137	45	3526
5138	31	6159
5139	81	6159
5140	47	5433
5141	128	5433
5142	33	5433
5143	47	3187
5144	128	3187
5145	48	3187
5146	45	3527
5147	31	6437
5148	30	6437
5149	48	3052
5150	48	3053
5151	136	3053
5152	45	3528
5153	31	6439
5154	105	6439
5155	30	6439
5156	47	3188
5157	128	3188
5158	45	3529
5159	31	6160
5160	148	6160
5161	48	3054
5162	47	3189
5163	128	3189
5164	48	3189
5165	48	3055
5166	47	3190
5167	128	3190
5168	45	3530
5169	31	6161
5170	71	6161
5171	72	6161
5172	48	3057
5173	47	3191
5174	128	3191
5175	48	3191
5176	45	3531
5177	31	6162
5178	58	6162
5179	48	3058
5180	47	3192
5181	128	3192
5182	45	3532
5183	31	6163
5184	48	3060
5185	47	3193
5186	128	3193
5187	45	3533
5188	31	6164
5189	71	6164
5190	48	3061
5191	45	3534
5192	47	5435
5193	128	5435
5194	33	5435
5195	31	6165
5196	82	6165
5197	47	3194
5198	128	3194
5199	45	3535
5200	31	6166
5201	71	6166
5202	48	3062
5203	136	3062
5204	48	3063
5205	45	3536
5206	31	6167
5207	71	6167
5208	47	3196
5209	128	3196
5210	48	3064
5211	45	3537
5212	31	6168
5213	58	6168
5214	47	3197
5215	128	3197
5216	48	3197
5217	48	3068
5218	47	3198
5219	128	3198
5220	48	3198
5221	45	3538
5222	31	6169
5223	45	3539
5224	31	6170
5225	71	6170
5226	98	6170
5227	47	4880
5228	128	4880
5229	38	4880
5230	48	3069
5231	45	3540
5232	31	6171
5233	58	6171
5234	48	3071
5235	47	3201
5236	128	3201
5237	48	3201
5238	47	3202
5239	128	3202
5240	45	3541
5241	31	6172
5242	58	6172
5243	47	3203
5244	128	3203
5245	127	3203
5246	180	3203
5247	45	3542
5248	31	6173
5249	71	6173
5250	72	6173
5251	48	3073
5252	67	4733
5253	39	4733
5254	191	7066
5255	183	7066
5256	180	7066
5257	67	1316
5258	77	1316
5259	57	5723
5260	33	5723
5261	191	7057
5262	181	7057
5263	57	1861
5264	67	4737
5265	39	4737
5266	191	7050
5267	182	7050
5268	67	1317
5269	57	5769
5270	98	5769
5271	33	5769
5272	191	7058
5273	181	7058
5274	57	1873
5275	67	1318
5276	77	1318
5277	57	5791
5278	33	5791
5279	191	7089
5280	181	7089
5281	180	7089
5282	67	4755
5283	39	4755
5284	191	7267
5285	67	1577
5286	59	1577
5287	193	6950
5288	155	6950
5289	18	6950
5290	17	6950
5291	179	6950
5292	67	1578
5293	59	1578
5294	184	7043
5295	183	7043
5296	67	1319
5297	193	6948
5298	179	6948
5299	42	4512
5300	39	4512
5301	193	6954
5302	18	6954
5303	17	6954
5304	179	6954
5305	67	1580
5306	59	1580
5307	42	4027
5308	67	4766
5309	39	4766
5310	59	4766
5311	193	6958
5312	18	6958
5313	17	6958
5314	179	6958
5315	67	4955
5316	38	4955
5317	193	6956
5318	18	6956
5319	17	6956
5320	179	6956
5321	42	4028
5322	42	4029
5323	67	4029
5324	42	4030
5325	59	4030
5326	67	1320
5327	91	1320
5328	193	6959
5329	18	6959
5330	17	6959
5331	179	6959
5332	42	4031
5333	67	4031
5334	77	4031
5335	193	6963
5336	18	6963
5337	17	6963
5338	179	6963
5339	193	6964
5340	18	6964
5341	17	6964
5342	179	6964
5343	39	208
5344	42	4555
5345	67	4555
5346	39	4555
5347	42	4033
5348	133	4033
5349	59	4033
5350	193	6972
5351	18	6972
5352	17	6972
5353	179	6972
5354	39	4491
5355	72	4491
5356	193	6975
5357	18	6975
5358	17	6975
5359	179	6975
5360	42	4040
5361	39	4492
5362	42	4585
5363	39	4585
5364	39	207
5365	38	207
5366	193	6976
5367	18	6976
5368	17	6976
5369	179	6976
5370	42	4041
5371	74	4041
5372	193	6977
5373	18	6977
5374	17	6977
5375	179	6977
5376	42	4042
5377	91	4042
5378	39	4493
5379	39	4792
5380	38	4792
5381	89	4792
5382	193	6986
5383	18	6986
5384	17	6986
5385	179	6986
5386	42	4592
5387	67	4592
5388	39	4592
5389	193	6989
5390	18	6989
5391	17	6989
5392	179	6989
5393	39	4494
5394	48	4494
5395	42	4043
5396	91	4043
5397	193	6990
5398	18	6990
5399	17	6990
5400	179	6990
5401	39	4495
5402	42	4601
5403	39	4601
5404	39	4496
5405	193	6994
5406	18	6994
5407	17	6994
5408	179	6994
5409	42	4044
5410	67	4044
5411	136	4044
5412	39	4795
5413	38	4795
5414	193	7000
5415	18	7000
5416	17	7000
5417	179	7000
5418	42	4045
5419	67	4045
5420	39	4498
5421	193	6949
5422	179	6949
5423	42	4046
5424	67	4046
5425	193	7010
5426	18	7010
5427	17	7010
5428	179	7010
5429	39	4499
5430	89	4499
5431	39	5248
5432	35	5248
5433	42	4047
5434	67	4047
5435	193	6945
5436	18	6945
5437	178	6945
5438	179	6945
5439	184	7044
5440	183	7044
5441	39	4500
5442	193	7011
5443	18	7011
5444	17	7011
5445	179	7011
5446	184	7047
5447	183	7047
5448	39	4501
5449	47	4501
5450	128	4501
5451	193	7013
5452	18	7013
5453	17	7013
5454	179	7013
5455	39	4502
5456	39	4503
5457	183	7037
5458	183	7038
5459	239	7805
5460	39	4506
5461	53	3232
5462	106	3232
5463	47	3232
5464	128	3232
5465	53	2198
5466	106	2198
5467	107	2198
5468	53	2201
5469	106	2201
5470	107	2201
5471	53	2202
5472	106	2202
5473	107	2202
5474	108	2202
5475	53	4410
5476	106	4410
5477	40	4410
5478	53	2205
5479	106	2205
5480	107	2205
5481	53	2208
5482	107	2213
5483	107	2214
5484	226	7577
5485	206	7577
5486	227	7577
5487	226	7639
5488	203	7639
5489	226	7536
5490	226	7537
5491	223	7566
5492	207	7566
5493	223	7567
5494	207	7567
5495	223	7497
5496	219	7497
5497	227	7497
5498	223	7578
5499	206	7578
5500	223	7528
5501	223	7529
5502	141	1757
5503	58	1757
5504	214	7486
5505	214	7487
5506	215	7487
5507	223	7507
5508	215	7507
5509	223	7530
5510	49	2639
5511	51	2639
5512	120	2639
5513	109	2639
5514	121	2639
5515	119	2639
5516	74	3120
5517	48	3120
5518	44	3724
5519	74	418
5520	49	2640
5521	51	2640
5522	124	2640
5523	125	2640
5524	120	2640
5525	122	2640
5526	44	3725
5527	74	419
5528	49	2641
5529	124	2641
5530	125	2641
5531	44	3726
5532	49	2642
5533	51	2642
5534	120	2642
5535	121	2642
5536	44	3727
5537	59	306
5538	49	2643
5539	109	2643
5540	50	2643
5541	148	2643
5542	119	2643
5543	44	3728
5544	49	2644
5545	109	2644
5546	119	2644
5547	44	3729
5548	59	4794
5549	38	4794
5550	59	307
5551	136	307
5552	49	2645
5553	51	2645
5554	124	2645
5555	125	2645
5556	120	2645
5557	121	2645
5558	44	3730
5559	59	305
5560	58	305
5561	49	2646
5562	51	2646
5563	124	2646
5564	125	2646
5565	120	2646
5566	122	2646
5567	44	3731
5568	59	308
5569	49	2945
5570	51	2945
5571	120	2945
5572	121	2945
5573	48	2945
5574	44	3733
5575	49	2647
5576	123	2647
5577	51	2647
5578	124	2647
5579	125	2647
5580	120	2647
5581	59	309
5582	44	3734
5583	59	310
5584	49	2648
5585	51	2648
5586	124	2648
5587	125	2648
5588	120	2648
5589	121	2648
5590	44	3735
5591	49	2649
5592	51	2649
5593	124	2649
5594	125	2649
5595	120	2649
5596	121	2649
5597	59	3131
5598	47	3131
5599	44	3736
5600	59	311
5601	49	2946
5602	109	2946
5603	119	2946
5604	48	2946
5605	44	3737
5606	49	2650
5607	109	2650
5608	50	2650
5609	119	2650
5610	118	2650
5611	44	3738
5612	59	5388
5613	33	5388
5614	59	4809
5615	38	4809
5616	49	2651
5617	51	2651
5618	109	2651
5619	50	2651
5620	119	2651
5621	118	2651
5622	44	3739
5623	59	1589
5624	58	1589
5625	49	2652
5626	124	2652
5627	125	2652
5628	50	2652
5629	122	2652
5630	44	3740
5631	59	1540
5632	180	1540
5633	49	2653
5634	51	2653
5635	124	2653
5636	125	2653
5637	120	2653
5638	121	2653
5639	44	3741
5640	59	3147
5641	47	3147
5642	128	3147
5643	180	3147
5644	49	2654
5645	51	2654
5646	124	2654
5647	125	2654
5648	120	2654
5649	122	2654
5650	44	3742
5651	58	299
5652	49	2655
5653	51	2655
5654	124	2655
5655	125	2655
5656	120	2655
5657	121	2655
5658	44	3743
5659	58	300
5660	49	2656
5661	51	2656
5662	124	2656
5663	125	2656
5664	120	2656
5665	44	3744
5666	58	301
5667	49	2657
5668	51	2657
5669	120	2657
5670	109	2657
5671	121	2657
5672	119	2657
5673	44	3745
5674	49	2658
5675	124	2658
5676	125	2658
5677	50	2658
5678	122	2658
5679	44	3746
5680	58	1584
5681	58	302
5682	49	2659
5683	51	2659
5684	120	2659
5685	109	2659
5686	121	2659
5687	119	2659
5688	44	3747
5689	58	303
5690	49	2660
5691	51	2660
5692	124	2660
5693	125	2660
5694	120	2660
5695	44	3748
5696	58	304
5697	49	2661
5698	124	2661
5699	125	2661
5700	50	2661
5701	148	2661
5702	44	3749
5703	49	2662
5704	51	2662
5705	124	2662
5706	125	2662
5707	120	2662
5708	44	3750
5709	58	1585
5710	58	295
5711	57	295
5712	49	2663
5713	51	2663
5714	124	2663
5715	120	2663
5716	121	2663
5717	122	2663
5718	44	3751
5719	58	1586
5720	98	1586
5721	49	2664
5722	124	2664
5723	125	2664
5724	109	2664
5725	50	2664
5726	119	2664
5727	44	3752
5728	58	1587
5729	49	2665
5730	109	2665
5731	119	2665
5732	44	3753
5733	58	1588
5734	49	2666
5735	51	2666
5736	120	2666
5737	109	2666
5738	121	2666
5739	119	2666
5740	44	3754
5741	49	2667
5742	51	2667
5743	124	2667
5744	125	2667
5745	120	2667
5746	122	2667
5747	44	3755
5748	58	1590
5749	232	7715
5750	231	7715
5751	39	4507
5752	33	5657
5753	232	7695
5754	233	7695
5755	39	4508
5756	89	4508
5757	33	5669
5758	232	7696
5759	235	7696
5760	39	4808
5761	38	4808
5762	33	5672
5763	232	7716
5764	231	7716
5765	39	4509
5766	33	5675
5767	232	7717
5768	231	7717
5769	39	4510
5770	33	5688
5771	232	7697
5772	233	7697
5773	39	4511
5774	33	5701
5775	232	7698
5776	233	7698
5777	33	5713
5778	39	4513
5779	232	7719
5780	231	7719
5781	39	4515
5782	33	5729
5783	232	7699
5784	235	7699
5785	39	4811
5786	38	4811
5787	33	5742
5788	232	7700
5789	233	7700
5790	39	5254
5791	35	5254
5792	33	5758
5793	232	7701
5794	233	7701
5795	39	4517
5796	48	4517
5797	33	5767
5798	232	7720
5799	231	7720
5800	39	4518
5801	33	5780
5802	232	7721
5803	231	7721
5804	33	5785
5805	39	4519
5806	232	7702
5807	235	7702
5808	39	4520
5809	89	4520
5810	33	5786
5811	232	7722
5812	231	7722
5813	39	4521
5814	33	5790
5815	232	7703
5816	233	7703
5817	39	4522
5818	136	4522
5819	33	5792
5820	232	7704
5821	233	7704
5822	39	4523
5823	33	5793
5824	232	7705
5825	233	7705
5826	39	5255
5827	57	5255
5828	35	5255
5829	33	5794
5830	39	4524
5831	89	4524
5832	33	5795
5833	35	5252
5834	39	4527
5835	57	4527
5836	35	5247
5837	35	5250
5838	39	4530
5839	57	4530
5840	39	4531
5841	35	5253
5842	39	4532
5843	35	5256
5844	39	4533
5845	35	5257
5846	39	4537
5847	35	5259
5848	39	4538
5849	35	5262
5850	39	4539
5851	35	5264
5852	39	4540
5853	35	5266
5854	39	4541
5855	35	5272
5856	35	5275
5857	91	1335
5858	35	5278
5859	131	3979
5860	24	134
5861	25	134
5862	26	134
5863	24	133
5864	149	133
5865	24	135
5866	25	135
5867	26	135
5868	24	136
5869	149	136
5870	29	136
5871	24	6473
5872	149	6473
5873	24	6474
5874	149	6474
5875	24	6475
5876	25	6475
5877	26	6475
5878	24	6476
5879	149	6476
5880	24	6477
5881	25	6477
5882	26	6477
5883	24	6478
5884	149	6478
5885	24	6479
5886	25	6479
5887	26	6479
5888	24	6480
5889	25	6480
5890	26	6480
5891	24	6481
5892	25	6481
5893	26	6481
5894	24	6482
5895	25	6482
5896	26	6482
5897	24	6483
5898	25	6483
5899	26	6483
5900	24	6484
5901	25	6484
5902	26	6484
5903	24	6485
5904	25	6485
5905	26	6485
5906	24	6486
5907	25	6486
5908	26	6486
5909	24	6487
5910	25	6487
5911	26	6487
5912	24	6488
5913	25	6488
5914	26	6488
5915	24	6489
5916	149	6489
5917	24	6490
5918	25	6490
5919	26	6490
5920	24	6491
5921	149	6491
5922	24	6492
5923	25	6492
5924	26	6492
5925	24	6493
5926	149	6493
5927	24	6494
5928	25	6494
5929	26	6494
5930	24	6495
5931	25	6495
5932	26	6495
5933	24	6496
5934	25	6496
5935	26	6496
5936	24	6497
5937	25	6497
5938	26	6497
5939	32	192
5940	145	192
5941	146	192
5942	68	344
5943	69	344
5944	89	344
5945	68	1250
5946	68	1541
5947	91	1541
5948	59	1541
5949	68	1294
5950	67	1294
5951	136	1294
5952	68	1251
5953	68	1298
5954	67	1298
5955	91	1298
5956	68	1252
5957	91	1252
5958	68	4624
5959	39	4624
5960	78	5288
5961	35	5288
5962	78	388
5963	78	5690
5964	60	5690
5965	33	5690
5966	78	5714
5967	35	5714
5968	33	5714
5969	78	4788
5970	139	4788
5971	39	4788
5972	78	389
5973	83	830
5974	71	830
5975	98	830
5976	96	2123
5977	54	2123
5978	100	2123
5979	101	2123
5980	96	2125
5981	54	2125
5982	100	2125
5983	101	2125
5984	96	1887
5985	106	1887
5986	96	4335
5987	40	4335
5988	96	4827
5989	56	4827
5990	97	4827
5991	106	4827
5992	38	4827
5993	96	1886
5994	56	1886
5995	97	1886
5996	106	1886
5997	102	1886
5998	104	1886
5999	96	2186
6000	53	2186
6001	106	2186
6002	107	2186
6003	96	2193
6004	54	2193
6005	53	2193
6006	106	2193
6007	180	2193
6008	96	1888
6009	100	2106
6010	100	2108
6011	100	2109
6012	101	2109
6013	180	2109
6014	32	193
6015	145	193
6016	146	193
6017	33	193
6018	139	5737
6019	37	5737
6020	33	5737
6021	32	5800
6022	145	5800
6023	146	5800
6024	139	5800
6025	183	7039
6026	139	5312
6027	35	5312
6028	139	5222
6029	183	7045
6030	139	5739
6031	33	5739
6032	32	5801
6033	145	5801
6034	146	5801
6035	38	5801
6036	182	7062
6037	180	7062
6038	139	1759
6039	58	1759
6040	32	5803
6041	54	5803
6042	53	5803
6043	108	5803
6044	182	7049
6045	183	7049
6046	182	7034
6047	139	5223
6048	32	5804
6049	145	5804
6050	146	5804
6051	56	5804
6052	97	5804
6053	106	5804
6054	32	5808
6055	145	5808
6056	146	5808
6057	182	7035
6058	183	7035
6059	139	5224
6060	32	5807
6061	145	5807
6062	146	5807
6063	54	5807
6064	108	5807
6065	206	7460
6066	207	7460
6067	139	5741
6068	33	5741
6069	32	5809
6070	145	5809
6071	146	5809
6072	38	5809
6073	182	7076
6074	183	7076
6075	180	7076
6076	139	5225
6077	32	5811
6078	145	5811
6079	146	5811
6080	139	5313
6081	35	5313
6082	32	5812
6083	146	5812
6084	206	7570
6085	139	5226
6086	32	5813
6087	145	5813
6088	146	5813
6089	54	5813
6090	53	5813
6091	106	5813
6092	206	7571
6093	139	5745
6094	33	5745
6095	32	5814
6096	145	5814
6097	146	5814
6098	170	5814
6099	172	5814
6100	180	5814
6101	206	7459
6102	205	7459
6103	139	4472
6104	40	4472
6105	206	7618
6106	204	7618
6107	205	7618
6108	32	5815
6109	145	5815
6110	146	5815
6111	96	5815
6112	54	5815
6113	139	5227
6114	206	7572
6115	32	5816
6116	145	5816
6117	146	5816
6118	47	5816
6119	128	5816
6120	139	2081
6121	98	2081
6122	32	5818
6123	145	5818
6124	146	5818
6125	53	5818
6126	106	5818
6127	107	5818
6128	139	5228
6129	32	5819
6130	145	5819
6131	146	5819
6132	149	5819
6133	108	5819
6134	206	7634
6135	203	7634
6136	32	5820
6137	145	5820
6138	146	5820
6139	56	5820
6140	106	5820
6141	183	7046
6142	139	5230
6143	183	7048
6144	32	5821
6145	145	5821
6146	146	5821
6147	180	5821
6148	72	5821
6149	139	5750
6150	33	5750
6151	139	5231
6152	32	5823
6153	145	5823
6154	146	5823
6155	96	5823
6156	53	5823
6157	106	5823
6158	204	7457
6159	205	7457
6160	139	5751
6161	58	5751
6162	33	5751
6163	32	5824
6164	145	5824
6165	146	5824
6166	56	5824
6167	97	5824
6168	106	5824
6169	139	5752
6170	33	5752
6171	32	5825
6172	145	5825
6173	146	5825
6174	102	5825
6175	103	5825
6176	104	5825
6177	204	7619
6178	227	7619
6179	139	5232
6180	32	5826
6181	145	5826
6182	146	5826
6183	47	5826
6184	128	5826
6185	180	5826
6186	204	7620
6187	204	7456
6188	203	7456
6189	227	7456
6190	139	2083
6191	98	2083
6192	32	5827
6193	145	5827
6194	146	5827
6195	53	5827
6196	106	5827
6197	107	5827
6198	204	7622
6199	222	7622
6200	204	7625
6201	205	7625
6202	139	5233
6203	32	5829
6204	145	5829
6205	146	5829
6206	56	5829
6207	97	5829
6208	106	5829
6209	139	5234
6210	32	5831
6211	145	5831
6212	146	5831
6213	56	5831
6214	97	5831
6215	106	5831
6216	204	7623
6217	139	5754
6218	37	5754
6219	33	5754
6220	204	7624
6221	227	7624
6222	32	5832
6223	145	5832
6224	146	5832
6225	54	5832
6226	53	5832
6227	106	5832
6228	108	5832
6229	139	5235
6230	32	5833
6231	145	5833
6232	146	5833
6233	53	5833
6234	106	5833
6235	139	5106
6236	58	5106
6237	37	5106
6238	32	5837
6239	145	5837
6240	146	5837
6241	54	5837
6242	53	5837
6243	106	5837
6244	108	5837
6245	204	7626
6246	205	7626
6247	222	7626
6248	139	5755
6249	33	5755
6250	32	5838
6251	145	5838
6252	146	5838
6253	136	5838
6254	204	7630
6255	42	4048
6256	67	4048
6257	42	4049
6258	91	4049
6259	136	4049
6260	139	5759
6261	33	5759
6262	32	5839
6263	145	5839
6264	146	5839
6265	53	5839
6266	106	5839
6267	107	5839
6268	139	2084
6269	98	2084
6270	42	4050
6271	67	4050
6272	32	5840
6273	145	5840
6274	146	5840
6275	56	5840
6276	97	5840
6277	106	5840
6278	32	5841
6279	145	5841
6280	146	5841
6281	96	5841
6282	54	5841
6283	106	5841
6284	108	5841
6285	139	5763
6286	33	5763
6287	100	2110
6288	148	2199
6289	54	2199
6290	53	2199
6291	106	2199
6292	148	1225
6293	85	1225
6294	100	2111
6295	101	2111
6296	100	1959
6297	101	1959
6298	99	1959
6299	100	2115
6300	101	2115
6301	148	3337
6302	46	3337
6303	148	4064
6304	42	4064
6305	68	1253
6306	148	545
6307	71	545
6308	72	545
6309	68	1254
6310	148	1226
6311	85	1226
6312	68	4649
6313	39	4649
6314	148	505
6315	72	505
6316	68	1255
6317	148	431
6318	73	431
6319	148	549
6320	71	549
6321	68	1256
6322	148	550
6323	71	550
6324	68	1257
6325	68	4676
6326	39	4676
6327	148	584
6328	71	584
6329	68	1258
6330	148	602
6331	71	602
6332	72	602
6333	148	603
6334	71	603
6335	68	1259
6336	148	613
6337	71	613
6338	68	5456
6339	98	5456
6340	33	5456
6341	148	615
6342	71	615
6343	68	1260
6344	148	619
6345	71	619
6346	72	619
6347	68	1261
6348	148	620
6349	71	620
6350	68	4933
6351	38	4933
6352	148	436
6353	73	436
6354	68	1262
6355	148	643
6356	71	643
6357	68	1579
6358	67	1579
6359	59	1579
6360	148	651
6361	71	651
6362	68	1263
6363	148	668
6364	71	668
6365	72	668
6366	68	1264
6367	148	681
6368	71	681
6369	68	1265
6370	68	1266
6371	148	686
6372	71	686
6373	72	686
6374	148	687
6375	71	687
6376	68	1267
6377	148	6308
6378	68	1268
6379	148	441
6380	73	441
6381	68	1270
6382	134	1270
6383	148	447
6384	73	447
6385	68	4075
6386	42	4075
6387	148	706
6388	71	706
6389	72	706
6390	68	1824
6391	57	1824
6392	148	707
6393	71	707
6394	68	1826
6395	134	1826
6396	57	1826
6397	148	448
6398	73	448
6399	68	1271
6400	148	449
6401	73	449
6402	68	1830
6403	139	1830
6404	57	1830
6405	71	1623
6406	58	1623
6407	123	2574
6408	51	2574
6409	124	2574
6410	120	2574
6411	50	2574
6412	121	2574
6413	71	711
6414	72	711
6415	123	2535
6416	124	2535
6417	120	2535
6418	71	712
6419	72	712
6420	123	2512
6421	51	2512
6422	124	2512
6423	120	2512
6424	121	2512
6425	122	2512
6426	71	713
6427	123	2515
6428	51	2515
6429	120	2515
6430	121	2515
6431	122	2515
6432	71	714
6433	98	714
6434	72	714
6435	123	2516
6436	51	2516
6437	120	2516
6438	121	2516
6439	122	2516
6440	71	716
6441	123	2517
6442	51	2517
6443	120	2517
6444	121	2517
6445	118	2517
6446	123	612
6447	121	612
6448	82	612
6449	71	718
6450	72	718
6451	123	2523
6452	51	2523
6453	124	2523
6454	125	2523
6455	120	2523
6456	122	2523
6457	71	720
6458	123	1632
6459	58	1632
6460	71	721
6461	71	724
6462	98	724
6463	72	724
6464	123	2524
6465	51	2524
6466	120	2524
6467	121	2524
6468	71	725
6469	123	2537
6470	120	2537
6471	122	2537
6472	71	727
6473	139	727
6474	123	2914
6475	71	728
6476	98	728
6477	72	728
6478	71	729
6479	98	729
6480	72	729
6481	124	2542
6482	50	2542
6483	122	2542
6484	71	730
6485	72	730
6486	124	2915
6487	71	731
6488	98	731
6489	72	731
6490	124	2530
6491	125	2530
6492	120	2530
6493	71	732
6494	98	732
6495	124	2548
6496	125	2548
6497	50	2548
6498	71	733
6499	98	733
6500	72	733
6501	124	2531
6502	125	2531
6503	120	2531
6504	124	2532
6505	125	2532
6506	120	2532
6507	71	734
6508	98	734
6509	72	734
6510	124	2579
6511	125	2579
6512	122	2579
6513	71	736
6514	71	737
6515	124	2564
6516	50	2564
6517	121	2564
6518	148	2564
6519	122	2564
6520	71	738
6521	71	739
6522	124	4101
6523	148	4101
6524	42	4101
6525	71	741
6526	71	743
6527	98	743
6528	72	743
6529	120	2526
6530	121	2526
6531	71	5509
6532	33	5509
6533	72	5509
6534	120	2527
6535	121	2527
6536	71	745
6537	98	745
6538	71	746
6539	98	746
6540	72	746
6541	120	2529
6542	121	2529
6543	71	747
6544	98	747
6545	72	747
6546	120	2154
6547	55	2154
6548	53	2154
6549	106	2154
6550	122	2154
6551	72	2154
6552	71	748
6553	98	748
6554	72	748
6555	71	749
6556	71	750
6557	47	3204
6558	128	3204
6559	137	5101
6560	37	5101
6561	63	5101
6562	16	7114
6563	13	7114
6564	14	7114
6565	180	7114
6566	48	3074
6567	59	3150
6568	47	3150
6569	128	3150
6570	180	3150
6571	35	5281
6572	137	5743
6573	37	5743
6574	63	5743
6575	33	5743
6576	48	3075
6577	47	3205
6578	128	3205
6579	48	3205
6580	59	1544
6581	137	5110
6582	37	5110
6583	63	5110
6584	140	5229
6585	139	5229
6586	35	5497
6587	33	5497
6588	48	3076
6589	35	5282
6590	16	7120
6591	13	7120
6592	14	7120
6593	180	7120
6594	59	1545
6595	114	2336
6596	47	3206
6597	128	3206
6598	93	3206
6599	16	7185
6600	11	7185
6601	15	7185
6602	180	7185
6603	59	1547
6604	48	3077
6605	135	4926
6606	38	4926
6607	35	5283
6608	47	3208
6609	128	3208
6610	130	3992
6611	35	5284
6612	59	5416
6613	136	5416
6614	33	5416
6615	130	235
6616	45	235
6617	114	2337
6618	48	3078
6619	47	3209
6620	128	3209
6621	35	5285
6622	13	13
6623	14	13
6624	185	13
6625	59	1548
6626	114	2338
6627	13	12
6628	12	12
6629	187	12
6630	48	3079
6631	47	3300
6632	128	3300
6633	46	3300
6634	130	3993
6635	59	1593
6636	58	1593
6637	114	2339
6638	47	3210
6639	128	3210
6640	48	3210
6641	130	3994
6642	48	3080
6643	35	5289
6644	13	7135
6645	11	7135
6646	59	1549
6647	114	2340
6648	47	3211
6649	128	3211
6650	130	3995
6651	48	3081
6652	35	5290
6653	13	7124
6654	12	7124
6655	187	7124
6656	114	2342
6657	59	2994
6658	48	2994
6659	48	3083
6660	47	3212
6661	128	3212
6662	114	2341
6663	130	3996
6664	35	5514
6665	33	5514
6666	59	1552
6667	47	3213
6668	128	3213
6669	48	3213
6670	35	5293
6671	13	7189
6672	11	7189
6673	10	7189
6674	188	7189
6675	189	7189
6676	114	2343
6677	48	3084
6678	130	3997
6679	13	7153
6680	11	7153
6681	59	1596
6682	58	1596
6683	130	3998
6684	114	2344
6685	48	3086
6686	47	3214
6687	128	3214
6688	180	3214
6689	136	3214
6690	35	5294
6691	47	3216
6692	128	3216
6693	48	3216
6694	35	5535
6695	33	5535
6696	13	7164
6697	11	7164
6698	155	7164
6699	114	2345
6700	48	3087
6701	59	3185
6702	47	3185
6703	128	3185
6704	180	3185
6705	130	3999
6706	180	3999
6707	48	3091
6708	136	3091
6709	130	4000
6710	35	5295
6711	13	7196
6712	10	7196
6713	188	7196
6714	189	7196
6715	59	1554
6716	114	2346
6717	47	3310
6718	128	3310
6719	46	3310
6720	48	3092
6721	89	3092
6722	130	4001
6723	13	7197
6724	10	7197
6725	188	7197
6726	189	7197
6727	59	1556
6728	114	2347
6729	35	5297
6730	47	5458
6731	128	5458
6732	33	5458
6733	130	4002
6734	13	7198
6735	10	7198
6736	188	7198
6737	189	7198
6738	59	1557
6739	64	1557
6740	114	2348
6741	47	3219
6742	128	3219
6743	48	3219
6744	35	5299
6745	48	3093
6746	59	3195
6747	47	3195
6748	128	3195
6749	47	5273
6750	128	5273
6751	35	5273
6752	35	5640
6753	33	5640
6754	114	2349
6755	130	4003
6756	13	7201
6757	10	7201
6758	188	7201
6759	189	7201
6760	47	3220
6761	128	3220
6762	48	3220
6763	35	5318
6764	13	7202
6765	10	7202
6766	188	7202
6767	189	7202
6768	130	238
6769	45	238
6770	59	1559
6771	136	1559
6772	114	2350
6773	48	3095
6774	59	1561
6775	47	3221
6776	128	3221
6777	48	3221
6778	13	7205
6779	10	7205
6780	188	7205
6781	189	7205
6782	114	2351
6783	48	3096
6784	136	3096
6785	130	4004
6786	46	248
6787	48	3097
6788	136	3097
6789	13	7207
6790	10	7207
6791	188	7207
6792	189	7207
6793	114	2352
6794	59	3207
6795	47	3207
6796	128	3207
6797	47	3223
6798	128	3223
6799	180	3223
6800	130	4024
6801	42	4024
6802	45	4024
6803	48	3098
6804	154	6542
6805	153	6542
6806	46	249
6807	59	1566
6808	114	2353
6809	47	3224
6810	128	3224
6811	48	3224
6812	47	3225
6813	128	3225
6814	130	4005
6815	130	4006
6816	180	4006
6817	154	7150
6818	11	7150
6819	46	250
6820	114	2354
6821	48	3101
6822	59	3215
6823	47	3215
6824	128	3215
6825	180	3215
6826	46	251
6827	47	3226
6828	128	3226
6829	154	7093
6830	13	7093
6831	155	7093
6832	59	1567
6833	114	2355
6834	48	3102
6835	130	4007
6836	46	252
6837	59	3217
6838	47	3217
6839	128	3217
6840	47	3228
6841	128	3228
6842	130	4008
6843	114	2356
6844	48	3104
6845	154	7151
6846	11	7151
6847	155	7151
6848	46	253
6849	47	3229
6850	128	3229
6851	130	4009
6852	59	1569
6853	180	1569
6854	114	2357
6855	48	3105
6856	154	6544
6857	153	6544
6858	59	3218
6859	47	3218
6860	128	3218
6861	180	3218
6862	114	2358
6863	47	3230
6864	128	3230
6865	130	4010
6866	154	7125
6867	12	7125
6868	187	7125
6869	46	254
6870	59	1572
6871	48	3107
6872	154	7094
6873	13	7094
6874	155	7094
6875	46	255
6876	114	2359
6877	47	3231
6878	128	3231
6879	130	4011
6880	48	3108
6881	59	4922
6882	38	4922
6883	136	4922
6884	130	5358
6885	33	5358
6886	46	256
6887	114	2360
6888	47	3233
6889	128	3233
6890	154	6545
6891	153	6545
6892	59	1573
6893	48	3111
6894	154	7162
6895	11	7162
6896	46	257
6897	114	2361
6898	47	3327
6899	128	3327
6900	46	3327
6901	130	4012
6902	154	7167
6903	11	7167
6904	155	7167
6905	59	1574
6906	136	1574
6907	48	3112
6908	136	3112
6909	47	3234
6910	128	3234
6911	46	259
6912	114	2362
6913	130	4013
6914	46	258
6915	48	3114
6916	47	3236
6917	128	3236
6918	59	5471
6919	33	5471
6920	114	2363
6921	130	4014
6922	154	6546
6923	153	6546
6924	155	6546
6925	46	260
6926	59	1575
6927	48	3115
6928	47	3237
6929	128	3237
6930	48	3237
6931	114	2364
6932	48	3118
6933	130	4015
6934	154	7172
6935	11	7172
6936	155	7172
6937	45	3543
6938	31	6174
6939	73	6174
6940	31	5932
6941	81	5932
6942	98	5932
6943	45	3544
6944	31	5933
6945	148	5933
6946	33	5933
6947	31	6175
6948	45	3545
6949	31	5934
6950	31	6176
6951	45	3546
6952	31	5935
6953	31	6177
6954	148	6177
6955	45	3547
6956	31	5936
6957	148	5936
6958	82	5936
6959	32	5936
6960	145	5936
6961	146	5936
6962	31	6178
6963	71	6178
6964	45	3548
6965	31	5937
6966	32	5937
6967	145	5937
6968	146	5937
6969	48	5937
6970	31	6440
6971	105	6440
6972	30	6440
6973	45	3549
6974	31	5938
6975	148	5938
6976	32	5938
6977	145	5938
6978	146	5938
6979	81	5938
6980	31	6441
6981	105	6441
6982	30	6441
6983	45	3550
6984	31	5939
6985	31	6179
6986	148	6179
6987	45	3551
6988	31	5940
6989	46	5940
6990	31	6180
6991	148	6180
6992	45	3552
6993	31	5941
6994	32	5941
6995	145	5941
6996	146	5941
6997	38	5941
6998	31	6181
6999	71	6181
7000	45	3553
7001	31	5942
7002	31	6442
7003	30	6442
7004	45	3554
7005	31	5943
7006	58	5943
7007	31	6182
7008	58	6182
7009	45	3555
7010	31	5944
7011	148	5944
7012	31	6183
7013	45	3556
7014	31	5945
7015	71	5945
7016	31	6184
7017	71	6184
7018	45	3557
7019	31	5946
7020	40	5946
7021	31	6185
7022	33	6185
7023	45	3558
7024	31	5947
7025	148	5947
7026	32	5947
7027	145	5947
7028	146	5947
7029	31	6186
7030	71	6186
7031	45	3559
7032	31	6187
7033	31	6329
7034	30	6329
7035	45	3560
7036	31	5948
7037	52	5948
7038	32	5948
7039	145	5948
7040	146	5948
7041	31	6188
7042	72	6188
7043	45	3561
7044	31	5949
7045	148	5949
7046	31	6189
7047	73	6189
7048	33	6189
7049	45	3562
7050	31	5950
7051	148	5950
7052	31	6190
7053	71	6190
7054	45	3563
7055	31	5951
7056	148	5951
7057	31	6443
7058	30	6443
7059	45	3564
7060	31	5952
7061	71	5952
7062	72	5952
7063	31	6191
7064	98	6191
7065	33	6191
7066	45	3565
7067	31	5953
7068	58	5953
7069	31	6192
7070	58	6192
7071	45	3566
7072	31	5954
7073	41	5954
7074	81	5954
7075	31	6193
7076	81	6193
7077	45	3567
7078	31	5955
7079	148	5955
7080	31	6194
7081	71	6194
7082	45	3568
7083	31	5956
7084	73	5956
7085	31	6195
7086	98	6195
7087	45	3569
7088	31	5957
7089	59	5957
7090	47	5957
7091	128	5957
7092	31	6196
7093	33	6196
7094	45	3570
7095	31	5958
7096	31	6444
7097	105	6444
7098	30	6444
7099	45	3571
7100	31	5959
7101	40	5959
7102	47	5959
7103	128	5959
7104	31	6197
7105	81	6197
7106	147	6197
7107	45	3572
7108	31	5960
7109	134	5960
7110	81	5960
7111	31	6198
7112	71	6198
7113	72	6198
7114	45	3573
7115	31	5961
7116	47	5961
7117	128	5961
7118	31	6199
7119	81	6199
7120	73	722
7121	71	722
7122	72	722
7123	73	453
7124	73	507
7125	72	507
7126	73	742
7127	71	742
7128	72	742
7129	73	454
7130	73	1624
7131	58	1624
7132	73	455
7133	73	1810
7134	57	1810
7135	73	1627
7136	58	1627
7137	73	457
7138	73	458
7139	73	771
7140	71	771
7141	73	776
7142	71	776
7143	72	776
7144	73	460
7145	73	785
7146	71	785
7147	72	785
7148	73	461
7149	73	462
7150	73	806
7151	71	806
7152	73	464
7153	73	834
7154	71	834
7155	72	834
7156	73	468
7157	73	470
7158	73	471
7159	73	472
7160	73	880
7161	71	880
7162	73	474
7163	73	1723
7164	58	1723
7165	73	906
7166	71	906
7167	73	475
7168	98	475
7169	73	476
7170	73	477
7171	73	478
7172	72	504
7173	72	508
7174	242	7898
7175	242	7899
7176	242	7903
7177	85	1215
7178	85	1216
7179	85	1218
7180	85	1219
7181	85	1220
7182	85	1221
7183	85	1224
7184	85	1227
7185	85	1228
7186	85	1229
7187	85	1230
7188	85	1231
7189	85	1232
7190	235	7671
7191	241	7807
7192	241	7808
7193	241	7809
7194	242	7900
7195	242	7901
7196	242	7902
7197	134	415
7198	91	415
7199	74	415
7200	21	6869
7201	171	6869
7202	172	6869
7203	134	4177
7204	136	4177
7205	21	6870
7206	169	6870
7207	170	6870
7208	171	6870
7209	172	6870
7210	134	4722
7211	133	4722
7212	39	4722
7213	21	6871
7214	169	6871
7215	170	6871
7216	171	6871
7217	172	6871
7218	180	6871
7219	134	1313
7220	67	1313
7221	21	6872
7222	171	6872
7223	172	6872
7224	134	4940
7225	38	4940
7226	21	6873
7227	171	6873
7228	172	6873
7229	134	3240
7230	67	3240
7231	47	3240
7232	128	3240
7233	180	3240
7234	21	6874
7235	24	6874
7236	170	6874
7237	171	6874
7238	172	6874
7239	134	4178
7240	21	6875
7241	169	6875
7242	170	6875
7243	171	6875
7244	172	6875
7245	134	1133
7246	87	1133
7247	21	6876
7248	169	6876
7249	170	6876
7250	171	6876
7251	172	6876
7252	134	4764
7253	39	4764
7254	21	6877
7255	167	6877
7256	168	6877
7257	68	6877
7258	134	4179
7259	136	4179
7260	21	6878
7261	110	6878
7262	68	6878
7263	64	6878
7264	134	4180
7265	21	6879
7266	170	6879
7267	171	6879
7268	134	1246
7269	89	1246
7270	21	6880
7271	146	6880
7272	169	6880
7273	170	6880
7274	171	6880
7275	172	6880
7276	134	4067
7277	42	4067
7278	21	6881
7279	196	6881
7280	170	6881
7281	171	6881
7282	172	6881
7283	134	4181
7284	21	6882
7285	169	6882
7286	170	6882
7287	171	6882
7288	172	6882
7289	134	4182
7290	21	6883
7291	169	6883
7292	170	6883
7293	171	6883
7294	172	6883
7295	134	4415
7296	40	4415
7297	60	4415
7298	134	4183
7299	150	6509
7300	22	6509
7301	134	5486
7302	33	5486
7303	65	326
7304	134	4184
7305	139	4184
7306	134	4185
7307	65	327
7308	134	4186
7309	65	328
7310	66	328
7311	93	328
7312	65	325
7313	64	325
7314	134	4187
7315	139	4187
7316	65	1344
7317	66	1344
7318	134	4188
7319	139	4188
7320	65	1345
7321	134	5046
7322	37	5046
7323	98	5046
7324	134	4189
7325	65	4116
7326	41	4116
7327	56	4116
7328	97	4116
7329	106	4116
7330	134	4190
7331	139	4190
7332	65	1346
7333	148	1346
7334	134	4068
7335	42	4068
7336	65	1347
7337	66	1347
7338	134	1808
7339	139	1808
7340	57	1808
7341	65	1348
7342	66	1348
7343	93	1348
7344	134	653
7345	71	653
7346	65	1350
7347	66	1350
7348	65	1349
7349	66	1349
7350	93	1349
7351	134	5050
7352	37	5050
7353	65	1363
7354	66	1363
7355	64	1363
7356	134	4191
7357	49	2668
7358	51	2668
7359	124	2668
7360	125	2668
7361	120	2668
7362	121	2668
7363	44	3756
7364	49	2669
7365	123	2669
7366	51	2669
7367	124	2669
7368	125	2669
7369	120	2669
7370	44	3757
7371	49	2670
7372	51	2670
7373	124	2670
7374	125	2670
7375	120	2670
7376	121	2670
7377	44	3758
7378	49	2671
7379	120	2671
7380	109	2671
7381	87	2671
7382	119	2671
7383	118	2671
7384	44	3759
7385	49	2672
7386	124	2672
7387	125	2672
7388	109	2672
7389	50	2672
7390	119	2672
7391	44	3760
7392	49	2673
7393	51	2673
7394	44	3761
7395	49	2674
7396	123	2674
7397	124	2674
7398	125	2674
7399	109	2674
7400	119	2674
7401	44	3762
7402	49	2675
7403	51	2675
7404	124	2675
7405	125	2675
7406	120	2675
7407	121	2675
7408	44	3763
7409	49	2676
7410	123	2676
7411	109	2676
7412	50	2676
7413	119	2676
7414	118	2676
7415	44	3764
7416	49	2677
7417	51	2677
7418	124	2677
7419	125	2677
7420	120	2677
7421	122	2677
7422	44	3765
7423	49	2678
7424	109	2678
7425	50	2678
7426	121	2678
7427	119	2678
7428	44	3767
7429	49	2679
7430	51	2679
7431	120	2679
7432	109	2679
7433	121	2679
7434	44	3768
7435	49	2680
7436	109	2680
7437	50	2680
7438	121	2680
7439	119	2680
7440	122	2680
7441	44	3769
7442	49	2681
7443	51	2681
7444	124	2681
7445	125	2681
7446	120	2681
7447	122	2681
7448	44	3771
7449	49	2682
7450	124	2682
7451	125	2682
7452	121	2682
7453	44	3772
7454	49	2683
7455	123	2683
7456	124	2683
7457	125	2683
7458	109	2683
7459	119	2683
7460	44	3773
7461	49	2684
7462	51	2684
7463	124	2684
7464	125	2684
7465	120	2684
7466	121	2684
7467	44	3774
7468	49	2685
7469	123	2685
7470	51	2685
7471	120	2685
7472	121	2685
7473	44	3775
7474	49	2686
7475	123	2686
7476	51	2686
7477	124	2686
7478	125	2686
7479	120	2686
7480	44	3776
7481	49	2687
7482	123	2687
7483	124	2687
7484	125	2687
7485	44	3777
7486	49	2688
7487	51	2688
7488	124	2688
7489	125	2688
7490	120	2688
7491	122	2688
7492	44	3778
7493	49	2689
7494	51	2689
7495	124	2689
7496	125	2689
7497	120	2689
7498	122	2689
7499	44	3779
7500	49	2690
7501	109	2690
7502	50	2690
7503	121	2690
7504	87	2690
7505	119	2690
7506	44	3780
7507	49	2691
7508	123	2691
7509	109	2691
7510	50	2691
7511	119	2691
7512	118	2691
7513	44	3781
7514	49	2692
7515	123	2692
7516	51	2692
7517	125	2692
7518	120	2692
7519	121	2692
7520	44	3782
7521	49	2693
7522	51	2693
7523	124	2693
7524	125	2693
7525	120	2693
7526	122	2693
7527	44	3783
7528	49	2694
7529	124	2694
7530	125	2694
7531	50	2694
7532	118	2694
7533	122	2694
7534	44	3784
7535	49	2695
7536	124	2695
7537	125	2695
7538	50	2695
7539	121	2695
7540	122	2695
7541	44	3785
7542	49	2696
7543	51	2696
7544	124	2696
7545	125	2696
7546	122	2696
7547	44	3786
7548	49	2697
7549	51	2697
7550	124	2697
7551	120	2697
7552	121	2697
7553	44	3787
7554	49	2698
7555	51	2698
7556	124	2698
7557	125	2698
7558	120	2698
7559	122	2698
7560	44	3788
7561	136	3788
7562	49	2699
7563	51	2699
7564	120	2699
7565	109	2699
7566	121	2699
7567	119	2699
7568	44	3789
7569	42	4622
7570	67	4622
7571	39	4622
7572	42	4051
7573	91	4051
7574	136	4051
7575	42	4636
7576	39	4636
7577	58	4636
7578	42	4052
7579	91	4052
7580	74	4052
7581	42	4648
7582	39	4648
7583	42	4658
7584	91	4658
7585	39	4658
7586	42	4053
7587	67	4053
7588	77	4053
7589	42	4054
7590	42	4055
7591	59	4055
7592	42	4056
7593	67	4056
7594	136	4056
7595	42	4057
7596	91	4057
7597	74	4057
7598	42	4383
7599	40	4383
7600	74	4383
7601	42	4058
7602	42	4059
7603	67	4059
7604	42	4060
7605	59	4060
7606	42	4704
7607	67	4704
7608	39	4704
7609	42	4061
7610	91	4061
7611	42	4062
7612	42	4710
7613	67	4710
7614	39	4710
7615	42	5464
7616	67	5464
7617	99	5464
7618	33	5464
7619	42	4063
7620	67	4063
7621	136	4063
7622	42	4753
7623	39	4753
7624	42	4757
7625	67	4757
7626	39	4757
7627	42	4065
7628	59	4065
7629	42	4066
7630	91	4066
7631	42	5491
7632	33	5491
7633	42	4071
7634	71	4071
7635	42	4073
7636	139	4073
7637	42	4076
7638	42	4078
7639	42	5548
7640	40	5548
7641	33	5548
7642	42	4079
7643	139	4079
7644	46	261
7645	46	262
7646	46	263
7647	2	2
7648	3	2
7649	46	264
7650	46	265
7651	46	3263
7652	46	3264
7653	46	3265
7654	46	3266
7655	46	3267
7656	46	3268
7657	46	3269
7658	46	3271
7659	46	3273
7660	46	3274
7661	5	4
7662	6	4
7663	192	4
7664	193	4
7665	194	4
7666	232	7706
7667	235	7706
7668	232	7723
7669	231	7723
7670	232	7707
7671	235	7707
7672	232	7708
7673	233	7708
7674	232	7709
7675	233	7709
7676	232	7710
7677	235	7710
7678	5	7363
7679	192	7363
7680	195	7363
7681	232	7711
7682	233	7711
7683	232	7712
7684	232	7724
7685	231	7724
7686	232	7713
7687	233	7713
7688	234	7670
7689	235	7670
7690	234	7672
7691	235	7672
7692	234	7673
7693	235	7673
7694	234	7727
7695	230	7727
7696	234	7728
7697	230	7728
7698	1	1
7699	2	1
7700	234	7675
7701	235	7675
7702	234	7674
7703	235	7674
7704	75	374
7705	74	374
7706	75	375
7707	76	375
7708	76	1790
7709	57	1790
7710	66	329
7711	66	5011
7712	37	5011
7713	66	330
7714	66	1337
7715	66	4895
7716	38	4895
7717	66	1338
7718	77	1338
7719	93	1338
7720	66	1339
7721	93	1339
7722	66	3100
7723	48	3100
7724	66	1340
7725	93	1340
7726	58	296
7727	58	297
7728	51	2422
7729	120	2422
7730	121	2422
7731	58	298
7732	51	2551
7733	109	2551
7734	50	2551
7735	74	367
7736	51	2423
7737	124	2423
7738	125	2423
7739	120	2423
7740	121	2423
7741	74	369
7742	51	2424
7743	124	2424
7744	120	2424
7745	121	2424
7746	74	370
7747	51	2426
7748	120	2426
7749	121	2426
7750	122	2426
7751	74	371
7752	51	2427
7753	121	2427
7754	74	372
7755	74	1798
7756	57	1798
7757	51	2923
7758	120	2923
7759	121	2923
7760	122	2923
7761	48	2923
7762	74	376
7763	77	376
7764	51	2431
7765	124	2431
7766	125	2431
7767	51	2929
7768	120	2929
7769	122	2929
7770	48	2929
7771	74	5455
7772	33	5455
7773	51	2432
7774	124	2432
7775	125	2432
7776	74	414
7777	51	2939
7778	120	2939
7779	121	2939
7780	48	2939
7781	74	416
7782	51	2554
7783	124	2554
7784	125	2554
7785	120	2554
7786	50	2554
7787	122	2554
7788	39	4820
7789	38	4820
7790	51	2433
7791	124	2433
7792	125	2433
7793	120	2433
7794	121	2433
7795	122	2433
7796	39	4543
7797	51	2434
7798	120	2434
7799	148	2434
7800	39	4548
7801	65	1351
7802	66	1351
7803	93	1351
7804	139	5765
7805	35	5765
7806	33	5765
7807	154	7126
7808	12	7126
7809	187	7126
7810	65	1352
7811	66	1352
7812	154	7095
7813	13	7095
7814	155	7095
7815	65	1353
7816	66	1353
7817	139	4477
7818	40	4477
7819	154	6547
7820	153	6547
7821	155	6547
7822	139	1535
7823	60	1535
7824	65	1354
7825	66	1354
7826	93	1354
7827	154	7176
7828	11	7176
7829	155	7176
7830	139	5236
7831	180	5236
7832	65	1355
7833	66	1355
7834	93	1355
7835	154	6539
7836	155	6539
7837	139	5237
7838	65	1356
7839	79	1356
7840	66	1356
7841	154	6549
7842	153	6549
7843	156	6549
7844	190	6549
7845	157	6549
7846	178	6549
7847	160	6549
7848	139	5238
7849	65	5039
7850	37	5039
7851	64	5039
7852	154	7178
7853	11	7178
7854	153	7178
7855	139	5776
7856	33	5776
7857	65	5042
7858	66	5042
7859	37	5042
7860	154	6540
7861	155	6540
7862	65	1357
7863	66	1357
7864	136	1357
7865	139	5778
7866	33	5778
7867	139	5239
7868	154	7100
7869	13	7100
7870	155	7100
7871	17	7100
7872	179	7100
7873	65	1358
7874	66	1358
7875	93	1358
7876	154	7103
7877	13	7103
7878	155	7103
7879	139	5240
7880	65	5480
7881	142	5480
7882	143	5480
7883	64	5480
7884	33	5480
7885	154	7104
7886	13	7104
7887	155	7104
7888	65	1359
7889	66	1359
7890	139	5781
7891	33	5781
7892	154	7180
7893	11	7180
7894	155	7180
7895	139	5241
7896	65	5080
7897	38	5080
7898	37	5080
7899	154	7183
7900	11	7183
7901	155	7183
7902	139	1871
7903	57	1871
7904	65	1360
7905	93	1360
7906	154	7184
7907	11	7184
7908	155	7184
7909	65	1361
7910	66	1361
7911	139	5317
7912	57	5317
7913	35	5317
7914	154	6541
7915	155	6541
7916	139	5242
7917	154	7133
7918	12	7133
7919	187	7133
7920	139	4960
7921	38	4960
7922	43	224
7923	44	224
7924	69	345
7925	11	11
7926	12	11
7927	187	11
7928	43	3822
7929	43	3823
7930	130	3823
7931	69	4497
7932	39	4497
7933	11	7134
7934	43	3824
7935	130	3824
7936	69	4505
7937	39	4505
7938	11	7136
7939	12	7136
7940	187	7136
7941	43	3825
7942	44	3825
7943	69	5361
7944	89	5361
7945	33	5361
7946	11	7137
7947	188	7137
7948	155	7137
7949	43	4320
7950	130	4320
7951	40	4320
7952	69	5366
7953	39	5366
7954	33	5366
7955	11	10
7956	10	10
7957	189	10
7958	151	6526
7959	152	6526
7960	162	6526
7961	11	7139
7962	12	7139
7963	187	7139
7964	133	4035
7965	151	7315
7966	152	7315
7967	7	7315
7968	6	7315
7969	192	7315
7970	161	7315
7971	193	7315
7972	133	4036
7973	11	7140
7974	12	7140
7975	187	7140
7976	151	6702
7977	150	6702
7978	152	6702
7979	161	6702
7980	162	6702
7981	133	4037
7982	136	4037
7983	11	7141
7984	12	7141
7985	187	7141
7986	133	4038
7987	151	6527
7988	152	6527
7989	162	6527
7990	11	7143
7991	153	7143
7992	151	6528
7993	152	6528
7994	162	6528
7995	11	7142
7996	133	4039
7997	151	6703
7998	150	6703
7999	152	6703
8000	161	6703
8001	162	6703
8002	11	7188
8003	10	7188
8004	155	7188
8005	92	5337
8006	33	5337
8007	151	6704
8008	150	6704
8009	152	6704
8010	161	6704
8011	162	6704
8012	11	7144
8013	12	7144
8014	187	7144
8015	151	6705
8016	150	6705
8017	152	6705
8018	161	6705
8019	162	6705
8020	11	7145
8021	92	4617
8022	39	4617
8023	151	6529
8024	152	6529
8025	161	6529
8026	162	6529
8027	11	7146
8028	153	7146
8029	92	4674
8030	39	4674
8031	92	1336
8032	91	1336
8033	151	6530
8034	152	6530
8035	161	6530
8036	162	6530
8037	11	7147
8038	12	7147
8039	187	7147
8040	148	726
8041	71	726
8042	71	3348
8043	46	3348
8044	148	735
8045	71	735
8046	72	735
8047	71	752
8048	148	740
8049	71	740
8050	72	740
8051	71	753
8052	98	753
8053	72	753
8054	148	751
8055	71	751
8056	72	751
8057	71	754
8058	148	456
8059	73	456
8060	71	755
8061	98	755
8062	72	755
8063	148	760
8064	71	760
8065	72	760
8066	71	756
8067	139	756
8068	148	762
8069	71	762
8070	71	757
8071	72	757
8072	148	459
8073	73	459
8074	71	758
8075	98	758
8076	72	758
8077	71	759
8078	98	759
8079	72	759
8080	148	5158
8081	139	5158
8082	148	5291
8083	35	5291
8084	71	761
8085	148	770
8086	71	770
8087	72	770
8088	71	5511
8089	33	5511
8090	148	772
8091	71	772
8092	71	764
8093	148	774
8094	71	774
8095	72	774
8096	71	765
8097	148	782
8098	71	782
8099	71	1630
8100	58	1630
8101	98	1630
8102	148	783
8103	71	783
8104	71	766
8105	98	766
8106	148	786
8107	71	786
8108	72	786
8109	71	767
8110	98	767
8111	72	767
8112	148	1951
8113	56	1951
8114	97	1951
8115	106	1951
8116	71	768
8117	98	768
8118	72	768
8119	148	799
8120	71	799
8121	71	769
8122	98	769
8123	148	801
8124	71	801
8125	72	801
8126	71	773
8127	72	773
8128	148	803
8129	71	803
8130	71	775
8131	72	775
8132	148	465
8133	73	465
8134	71	777
8135	72	777
8136	148	817
8137	71	817
8138	72	817
8139	71	778
8140	139	778
8141	71	779
8142	72	779
8143	148	821
8144	71	821
8145	72	821
8146	71	780
8147	72	780
8148	148	2004
8149	98	2004
8150	148	823
8151	71	823
8152	72	823
8153	71	781
8154	72	781
8155	148	827
8156	71	827
8157	71	784
8158	98	784
8159	72	784
8160	148	835
8161	71	835
8162	72	835
8163	71	787
8164	148	836
8165	71	836
8166	72	836
8167	71	788
8168	148	838
8169	71	838
8170	71	789
8171	98	789
8172	72	789
8173	148	840
8174	71	840
8175	72	840
8176	71	790
8177	98	790
8178	148	842
8179	71	842
8180	71	791
8181	72	791
8182	148	845
8183	71	845
8184	72	845
8185	32	5842
8186	145	5842
8187	146	5842
8188	96	5842
8189	53	5842
8190	106	5842
8191	32	5843
8192	145	5843
8193	146	5843
8194	180	5843
8195	48	5843
8196	139	205
8197	38	205
8198	136	205
8199	139	3123
8200	47	3123
8201	128	3123
8202	32	5844
8203	145	5844
8204	146	5844
8205	108	5844
8206	139	5145
8207	32	5845
8208	145	5845
8209	146	5845
8210	56	5845
8211	97	5845
8212	106	5845
8213	32	5846
8214	145	5846
8215	146	5846
8216	53	5846
8217	139	5348
8218	33	5348
8219	32	5847
8220	145	5847
8221	146	5847
8222	58	5847
8223	139	312
8224	59	312
8225	32	5848
8226	145	5848
8227	146	5848
8228	56	5848
8229	97	5848
8230	106	5848
8231	139	5379
8232	33	5379
8233	32	5851
8234	145	5851
8235	146	5851
8236	96	5851
8237	53	5851
8238	106	5851
8239	139	5146
8240	139	4981
8241	136	4981
8242	32	5852
8243	146	5852
8244	38	5852
8245	32	5853
8246	145	5853
8247	146	5853
8248	38	5853
8249	37	5853
8250	139	1785
8251	57	1785
8252	137	5115
8253	37	5115
8254	63	5115
8255	32	5854
8256	145	5854
8257	146	5854
8258	48	5854
8259	137	5779
8260	37	5779
8261	63	5779
8262	33	5779
8263	32	5859
8264	145	5859
8265	146	5859
8266	53	5859
8267	106	5859
8268	107	5859
8269	137	5116
8270	37	5116
8271	63	5116
8272	32	5860
8273	145	5860
8274	146	5860
8275	54	5860
8276	53	5860
8277	137	5118
8278	37	5118
8279	63	5118
8280	32	5861
8281	145	5861
8282	146	5861
8283	56	5861
8284	97	5861
8285	106	5861
8286	32	5862
8287	145	5862
8288	146	5862
8289	56	5862
8290	97	5862
8291	106	5862
8292	126	3132
8293	59	3132
8294	47	3132
8295	32	5863
8296	145	5863
8297	146	5863
8298	68	5863
8299	32	5864
8300	145	5864
8301	146	5864
8302	54	5864
8303	53	5864
8304	106	5864
8305	40	210
8306	136	210
8307	32	5865
8308	145	5865
8309	146	5865
8310	63	5865
8311	48	5865
8312	40	211
8313	32	5866
8314	145	5866
8315	146	5866
8316	56	5866
8317	97	5866
8318	106	5866
8319	40	212
8320	32	5867
8321	145	5867
8322	146	5867
8323	54	5867
8324	58	5867
8325	40	213
8326	32	5868
8327	145	5868
8328	146	5868
8329	48	5868
8330	108	5868
8331	40	209
8332	39	209
8333	40	214
8334	32	5870
8335	145	5870
8336	146	5870
8337	96	5870
8338	53	5870
8339	106	5870
8340	32	5871
8341	145	5871
8342	146	5871
8343	91	5871
8344	57	5871
8345	40	4321
8346	32	5872
8347	145	5872
8348	146	5872
8349	71	5872
8350	40	4318
8351	136	4318
8352	40	4319
8353	32	5873
8354	145	5873
8355	146	5873
8356	68	5873
8357	35	5873
8358	32	5874
8359	145	5874
8360	146	5874
8361	54	5874
8362	53	5874
8363	106	5874
8364	32	5875
8365	145	5875
8366	146	5875
8367	56	5875
8368	97	5875
8369	106	5875
8370	32	5876
8371	145	5876
8372	146	5876
8373	56	5876
8374	97	5876
8375	106	5876
8376	32	5877
8377	145	5877
8378	146	5877
8379	56	5877
8380	97	5877
8381	106	5877
8382	203	7455
8383	203	7632
8384	32	5879
8385	145	5879
8386	146	5879
8387	203	7646
8388	31	5962
8389	32	5962
8390	145	5962
8391	146	5962
8392	73	5962
8393	180	5962
8394	234	7676
8395	235	7676
8396	73	479
8397	48	3119
8398	31	5963
8399	234	7733
8400	230	7733
8401	73	946
8402	71	946
8403	48	3121
8404	31	5964
8405	148	5964
8406	73	5964
8407	73	1745
8408	58	1745
8409	48	5789
8410	33	5789
8411	31	5965
8412	33	194
8413	73	481
8414	31	5966
8415	40	5966
8416	73	482
8417	115	2375
8418	117	2375
8419	116	2375
8420	33	5335
8421	115	2376
8422	117	2376
8423	31	5967
8424	38	5967
8425	136	5967
8426	73	977
8427	71	977
8428	115	2377
8429	117	2377
8430	116	2377
8431	33	5340
8432	31	5968
8433	47	5968
8434	128	5968
8435	73	4471
8436	40	4471
8437	33	5341
8438	115	2378
8439	116	2378
8440	31	5969
8441	71	5969
8442	115	2380
8443	117	2380
8444	116	2380
8445	33	5342
8446	73	5732
8447	33	5732
8448	31	5970
8449	148	5970
8450	82	5970
8451	115	2379
8452	117	2379
8453	116	2379
8454	73	484
8455	31	5971
8456	148	5971
8457	58	5971
8458	73	485
8459	115	2381
8460	117	2381
8461	116	2381
8462	31	5972
8463	58	5972
8464	233	7669
8465	234	7669
8466	73	984
8467	71	984
8468	115	2382
8469	117	2382
8470	233	7726
8471	230	7726
8472	31	5973
8473	73	996
8474	71	996
8475	115	2383
8476	117	2383
8477	116	2383
8478	31	5974
8479	59	5974
8480	233	7729
8481	230	7729
8482	73	488
8483	98	488
8484	115	2384
8485	117	2384
8486	116	2384
8487	46	3275
8488	31	5975
8489	82	5975
8490	73	1006
8491	71	1006
8492	115	2385
8493	117	2385
8494	116	2385
8495	46	3277
8496	31	5976
8497	58	5976
8498	73	489
8499	115	2386
8500	117	2386
8501	116	2386
8502	46	3278
8503	31	5977
8504	45	5977
8505	73	1007
8506	71	1007
8507	115	2387
8508	117	2387
8509	116	2387
8510	46	3279
8511	31	5978
8512	73	490
8513	115	2388
8514	117	2388
8515	116	2388
8516	46	3280
8517	31	5979
8518	148	5979
8519	73	493
8520	115	2389
8521	117	2389
8522	46	3281
8523	31	5980
8524	59	5980
8525	73	510
8526	72	510
8527	115	2390
8528	117	2390
8529	116	2390
8530	46	3282
8531	31	5981
8532	73	494
8533	115	2391
8534	117	2391
8535	116	2391
8536	46	3283
8537	31	6331
8538	105	6331
8539	30	6331
8540	73	1027
8541	71	1027
8542	115	2392
8543	117	2392
8544	116	2392
8545	46	3284
8546	31	5982
8547	46	5982
8548	73	495
8549	98	495
8550	46	3285
8551	31	5983
8552	148	5983
8553	73	496
8554	116	2369
8555	46	3286
8556	31	5984
8557	73	497
8558	46	3287
8559	31	5985
8560	59	5985
8561	47	5985
8562	128	5985
8563	73	498
8564	18	17
8565	178	17
8566	17	17
8567	179	17
8568	46	3288
8569	31	5986
8570	73	500
8571	46	3289
8572	31	5987
8573	81	5987
8574	18	6951
8575	178	6951
8576	17	6951
8577	179	6951
8578	19	6951
8579	73	1057
8580	71	1057
8581	46	3290
8582	31	5988
8583	148	5988
8584	18	18
8585	178	18
8586	179	18
8587	19	18
8588	73	501
8589	46	3291
8590	31	5989
8591	73	1061
8592	71	1061
8593	72	1061
8594	18	6916
8595	178	6916
8596	179	6916
8597	31	5990
8598	58	5990
8599	46	3292
8600	18	6918
8601	178	6918
8602	179	6918
8603	31	5991
8604	81	5991
8605	18	6953
8606	178	6953
8607	17	6953
8608	179	6953
8609	19	6953
8610	46	3293
8611	62	4893
8612	38	4893
8613	31	5992
8614	59	5992
8615	18	6917
8616	178	6917
8617	179	6917
8618	46	3294
8619	45	3574
8620	47	3241
8621	128	3241
8622	45	3575
8623	241	7810
8624	47	5475
8625	128	5475
8626	33	5475
8627	241	7811
8628	45	3576
8629	241	7812
8630	47	3242
8631	128	3242
8632	45	3577
8633	47	3243
8634	128	3243
8635	180	3243
8636	45	3578
8637	47	3244
8638	128	3244
8639	180	3244
8640	241	7813
8641	45	3579
8642	241	7814
8643	47	3245
8644	128	3245
8645	241	7815
8646	45	3581
8647	47	3246
8648	128	3246
8649	180	3246
8650	241	7816
8651	45	3582
8652	47	3247
8653	128	3247
8654	45	3583
8655	241	7818
8656	47	3248
8657	128	3248
8658	180	3248
8659	241	7817
8660	47	3249
8661	128	3249
8662	45	3585
8663	241	7819
8664	47	3251
8665	45	3586
8666	241	7820
8667	45	3587
8668	47	3252
8669	241	7821
8670	45	3588
8671	47	3253
8672	128	3253
8673	241	7822
8674	45	3589
8675	47	3378
8676	128	3378
8677	180	3378
8678	46	3378
8679	241	7823
8680	45	3590
8681	47	3254
8682	128	3254
8683	180	3254
8684	241	7824
8685	45	3591
8686	241	7825
8687	47	3255
8688	45	3592
8689	241	7826
8690	47	3256
8691	128	3256
8692	45	3593
8693	241	7827
8694	45	3594
8695	241	7828
8696	45	3595
8697	149	137
8698	29	137
8699	241	7829
8700	45	3596
8701	241	7830
8702	45	3597
8703	241	7831
8704	45	3598
8705	241	7832
8706	45	3812
8707	44	3812
8708	241	7833
8709	28	52
8710	25	52
8711	26	52
8712	45	3599
8713	241	7834
8714	45	3600
8715	28	95
8716	25	95
8717	26	95
8718	241	7835
8719	45	3601
8720	28	104
8721	25	104
8722	26	104
8723	241	7836
8724	45	3602
8725	241	7837
8726	45	3603
8727	129	3603
8728	29	144
8729	241	7838
8730	45	3604
8731	241	7839
8732	29	145
8733	45	3605
8734	241	7840
8735	45	3606
8736	29	6471
8737	68	1272
8738	70	1272
8739	31	6445
8740	148	6445
8741	30	6445
8742	68	1273
8743	31	6200
8744	63	6200
8745	68	1478
8746	61	1478
8747	134	1478
8748	31	6201
8749	149	6201
8750	68	1396
8751	62	1396
8752	31	6446
8753	30	6446
8754	68	1274
8755	98	1274
8756	31	6202
8757	58	6202
8758	68	1275
8759	134	1275
8760	31	6203
8761	98	6203
8762	68	1276
8763	31	6204
8764	71	6204
8765	72	6204
8766	68	1277
8767	139	1277
8768	31	6205
8769	148	6205
8770	82	6205
8771	68	1857
8772	139	1857
8773	57	1857
8774	31	6206
8775	81	6206
8776	42	6206
8777	68	1278
8778	134	1278
8779	31	6447
8780	105	6447
8781	30	6447
8782	68	1860
8783	134	1860
8784	57	1860
8785	31	6207
8786	149	6207
8787	68	1279
8788	134	1279
8789	139	1279
8790	31	6208
8791	68	1868
8792	57	1868
8793	31	6209
8794	58	6209
8795	68	4096
8796	134	4096
8797	42	4096
8798	31	6448
8799	30	6448
8800	149	6448
8801	68	4098
8802	134	4098
8803	42	4098
8804	31	6449
8805	148	6449
8806	30	6449
8807	68	1870
8808	139	1870
8809	57	1870
8810	31	6210
8811	149	6210
8812	68	1280
8813	134	1280
8814	31	6211
8815	58	6211
8816	68	1281
8817	31	6212
8818	148	6212
8819	68	1282
8820	134	1282
8821	31	6450
8822	30	6450
8823	68	1283
8824	91	1283
8825	31	6213
8826	149	6213
8827	100	5788
8828	101	5788
8829	33	5788
8830	31	6214
8831	58	6214
8832	100	2118
8833	101	2118
8834	31	6215
8835	31	6216
8836	71	6216
8837	55	277
8838	56	277
8839	97	277
8840	106	277
8841	98	277
8842	31	6217
8843	71	6217
8844	55	276
8845	54	276
8846	100	276
8847	101	276
8848	55	2091
8849	96	2091
8850	100	2091
8851	101	2091
8852	31	6451
8853	148	6451
8854	30	6451
8855	31	6218
8856	55	3128
8857	96	3128
8858	53	3128
8859	106	3128
8860	47	3128
8861	128	3128
8862	55	2146
8863	53	2146
8864	106	2146
8865	102	2146
8866	103	2146
8867	104	2146
8868	31	6219
8869	98	6219
8870	31	6220
8871	71	6220
8872	55	2092
8873	56	2092
8874	106	2092
8875	55	3129
8876	53	3129
8877	106	3129
8878	47	3129
8879	128	3129
8880	31	6221
8881	71	6221
8882	55	2149
8883	53	2149
8884	106	2149
8885	102	2149
8886	103	2149
8887	104	2149
8888	31	6222
8889	71	6222
8890	55	2126
8891	54	2126
8892	100	2126
8893	101	2126
8894	31	6223
8895	98	6223
8896	55	2156
8897	53	2156
8898	106	2156
8899	31	6224
8900	58	6224
8901	134	715
8902	71	715
8903	72	715
8904	134	4192
8905	134	1811
8906	57	1811
8907	134	4193
8908	139	4193
8909	134	4194
8910	139	4194
8911	134	4195
8912	139	4195
8913	134	4196
8914	134	5292
8915	60	5292
8916	35	5292
8917	134	4197
8918	134	4198
8919	139	4198
8920	134	1821
8921	139	1821
8922	57	1821
8923	134	1823
8924	57	1823
8925	134	4199
8926	139	4199
8927	134	4200
8928	134	4201
8929	139	4201
8930	134	5525
8931	98	5525
8932	33	5525
8933	134	4202
8934	134	1988
8935	98	1988
8936	134	5529
8937	33	5529
8938	134	1523
8939	60	1523
8940	134	4077
8941	42	4077
8942	58	4077
8943	134	4203
8944	139	4203
8945	134	1825
8946	57	1825
8947	134	4204
8948	134	5536
8949	139	5536
8950	33	5536
8951	134	1994
8952	98	1994
8953	134	4205
8954	134	4206
8955	134	4426
8956	139	4426
8957	40	4426
8958	134	1827
8959	57	1827
8960	134	5547
8961	98	5547
8962	33	5547
8963	134	4207
8964	139	4207
8965	130	4016
8966	11	7148
8967	130	4017
8968	11	7149
8969	12	7149
8970	187	7149
8971	130	4018
8972	11	7152
8973	153	7152
8974	188	7152
8975	155	7152
8976	130	4019
8977	11	7190
8978	10	7190
8979	188	7190
8980	130	3644
8981	44	3644
8982	11	7154
8983	12	7154
8984	187	7154
8985	103	3059
8986	73	3059
8987	48	3059
8988	103	2141
8989	130	3651
8990	44	3651
8991	130	3655
8992	44	3655
8993	11	7155
8994	12	7155
8995	187	7155
8996	11	7156
8997	12	7156
8998	187	7156
8999	130	3683
9000	44	3683
9001	11	7157
9002	153	7157
9003	155	7157
9004	130	3691
9005	44	3691
9006	11	7158
9007	12	7158
9008	187	7158
9009	130	3714
9010	44	3714
9011	11	7159
9012	12	7159
9013	187	7159
9014	130	3790
9015	44	3790
9016	11	7160
9017	12	7160
9018	187	7160
9019	130	3802
9020	44	3802
9021	11	7161
9022	12	7161
9023	187	7161
9024	130	3354
9025	129	3354
9026	130	3358
9027	129	3358
9028	11	7163
9029	12	7163
9030	187	7163
9031	11	7165
9032	12	7165
9033	187	7165
9034	130	3359
9035	129	3359
9036	130	3584
9037	45	3584
9038	11	7166
9039	188	7166
9040	155	7166
9041	130	4020
9042	13	7209
9043	10	7209
9044	188	7209
9045	189	7209
9046	130	4021
9047	13	7210
9048	10	7210
9049	188	7210
9050	189	7210
9051	130	4022
9052	13	7211
9053	10	7211
9054	188	7211
9055	189	7211
9056	61	317
9057	139	317
9058	130	4023
9059	61	4526
9060	39	4526
9061	13	7212
9062	10	7212
9063	188	7212
9064	189	7212
9065	61	316
9066	60	316
9067	130	3818
9068	44	3818
9069	13	7213
9070	10	7213
9071	188	7213
9072	189	7213
9073	61	318
9074	139	318
9075	130	3820
9076	44	3820
9077	13	7170
9078	11	7170
9079	155	7170
9080	13	7171
9081	11	7171
9082	155	7171
9083	61	5428
9084	33	5428
9085	188	2168
9086	105	2168
9087	190	2168
9088	191	2168
9089	61	5431
9090	33	5431
9091	13	7216
9092	10	7216
9093	188	7216
9094	189	7216
9095	193	7216
9096	188	7288
9097	189	7288
9098	8	7288
9099	61	5263
9100	139	5263
9101	35	5263
9102	13	7127
9103	12	7127
9104	187	7127
9105	61	320
9106	136	320
9107	13	7128
9108	12	7128
9109	17	7128
9110	13	7129
9111	156	7129
9112	12	7129
9113	151	7129
9114	159	7129
9115	94	1813
9116	13	7131
9117	186	7131
9118	12	7131
9119	94	1814
9120	102	2140
9121	104	2140
9122	13	7096
9123	180	7096
9124	155	7096
9125	17	7096
9126	94	1815
9127	94	1812
9128	57	1812
9129	13	7097
9130	14	7097
9131	185	7097
9132	94	1817
9133	79	1817
9134	57	1817
9135	13	7098
9136	14	7098
9137	185	7098
9138	94	5515
9139	57	5515
9140	33	5515
9141	13	7099
9142	186	7099
9143	14	7099
9144	180	7099
9145	42	4082
9146	49	2700
9147	51	2700
9148	120	2700
9149	109	2700
9150	119	2700
9151	49	2701
9152	51	2701
9153	109	2701
9154	50	2701
9155	119	2701
9156	118	2701
9157	42	4083
9158	57	4083
9159	49	2702
9160	51	2702
9161	124	2702
9162	125	2702
9163	120	2702
9164	122	2702
9165	42	5584
9166	33	5584
9167	49	2703
9168	51	2703
9169	124	2703
9170	120	2703
9171	121	2703
9172	122	2703
9173	42	4084
9174	139	4084
9175	49	2704
9176	51	2704
9177	120	2704
9178	121	2704
9179	122	2704
9180	42	4086
9181	49	2705
9182	123	2705
9183	51	2705
9184	124	2705
9185	125	2705
9186	120	2705
9187	42	5622
9188	139	5622
9189	33	5622
9190	49	2706
9191	123	2706
9192	51	2706
9193	109	2706
9194	50	2706
9195	119	2706
9196	42	4089
9197	98	4089
9198	49	2707
9199	120	2707
9200	109	2707
9201	50	2707
9202	119	2707
9203	122	2707
9204	42	4090
9205	49	2708
9206	51	2708
9207	124	2708
9208	125	2708
9209	120	2708
9210	122	2708
9211	42	4091
9212	49	2709
9213	109	2709
9214	121	2709
9215	87	2709
9216	119	2709
9217	122	2709
9218	42	5661
9219	139	5661
9220	40	5661
9221	33	5661
9222	49	2710
9223	109	2710
9224	87	2710
9225	119	2710
9226	118	2710
9227	71	2710
9228	42	5662
9229	33	5662
9230	49	2711
9231	123	2711
9232	51	2711
9233	124	2711
9234	125	2711
9235	120	2711
9236	42	5664
9237	139	5664
9238	33	5664
9239	49	2712
9240	124	2712
9241	125	2712
9242	50	2712
9243	119	2712
9244	122	2712
9245	42	5678
9246	33	5678
9247	49	2713
9248	123	2713
9249	124	2713
9250	125	2713
9251	42	4466
9252	40	4466
9253	49	2714
9254	51	2714
9255	124	2714
9256	125	2714
9257	120	2714
9258	121	2714
9259	42	4094
9260	139	4094
9261	49	2715
9262	123	2715
9263	124	2715
9264	125	2715
9265	118	2715
9266	42	5102
9267	37	5102
9268	49	2716
9269	51	2716
9270	124	2716
9271	125	2716
9272	120	2716
9273	121	2716
9274	42	4095
9275	71	4095
9276	49	2717
9277	51	2717
9278	124	2717
9279	125	2717
9280	120	2717
9281	42	5747
9282	139	5747
9283	33	5747
9284	49	2952
9285	109	2952
9286	119	2952
9287	48	2952
9288	42	4099
9289	67	4099
9290	49	2718
9291	123	2718
9292	124	2718
9293	125	2718
9294	120	2718
9295	50	2718
9296	42	4100
9297	67	4100
9298	49	2719
9299	51	2719
9300	124	2719
9301	125	2719
9302	120	2719
9303	42	4102
9304	74	4102
9305	49	2953
9306	109	2953
9307	119	2953
9308	48	2953
9309	42	4104
9310	49	2720
9311	124	2720
9312	125	2720
9313	109	2720
9314	119	2720
9315	118	2720
9316	42	4106
9317	91	4106
9318	49	2721
9319	51	2721
9320	109	2721
9321	50	2721
9322	119	2721
9323	122	2721
9324	49	2722
9325	51	2722
9326	124	2722
9327	125	2722
9328	120	2722
9329	121	2722
9330	181	7033
9331	182	7033
9332	49	2723
9333	51	2723
9334	120	2723
9335	121	2723
9336	118	2723
9337	181	7053
9338	182	7053
9339	49	2724
9340	51	2724
9341	124	2724
9342	125	2724
9343	50	2724
9344	122	2724
9345	181	7063
9346	182	7063
9347	180	7063
9348	181	7030
9349	184	7030
9350	180	7030
9351	49	2725
9352	51	2725
9353	124	2725
9354	125	2725
9355	120	2725
9356	121	2725
9357	49	2726
9358	51	2726
9359	124	2726
9360	125	2726
9361	120	2726
9362	181	7067
9363	182	7067
9364	180	7067
9365	49	2727
9366	56	2727
9367	97	2727
9368	106	2727
9369	102	2727
9370	104	2727
9371	181	7059
9372	49	2955
9373	51	2955
9374	120	2955
9375	48	2955
9376	59	3328
9377	47	3328
9378	128	3328
9379	46	3328
9380	44	3791
9381	59	1576
9382	59	1613
9383	58	1613
9384	180	1613
9385	44	3792
9386	44	3793
9387	44	3794
9388	59	1581
9389	44	3795
9390	59	1582
9391	59	1583
9392	44	3796
9393	162	6682
9394	171	6682
9395	44	3797
9396	44	3798
9397	47	3122
9398	47	3124
9399	44	3799
9400	44	3800
9401	47	3125
9402	128	3125
9403	180	3125
9404	44	3801
9405	47	3126
9406	47	3127
9407	128	3127
9408	47	3130
9409	44	3803
9410	44	3804
9411	44	3805
9412	47	3133
9413	128	3133
9414	180	3133
9415	44	3806
9416	47	3136
9417	128	3136
9418	180	3136
9419	44	3807
9420	47	3137
9421	128	3137
9422	162	6683
9423	44	3808
9424	47	3139
9425	44	3809
9426	129	3809
9427	47	4810
9428	128	4810
9429	38	4810
9430	44	3813
9431	47	3141
9432	128	3141
9433	44	3814
9434	47	3142
9435	128	3142
9436	180	3142
9437	44	3815
9438	47	3143
9439	128	3143
9440	44	3816
9441	47	3144
9442	128	3144
9443	44	3817
9444	47	5397
9445	128	5397
9446	33	5397
9447	47	3145
9448	128	3145
9449	44	3819
9450	44	3821
9451	102	4413
9452	104	4413
9453	40	4413
9454	47	3146
9455	128	3146
9456	48	3146
9457	47	3148
9458	128	3148
9459	47	3153
9460	128	3153
9461	48	3153
9462	48	2916
9463	48	2917
9464	47	3154
9465	128	3154
9466	48	3154
9467	70	5251
9468	35	5251
9469	48	2919
9470	48	2920
9471	47	3155
9472	128	3155
9473	180	3155
9474	70	351
9475	47	3156
9476	128	3156
9477	70	352
9478	40	4328
9479	47	4328
9480	128	4328
9481	180	4328
9482	38	204
9483	37	204
9484	136	204
9485	40	4329
9486	47	4329
9487	128	4329
9488	70	4813
9489	39	4813
9490	38	4813
9491	70	353
9492	89	353
9493	40	4330
9494	38	4797
9495	40	4331
9496	91	4331
9497	77	4331
9498	64	4331
9499	38	4798
9500	70	350
9501	69	350
9502	40	4332
9503	67	4332
9504	91	4332
9505	70	3149
9506	47	3149
9507	128	3149
9508	38	4800
9509	136	4800
9510	40	4333
9511	70	4545
9512	39	4545
9513	38	5355
9514	33	5355
9515	38	4803
9516	70	4573
9517	39	4573
9518	136	4573
9519	40	5389
9520	33	5389
9521	40	4336
9522	67	4336
9523	47	4336
9524	128	4336
9525	70	4587
9526	39	4587
9527	38	4805
9528	89	4805
9529	70	4842
9530	139	4842
9531	38	4842
9532	40	4337
9533	47	4337
9534	128	4337
9535	180	4337
9536	38	4806
9537	70	354
9538	91	354
9539	40	4338
9540	38	4807
9541	40	4339
9542	70	4862
9543	67	4862
9544	38	4862
9545	38	5025
9546	37	5025
9547	136	5025
9548	40	4340
9549	38	4814
9550	70	5267
9551	35	5267
9552	70	1309
9553	67	1309
9554	136	1309
9555	40	4341
9556	67	4341
9557	38	4815
9558	70	355
9559	136	355
9560	40	4342
9561	67	4342
9562	38	4816
9563	48	4816
9564	38	4817
9565	40	4833
9566	67	4833
9567	38	4833
9568	70	4918
9569	38	4918
9570	40	4343
9571	70	356
9572	136	356
9573	89	356
9574	38	4819
9575	48	4819
9576	40	4344
9577	67	4344
9578	91	4344
9579	70	4730
9580	39	4730
9581	38	4821
9582	40	4345
9583	91	4345
9584	136	4345
9585	38	4823
9586	61	3066
9587	48	3066
9588	61	1560
9589	59	1560
9590	136	1560
9591	40	4346
9592	67	4346
9593	136	4346
9594	38	4824
9595	40	4347
9596	61	4705
9597	39	4705
9598	38	4825
9599	136	4825
9600	61	3238
9601	47	3238
9602	128	3238
9603	40	4348
9604	91	4348
9605	38	4826
9606	136	4826
9607	61	321
9608	62	321
9609	40	4349
9610	67	4349
9611	136	4349
9612	61	1436
9613	40	4350
9614	67	4350
9615	38	4830
9616	38	4832
9617	61	1437
9618	139	1437
9619	40	4351
9620	136	4351
9621	61	1438
9622	40	4352
9623	46	4352
9624	38	4834
9625	48	4834
9626	38	4835
9627	61	1439
9628	62	1439
9629	139	1439
9630	40	4848
9631	38	4848
9632	38	4840
9633	48	4840
9634	61	1440
9635	62	1440
9636	40	4353
9637	67	4353
9638	136	4353
9639	38	4845
9640	48	4845
9641	61	1441
9642	139	1441
9643	40	4354
9644	61	1442
9645	139	1442
9646	40	4355
9647	67	4355
9648	38	4849
9649	48	4849
9650	38	4852
9651	48	4852
9652	61	5495
9653	139	5495
9654	33	5495
9655	40	4357
9656	48	4357
9657	136	4357
9658	38	4853
9659	48	4853
9660	61	1443
9661	62	1443
9662	40	4358
9663	38	4854
9664	48	4854
9665	40	4359
9666	61	1444
9667	139	1444
9668	170	6885
9669	18	6919
9670	178	6919
9671	179	6919
9672	197	7449
9673	198	7449
9674	199	7449
9675	200	7449
9676	18	6920
9677	178	6920
9678	179	6920
9679	25	36
9680	26	36
9681	27	36
9682	197	7451
9683	198	7451
9684	199	7451
9685	200	7451
9686	25	37
9687	26	37
9688	27	37
9689	25	38
9690	26	38
9691	171	6886
9692	197	7450
9693	198	7450
9694	199	7450
9695	200	7450
9696	18	6921
9697	178	6921
9698	179	6921
9699	18	6957
9700	178	6957
9701	17	6957
9702	179	6957
9703	18	6922
9704	178	6922
9705	179	6922
9706	157	6550
9707	177	6550
9708	18	6962
9709	178	6962
9710	17	6962
9711	179	6962
9712	18	6923
9713	178	6923
9714	179	6923
9715	157	6553
9716	158	6553
9717	177	6553
9718	160	6553
9719	18	6966
9720	178	6966
9721	17	6966
9722	179	6966
9723	19	6966
9724	157	6554
9725	158	6554
9726	177	6554
9727	18	6974
9728	178	6974
9729	17	6974
9730	179	6974
9731	157	6555
9732	177	6555
9733	18	6924
9734	178	6924
9735	179	6924
9736	157	6556
9737	158	6556
9738	177	6556
9739	160	6556
9740	18	6925
9741	178	6925
9742	179	6925
9743	157	6558
9744	158	6558
9745	177	6558
9746	160	6558
9747	18	6926
9748	178	6926
9749	179	6926
9750	197	7452
9751	198	7452
9752	199	7452
9753	200	7452
9754	157	6561
9755	158	6561
9756	177	6561
9757	160	6561
9758	18	6927
9759	178	6927
9760	179	6927
9761	157	6559
9762	158	6559
9763	177	6559
9764	160	6559
9765	18	6928
9766	178	6928
9767	179	6928
9768	149	139
9769	29	139
9770	18	6980
9771	178	6980
9772	17	6980
9773	179	6980
9774	19	6980
9775	149	138
9776	29	138
9777	18	6929
9778	178	6929
9779	179	6929
9780	149	140
9781	29	140
9782	199	7442
9783	200	7442
9784	18	6930
9785	178	6930
9786	179	6930
9787	18	6981
9788	178	6981
9789	17	6981
9790	179	6981
9791	149	141
9792	29	141
9793	18	6982
9794	178	6982
9795	17	6982
9796	179	6982
9797	19	6982
9798	201	7453
9799	202	7453
9800	149	142
9801	29	142
9802	201	7651
9803	149	6499
9804	18	6984
9805	178	6984
9806	17	6984
9807	179	6984
9808	19	6984
9809	201	7652
9810	208	7652
9811	149	6500
9812	213	7633
9813	206	7633
9814	203	7633
9815	149	143
9816	29	143
9817	18	6931
9818	178	6931
9819	179	6931
9820	213	7615
9821	205	7615
9822	18	6932
9823	178	6932
9824	179	6932
9825	201	7653
9826	227	7653
9827	18	6987
9828	178	6987
9829	17	6987
9830	179	6987
9831	19	6987
9832	201	7654
9833	226	7654
9834	149	146
9835	29	146
9836	18	6988
9837	178	6988
9838	17	6988
9839	179	6988
9840	19	6988
9841	149	147
9842	29	147
9843	201	7655
9844	202	7655
9845	149	148
9846	29	148
9847	18	6933
9848	178	6933
9849	179	6933
9850	213	7475
9851	211	7475
9852	223	7475
9853	149	149
9854	29	149
9855	18	6934
9856	178	6934
9857	179	6934
9858	149	150
9859	29	150
9860	18	6935
9861	178	6935
9862	179	6935
9863	149	151
9864	29	151
9865	18	6991
9866	178	6991
9867	17	6991
9868	179	6991
9869	201	7656
9870	204	7656
9871	205	7656
9872	201	7657
9873	202	7657
9874	149	152
9875	29	152
9876	18	6993
9877	178	6993
9878	17	6993
9879	179	6993
9880	19	6993
9881	146	5881
9882	146	2210
9883	106	2210
9884	146	5882
9885	7	6
9886	6	6
9887	193	6
9888	194	6
9889	7	7300
9890	6	7300
9891	193	7300
9892	194	7300
9893	7	7303
9894	6	7303
9895	193	7303
9896	194	7303
9897	7	7305
9898	6	7305
9899	193	7305
9900	194	7305
9901	7	7307
9902	6	7307
9903	193	7307
9904	194	7307
9905	7	7309
9906	6	7309
9907	20	7309
9908	193	7309
9909	194	7309
9910	7	7310
9911	6	7310
9912	193	7310
9913	194	7310
9914	7	7314
9915	6	7314
9916	193	7314
9917	194	7314
9918	24	6498
9919	149	6498
9920	6	5
9921	192	5
9922	193	5
9923	194	5
9924	6	7294
9925	193	7294
9926	194	7294
9927	6	7295
9928	193	7295
9929	194	7295
9930	6	7296
9931	193	7296
9932	194	7296
9933	50	2549
9934	7	7319
9935	6	7319
9936	193	7319
9937	194	7319
9938	7	7329
9939	6	7329
9940	193	7329
9941	194	7329
9942	7	7330
9943	6	7330
9944	193	7330
9945	194	7330
9946	7	7334
9947	6	7334
9948	193	7334
9949	194	7334
9950	7	7338
9951	6	7338
9952	192	7338
9953	193	7338
9954	194	7338
9955	7	7340
9956	6	7340
9957	193	7340
9958	194	7340
9959	7	7348
9960	6	7348
9961	193	7348
9962	194	7348
9963	60	1517
9964	60	4908
9965	38	4908
9966	71	792
9967	71	793
9968	98	793
9969	61	5499
9970	139	5499
9971	33	5499
9972	61	1445
9973	139	1445
9974	71	794
9975	98	794
9976	91	1321
9977	136	1321
9978	61	1620
9979	58	1620
9980	71	795
9981	61	1446
9982	91	4504
9983	39	4504
9984	91	1322
9985	71	796
9986	72	796
9987	61	1447
9988	71	797
9989	91	4514
9990	39	4514
9991	61	4781
9992	84	4781
9993	39	4781
9994	71	798
9995	98	798
9996	72	798
9997	91	4516
9998	39	4516
9999	61	1522
10000	60	1522
10001	91	1325
10002	71	800
10003	61	1448
10004	139	1448
10005	71	802
10006	98	802
10007	72	802
10008	61	1449
10009	91	5399
10010	33	5399
10011	71	805
10012	98	805
10013	91	4534
10014	39	4534
10015	71	807
10016	98	807
10017	72	807
10018	91	4542
10019	39	4542
10020	63	4542
10021	70	4951
10022	38	4951
10023	89	4951
10024	70	1805
10025	139	1805
10026	57	1805
10027	70	357
10028	71	357
10029	71	808
10030	98	808
10031	91	1542
10032	59	1542
10033	71	809
10034	98	809
10035	70	1079
10036	139	1079
10037	91	1543
10038	59	1543
10039	71	810
10040	98	810
10041	72	810
10042	91	1326
10043	136	1326
10044	70	1080
10045	84	1080
10046	69	346
10047	71	811
10048	98	811
10049	69	347
10050	70	1096
10051	139	1096
10052	71	812
10053	69	348
10054	70	5286
10055	35	5286
10056	71	813
10057	69	349
10058	70	1097
10059	71	814
10060	98	814
10061	72	814
10062	69	4536
10063	39	4536
10064	70	1098
10065	69	4544
10066	39	4544
10067	71	815
10068	98	815
10069	70	4782
10070	139	4782
10071	39	4782
10072	71	816
10073	72	816
10074	70	4074
10075	42	4074
10076	139	4074
10077	69	4547
10078	39	4547
10079	71	818
10080	98	818
10081	72	818
10082	70	1631
10083	139	1631
10084	58	1631
10085	69	4553
10086	39	4553
10087	69	4595
10088	39	4595
10089	71	819
10090	70	1099
10091	84	1099
10092	71	820
10093	70	1100
10094	139	1100
10095	69	1123
10096	69	1124
10097	98	1124
10098	89	1124
10099	71	822
10100	98	822
10101	72	822
10102	70	1820
10103	139	1820
10104	57	1820
10105	69	4632
10106	39	4632
10107	71	824
10108	70	1101
10109	139	1101
10110	71	825
10111	70	1102
10112	139	1102
10113	69	4646
10114	39	4646
10115	71	826
10116	69	4660
10117	39	4660
10118	70	1645
10119	139	1645
10120	58	1645
10121	40	4323
10122	71	828
10123	72	828
10124	70	1103
10125	40	4324
10126	71	829
10127	139	829
10128	40	4325
10129	70	1104
10130	139	1104
10131	71	831
10132	98	831
10133	40	4326
10134	180	4326
10135	70	1105
10136	139	1105
10137	71	832
10138	98	832
10139	72	832
10140	70	1106
10141	139	1106
10142	40	4327
10143	67	4327
10144	71	833
10145	98	833
10146	148	466
10147	73	466
10148	70	1107
10149	139	1107
10150	62	3250
10151	92	3250
10152	47	3250
10153	128	3250
10154	31	5993
10155	59	5993
10156	70	1108
10157	98	1108
10158	18	6936
10159	178	6936
10160	179	6936
10161	62	5482
10162	139	5482
10163	33	5482
10164	31	5994
10165	47	5994
10166	128	5994
10167	148	467
10168	73	467
10169	18	6937
10170	178	6937
10171	179	6937
10172	62	322
10173	139	322
10174	63	322
10175	70	1109
10176	139	1109
10177	31	5995
10178	58	5995
10179	18	6938
10180	178	6938
10181	179	6938
10182	148	6309
10183	62	1375
10184	139	1375
10185	70	5301
10186	35	5301
10187	148	1476
10188	61	1476
10189	31	5996
10190	71	5996
10191	70	1110
10192	139	1110
10193	18	6939
10194	178	6939
10195	179	6939
10196	62	1378
10197	31	5997
10198	71	5997
10199	18	6940
10200	178	6940
10201	179	6940
10202	148	469
10203	73	469
10204	62	1376
10205	70	1111
10206	139	1111
10207	62	1377
10208	139	1377
10209	31	5998
10210	82	5998
10211	18	6997
10212	178	6997
10213	17	6997
10214	179	6997
10215	19	6997
10216	148	6310
10217	148	473
10218	73	473
10219	70	4087
10220	42	4087
10221	98	4087
10222	31	5999
10223	98	5999
10224	18	6941
10225	178	6941
10226	179	6941
10227	70	1112
10228	139	1112
10229	148	871
10230	71	871
10231	62	1379
10232	31	6000
10233	98	6000
10234	33	6000
10235	18	6998
10236	178	6998
10237	17	6998
10238	179	6998
10239	19	6998
10240	70	1113
10241	139	1113
10242	62	1380
10243	139	1380
10244	148	873
10245	71	873
10246	31	6333
10247	30	6333
10248	73	6333
10249	70	1114
10250	139	1114
10251	62	4069
10252	42	4069
10253	148	878
10254	71	878
10255	31	6001
10256	81	6001
10257	70	1115
10258	148	879
10259	71	879
10260	62	1381
10261	139	1381
10262	31	6002
10263	68	6002
10264	158	6552
10265	177	6552
10266	70	1846
10267	139	1846
10268	57	1846
10269	62	1382
10270	139	1382
10271	31	6334
10272	105	6334
10273	30	6334
10274	148	886
10275	71	886
10276	70	1116
10277	139	1116
10278	62	1383
10279	139	1383
10280	31	6003
10281	33	6003
10282	148	889
10283	71	889
10284	70	1117
10285	139	1117
10286	62	5520
10287	33	5520
10288	31	6004
10289	71	6004
10290	148	896
10291	71	896
10292	70	1118
10293	62	5528
10294	139	5528
10295	33	5528
10296	31	6335
10297	30	6335
10298	149	6335
10299	70	1119
10300	139	1119
10301	62	1384
10302	148	5076
10303	37	5076
10304	98	5076
10305	31	6005
10306	71	6005
10307	148	6311
10308	70	5681
10309	33	5681
10310	148	902
10311	71	902
10312	31	6006
10313	71	6006
10314	62	1385
10315	139	1385
10316	179	6946
10317	62	5544
10318	33	5544
10319	70	5703
10320	139	5703
10321	33	5703
10322	148	903
10323	71	903
10324	31	6007
10325	98	6007
10326	70	1120
10327	139	1120
10328	31	6008
10329	98	6008
10330	179	6947
10331	62	1386
10332	139	1386
10333	148	908
10334	71	908
10335	72	908
10336	70	1121
10337	139	1121
10338	62	1387
10339	139	1387
10340	31	6009
10341	81	6009
10342	148	913
10343	71	913
10344	72	913
10345	62	1388
10346	98	1388
10347	148	914
10348	71	914
10349	31	6010
10350	71	6010
10351	61	1450
10352	134	1450
10353	139	1450
10354	148	916
10355	71	916
10356	72	916
10357	62	1389
10358	139	1389
10359	31	6011
10360	73	6011
10361	61	1452
10362	139	1452
10363	148	922
10364	71	922
10365	31	6338
10366	105	6338
10367	30	6338
10368	62	1390
10369	61	1453
10370	62	1453
10371	61	1454
10372	139	1454
10373	25	39
10374	26	39
10375	148	924
10376	71	924
10377	72	924
10378	31	6012
10379	73	6012
10380	62	1393
10381	62	1395
10382	139	1395
10383	61	1455
10384	134	1455
10385	139	1455
10386	148	927
10387	71	927
10388	31	6013
10389	25	40
10390	26	40
10391	27	40
10392	61	1456
10393	62	1456
10394	148	930
10395	71	930
10396	62	1397
10397	31	6340
10398	30	6340
10399	25	41
10400	26	41
10401	27	41
10402	61	4423
10403	139	4423
10404	40	4423
10405	25	42
10406	26	42
10407	148	936
10408	71	936
10409	31	6014
10410	98	6014
10411	62	1398
10412	61	5296
10413	70	5296
10414	35	5296
10415	25	43
10416	26	43
10417	148	950
10418	71	950
10419	31	6341
10420	30	6341
10421	62	5612
10422	33	5612
10423	61	1457
10424	139	1457
10425	25	44
10426	26	44
10427	87	1146
10428	86	1146
10429	31	6015
10430	149	6015
10431	148	976
10432	71	976
10433	61	1458
10434	62	1458
10435	25	45
10436	26	45
10437	27	45
10438	31	6016
10439	148	978
10440	71	978
10441	87	1147
10442	86	1147
10443	61	1459
10444	139	1459
10445	25	46
10446	26	46
10447	148	483
10448	73	483
10449	31	6343
10450	30	6343
10451	87	1148
10452	86	1148
10453	61	1460
10454	62	1460
10455	139	1460
10456	241	7841
10457	51	2435
10458	124	2435
10459	125	2435
10460	120	2435
10461	121	2435
10462	122	2435
10463	47	3157
10464	128	3157
10465	48	3157
10466	241	7842
10467	47	3158
10468	128	3158
10469	51	2944
10470	120	2944
10471	121	2944
10472	48	2944
10473	241	7843
10474	51	2556
10475	124	2556
10476	125	2556
10477	120	2556
10478	50	2556
10479	122	2556
10480	47	3159
10481	128	3159
10482	48	3159
10483	241	7844
10484	51	2557
10485	124	2557
10486	120	2557
10487	50	2557
10488	121	2557
10489	122	2557
10490	47	3161
10491	128	3161
10492	241	7845
10493	51	2947
10494	121	2947
10495	48	2947
10496	47	3162
10497	128	3162
10498	241	7846
10499	51	2436
10500	124	2436
10501	120	2436
10502	121	2436
10503	47	3164
10504	128	3164
10505	241	7847
10506	51	2438
10507	124	2438
10508	120	2438
10509	121	2438
10510	119	2438
10511	72	2438
10512	47	3165
10513	128	3165
10514	241	7848
10515	47	266
10516	128	266
10517	46	266
10518	51	2948
10519	120	2948
10520	121	2948
10521	48	2948
10522	241	7849
10523	47	3166
10524	128	3166
10525	48	3166
10526	51	2949
10527	120	2949
10528	121	2949
10529	48	2949
10530	241	7850
10531	47	3167
10532	128	3167
10533	180	3167
10534	51	2950
10535	120	2950
10536	121	2950
10537	48	2950
10538	241	7851
10539	47	4843
10540	128	4843
10541	38	4843
10542	51	2439
10543	120	2439
10544	121	2439
10545	241	7852
10546	47	3168
10547	128	3168
10548	48	3168
10549	51	2440
10550	124	2440
10551	120	2440
10552	241	7853
10553	47	3169
10554	128	3169
10555	51	2442
10556	124	2442
10557	121	2442
10558	241	7854
10559	51	2444
10560	120	2444
10561	121	2444
10562	119	2444
10563	241	7855
10564	58	1591
10565	51	5834
10566	121	5834
10567	32	5834
10568	145	5834
10569	146	5834
10570	54	5834
10571	58	5405
10572	33	5405
10573	241	7856
10574	51	2560
10575	124	2560
10576	125	2560
10577	120	2560
10578	50	2560
10579	121	2560
10580	241	7857
10581	58	1594
10582	136	1594
10583	51	2445
10584	120	2445
10585	121	2445
10586	98	2445
10587	58	1595
10588	241	7858
10589	51	2447
10590	124	2447
10591	125	2447
10592	58	1597
10593	136	1597
10594	241	7859
10595	58	1598
10596	180	1598
10597	51	2448
10598	120	2448
10599	121	2448
10600	56	2448
10601	97	2448
10602	106	2448
10603	241	7860
10604	58	1599
10605	51	2449
10606	124	2449
10607	125	2449
10608	120	2449
10609	121	2449
10610	122	2449
10611	241	7861
10612	51	2450
10613	124	2450
10614	125	2450
10615	120	2450
10616	121	2450
10617	241	7862
10618	58	1600
10619	51	2451
10620	120	2451
10621	121	2451
10622	241	7863
10623	58	3199
10624	47	3199
10625	128	3199
10626	136	3199
10627	51	2452
10628	120	2452
10629	121	2452
10630	119	2452
10631	122	2452
10632	241	7864
10633	51	2561
10634	120	2561
10635	50	2561
10636	119	2561
10637	122	2561
10638	58	4877
10639	47	4877
10640	38	4877
10641	48	4877
10642	241	7865
10643	58	1601
10644	51	2562
10645	124	2562
10646	125	2562
10647	120	2562
10648	50	2562
10649	122	2562
10650	58	1602
10651	136	1602
10652	241	7866
10653	51	2453
10654	124	2453
10655	125	2453
10656	120	2453
10657	121	2453
10658	118	2453
10659	241	7867
10660	58	1604
10661	51	2454
10662	120	2454
10663	122	2454
10664	241	7868
10665	58	1605
10666	51	2455
10667	120	2455
10668	121	2455
10669	119	2455
10670	122	2455
10671	241	7869
10672	51	2456
10673	124	2456
10674	125	2456
10675	58	3072
10676	48	3072
10677	241	7870
10678	51	2457
10679	120	2457
10680	109	2457
10681	121	2457
10682	119	2457
10683	118	2457
10684	58	1606
10685	241	7871
10686	51	2458
10687	124	2458
10688	125	2458
10689	120	2458
10690	58	3227
10691	47	3227
10692	128	3227
10693	241	7872
10694	31	6225
10695	58	6225
10696	31	6226
10697	148	6226
10698	31	6227
10699	81	6227
10700	31	6228
10701	98	6228
10702	31	6229
10703	98	6229
10704	31	6453
10705	148	6453
10706	30	6453
10707	31	6454
10708	105	6454
10709	30	6454
10710	31	6230
10711	98	6230
10712	31	6231
10713	149	6231
10714	31	6455
10715	30	6455
10716	73	6455
10717	31	6456
10718	30	6456
10719	31	6232
10720	71	6232
10721	31	6233
10722	148	6233
10723	31	6234
10724	58	6234
10725	31	6235
10726	73	6235
10727	31	6236
10728	58	6236
10729	31	6237
10730	71	6237
10731	31	6238
10732	31	6239
10733	71	6239
10734	72	6239
10735	31	6240
10736	71	6240
10737	31	6241
10738	82	6241
10739	31	6242
10740	58	6242
10741	31	6243
10742	58	6243
10743	31	6244
10744	58	6244
10745	31	6245
10746	31	6457
10747	105	6457
10748	30	6457
10749	31	6246
10750	58	6246
10751	31	6247
10752	58	6247
10753	31	6248
10754	58	6248
10755	31	6249
10756	58	6249
10757	31	6250
10758	58	6250
10759	60	314
10760	45	3607
10761	7	7349
10762	6	7349
10763	193	7349
10764	194	7349
10765	45	3608
10766	94	5061
10767	57	5061
10768	37	5061
10769	7	7357
10770	6	7357
10771	193	7357
10772	194	7357
10773	60	313
10774	59	313
10775	94	1816
10776	98	1816
10777	45	3609
10778	60	4528
10779	39	4528
10780	77	4528
10781	94	1841
10782	95	1841
10783	57	1841
10784	7	7358
10785	6	7358
10786	193	7358
10787	194	7358
10788	45	3610
10789	7	7361
10790	6	7361
10791	193	7361
10792	194	7361
10793	94	1872
10794	57	1872
10795	60	315
10796	45	3611
10797	60	1514
10798	94	1874
10799	79	1874
10800	57	1874
10801	45	3613
10802	8	8
10803	9	8
10804	190	8
10805	191	8
10806	60	4836
10807	38	4836
10808	60	1515
10809	45	3614
10810	8	7
10811	7	7
10812	192	7
10813	60	4582
10814	39	4582
10815	45	3616
10816	169	6884
10817	60	1516
10818	67	1516
10819	136	1516
10820	8	7293
10821	173	7293
10822	175	7293
10823	7	7293
10824	176	7293
10825	45	3617
10826	60	1565
10827	59	1565
10828	45	3618
10829	190	7060
10830	184	7060
10831	45	3619
10832	60	4929
10833	38	4929
10834	190	7036
10835	183	7036
10836	60	1518
10837	77	1518
10838	89	1518
10839	45	3620
10840	164	6652
10841	190	7244
10842	60	1519
10843	45	3621
10844	190	7025
10845	180	7025
10846	164	6653
10847	165	6653
10848	166	6653
10849	45	3622
10850	190	7245
10851	191	7245
10852	60	1520
10853	164	6654
10854	165	6654
10855	166	6654
10856	45	3623
10857	164	6651
10858	163	6651
10859	166	6651
10860	60	1521
10861	190	7028
10862	191	7028
10863	180	7028
10864	45	3624
10865	164	6655
10866	165	6655
10867	166	6655
10868	60	1524
10869	63	1524
10870	190	7246
10871	191	7246
10872	60	1691
10873	58	1691
10874	45	3625
10875	164	6656
10876	165	6656
10877	166	6656
10878	190	7052
10879	191	7052
10880	181	7052
10881	45	3626
10882	129	3626
10883	60	5614
10884	33	5614
10885	45	3627
10886	60	5625
10887	98	5625
10888	33	5625
10889	164	6667
10890	163	6667
10891	190	7065
10892	181	7065
10893	180	7065
10894	164	6668
10895	163	6668
10896	190	7077
10897	181	7077
10898	180	7077
10899	60	1525
10900	45	3628
10901	164	6669
10902	163	6669
10903	190	7083
10904	181	7083
10905	180	7083
10906	60	1528
10907	45	3629
10908	190	7247
10909	191	7247
10910	60	1529
10911	45	3630
10912	190	7248
10913	191	7248
10914	9	7226
10915	190	7226
10916	181	7226
10917	45	3631
10918	190	7249
10919	191	7249
10920	60	5098
10921	37	5098
10922	45	3632
10923	9	7227
10924	190	7227
10925	191	7227
10926	190	7250
10927	191	7250
10928	60	5753
10929	33	5753
10930	9	7228
10931	190	7228
10932	191	7228
10933	45	3633
10934	60	5756
10935	33	5756
10936	190	7251
10937	191	7251
10938	9	7229
10939	190	7229
10940	191	7229
10941	60	1536
10942	45	3634
10943	190	7252
10944	191	7252
10945	60	1537
10946	9	7230
10947	190	7230
10948	181	7230
10949	190	7253
10950	191	7253
10951	9	7231
10952	190	7231
10953	191	7231
10954	60	1538
10955	66	1538
10956	64	1538
10957	180	7018
10958	9	7241
10959	173	7241
10960	176	7241
10961	6	7297
10962	193	7297
10963	194	7297
10964	60	5798
10965	33	5798
10966	9	7232
10967	190	7232
10968	191	7232
10969	180	7019
10970	9	7233
10971	190	7233
10972	181	7233
10973	6	7298
10974	193	7298
10975	194	7298
10976	180	7020
10977	6	7299
10978	193	7299
10979	194	7299
10980	139	5147
10981	180	7021
10982	139	368
10983	74	368
10984	6	7301
10985	192	7301
10986	193	7301
10987	194	7301
10988	151	6531
10989	152	6531
10990	162	6531
10991	151	6532
10992	152	6532
10993	161	6532
10994	162	6532
10995	151	6706
10996	150	6706
10997	152	6706
10998	161	6706
10999	162	6706
11000	151	7344
11001	152	7344
11002	7	7344
11003	6	7344
11004	192	7344
11005	161	7344
11006	193	7344
11007	151	6533
11008	152	6533
11009	161	6533
11010	162	6533
11011	151	6534
11012	152	6534
11013	161	6534
11014	162	6534
11015	151	6535
11016	152	6535
11017	161	6535
11018	162	6535
11019	151	6707
11020	150	6707
11021	152	6707
11022	161	6707
11023	162	6707
11024	151	6708
11025	150	6708
11026	152	6708
11027	161	6708
11028	162	6708
11029	151	6709
11030	150	6709
11031	152	6709
11032	161	6709
11033	162	6709
11034	151	6710
11035	150	6710
11036	152	6710
11037	161	6710
11038	162	6710
11039	151	6711
11040	150	6711
11041	152	6711
11042	161	6711
11043	162	6711
11044	151	6712
11045	150	6712
11046	152	6712
11047	161	6712
11048	162	6712
11049	151	6713
11050	150	6713
11051	152	6713
11052	161	6713
11053	162	6713
11054	151	6714
11055	150	6714
11056	152	6714
11057	161	6714
11058	162	6714
11059	151	6715
11060	150	6715
11061	152	6715
11062	161	6715
11063	162	6715
11064	151	6716
11065	150	6716
11066	152	6716
11067	161	6716
11068	162	6716
11069	151	6717
11070	150	6717
11071	152	6717
11072	161	6717
11073	162	6717
11074	151	6718
11075	150	6718
11076	152	6718
11077	161	6718
11078	162	6718
11079	151	6719
11080	150	6719
11081	152	6719
11082	161	6719
11083	162	6719
11084	151	6720
11085	150	6720
11086	152	6720
11087	161	6720
11088	162	6720
11089	151	6721
11090	150	6721
11091	152	6721
11092	161	6721
11093	162	6721
11094	151	6722
11095	150	6722
11096	152	6722
11097	161	6722
11098	162	6722
11099	151	6723
11100	150	6723
11101	152	6723
11102	161	6723
11103	162	6723
11104	151	6724
11105	150	6724
11106	152	6724
11107	161	6724
11108	162	6724
11109	151	6725
11110	150	6725
11111	152	6725
11112	161	6725
11113	162	6725
11114	151	6726
11115	150	6726
11116	152	6726
11117	161	6726
11118	162	6726
11119	151	6727
11120	150	6727
11121	152	6727
11122	161	6727
11123	162	6727
11124	151	6728
11125	150	6728
11126	152	6728
11127	161	6728
11128	162	6728
11129	151	6729
11130	150	6729
11131	161	6729
11132	162	6729
11133	151	6536
11134	152	6536
11135	162	6536
11136	149	153
11137	29	153
11138	13	7132
11139	12	7132
11140	187	7132
11141	134	463
11142	73	463
11143	39	4549
11144	149	154
11145	29	154
11146	134	4208
11147	39	4550
11148	77	4550
11149	13	7101
11150	14	7101
11151	185	7101
11152	134	4209
11153	139	4209
11154	39	4551
11155	13	7102
11156	15	7102
11157	14	7102
11158	180	7102
11159	149	155
11160	29	155
11161	134	1829
11162	57	1829
11163	98	1829
11164	39	4552
11165	89	4552
11166	13	7105
11167	15	7105
11168	14	7105
11169	180	7105
11170	149	156
11171	29	156
11172	149	157
11173	29	157
11174	134	4210
11175	139	4210
11176	13	7106
11177	14	7106
11178	185	7106
11179	39	4554
11180	149	158
11181	29	158
11182	13	7107
11183	14	7107
11184	185	7107
11185	134	4211
11186	139	4211
11187	39	4829
11188	38	4829
11189	149	159
11190	29	159
11191	13	7108
11192	14	7108
11193	185	7108
11194	134	4212
11195	39	4556
11196	89	4556
11197	149	160
11198	29	160
11199	134	4213
11200	13	7109
11201	15	7109
11202	14	7109
11203	180	7109
11204	39	4831
11205	57	4831
11206	38	4831
11207	149	161
11208	29	161
11209	39	4557
11210	64	4557
11211	134	5558
11212	139	5558
11213	33	5558
11214	13	7110
11215	15	7110
11216	14	7110
11217	180	7110
11218	149	162
11219	29	162
11220	134	4214
11221	139	4214
11222	39	4558
11223	13	7111
11224	14	7111
11225	185	7111
11226	149	163
11227	29	163
11228	134	4215
11229	39	4559
11230	48	4559
11231	13	7112
11232	14	7112
11233	185	7112
11234	149	164
11235	29	164
11236	134	2001
11237	98	2001
11238	39	4560
11239	13	7113
11240	15	7113
11241	14	7113
11242	180	7113
11243	134	4080
11244	42	4080
11245	139	4080
11246	39	4561
11247	48	4561
11248	149	165
11249	29	165
11250	13	7115
11251	15	7115
11252	14	7115
11253	180	7115
11254	134	4216
11255	39	4562
11256	149	166
11257	29	166
11258	13	7116
11259	14	7116
11260	185	7116
11261	149	167
11262	29	167
11263	39	4563
11264	134	5568
11265	139	5568
11266	33	5568
11267	13	7117
11268	15	7117
11269	14	7117
11270	180	7117
11271	149	168
11272	29	168
11273	134	4217
11274	39	4564
11275	47	4564
11276	128	4564
11277	13	7118
11278	15	7118
11279	14	7118
11280	180	7118
11281	149	169
11282	29	169
11283	134	4218
11284	13	7119
11285	15	7119
11286	14	7119
11287	180	7119
11288	39	4566
11289	149	170
11290	29	170
11291	134	4219
11292	139	4219
11293	39	4568
11294	13	7220
11295	10	7220
11296	188	7220
11297	189	7220
11298	149	171
11299	29	171
11300	13	7221
11301	10	7221
11302	188	7221
11303	189	7221
11304	134	4220
11305	139	4220
11306	39	4837
11307	38	4837
11308	149	172
11309	29	172
11310	13	7222
11311	10	7222
11312	188	7222
11313	189	7222
11314	134	1831
11315	57	1831
11316	39	5408
11317	33	5408
11318	149	173
11319	29	173
11320	134	5574
11321	33	5574
11322	39	4570
11323	13	7121
11324	15	7121
11325	14	7121
11326	180	7121
11327	149	174
11328	29	174
11329	134	4221
11330	139	4221
11331	39	4571
11332	13	7122
11333	15	7122
11334	14	7122
11335	180	7122
11336	149	175
11337	29	175
11338	39	4572
11339	134	5576
11340	33	5576
11341	13	7225
11342	10	7225
11343	188	7225
11344	189	7225
11345	134	1832
11346	139	1832
11347	57	1832
11348	149	176
11349	29	176
11350	39	4839
11351	38	4839
11352	149	177
11353	29	177
11354	134	4222
11355	39	4574
11356	48	4574
11357	153	7123
11358	12	7123
11359	187	7123
11360	149	178
11361	29	178
11362	153	6543
11363	155	6543
11364	134	4223
11365	39	4575
11366	48	4575
11367	134	4224
11368	139	4224
11369	153	6537
11370	187	6537
11371	152	6537
11372	190	6537
11373	159	6537
11374	160	6537
11375	149	179
11376	29	179
11377	39	4576
11378	153	6548
11379	156	6548
11380	190	6548
11381	160	6548
11382	149	180
11383	29	180
11384	134	1391
11385	62	1391
11386	139	1391
11387	213	7574
11388	214	7574
11389	206	7574
11390	39	4578
11391	134	4225
11392	153	6648
11393	188	6648
11394	155	6648
11395	149	181
11396	29	181
11397	39	4579
11398	149	182
11399	29	182
11400	39	4580
11401	48	4580
11402	134	5592
11403	33	5592
11404	124	2533
11405	120	2533
11406	122	2533
11407	149	183
11408	29	183
11409	134	2020
11410	98	2020
11411	39	4581
11412	59	4581
11413	136	4581
11414	87	1149
11415	88	1149
11416	86	1149
11417	38	4858
11418	38	4860
11419	48	4860
11420	87	1172
11421	86	1172
11422	38	4861
11423	48	4861
11424	87	1173
11425	86	1173
11426	38	4863
11427	48	4863
11428	87	1174
11429	86	1174
11430	38	4864
11431	87	1175
11432	86	1175
11433	38	4866
11434	48	4866
11435	87	1176
11436	86	1176
11437	38	4867
11438	48	4867
11439	38	4868
11440	87	1177
11441	86	1177
11442	87	1178
11443	86	1178
11444	38	4870
11445	124	2539
11446	121	2539
11447	122	2539
11448	87	1179
11449	88	1179
11450	86	1179
11451	38	4871
11452	48	4871
11453	38	4872
11454	136	4872
11455	87	1180
11456	86	1180
11457	38	4873
11458	48	4873
11459	87	1181
11460	86	1181
11461	87	1182
11462	88	1182
11463	86	1182
11464	38	4875
11465	48	4875
11466	38	4882
11467	48	4882
11468	87	1183
11469	86	1183
11470	38	4883
11471	87	1184
11472	86	1184
11473	38	4886
11474	48	4886
11475	87	1185
11476	86	1185
11477	38	4887
11478	136	4887
11479	87	1222
11480	86	1222
11481	85	1222
11482	87	1223
11483	86	1223
11484	85	1223
11485	38	4889
11486	136	4889
11487	38	4896
11488	48	4896
11489	87	1186
11490	86	1186
11491	38	4900
11492	136	4900
11493	87	1187
11494	86	1187
11495	180	1187
11496	38	4901
11497	87	1132
11498	38	4902
11499	48	4902
11500	87	1188
11501	86	1188
11502	38	4903
11503	48	4903
11504	87	1189
11505	86	1189
11506	180	1189
11507	38	4905
11508	87	1190
11509	86	1190
11510	180	1190
11511	38	4906
11512	38	5033
11513	37	5033
11514	87	1193
11515	88	1193
11516	86	1193
11517	38	4910
11518	48	4910
11519	229	7664
11520	38	4911
11521	93	4911
11522	38	4915
11523	48	4915
11524	229	7665
11525	230	7665
11526	38	4919
11527	48	4919
11528	229	7735
11529	230	7735
11530	229	7736
11531	235	7736
11532	38	4923
11533	89	4923
11534	25	47
11535	26	47
11536	49	2728
11537	51	2728
11538	124	2728
11539	120	2728
11540	121	2728
11541	122	2728
11542	49	2729
11543	124	2729
11544	125	2729
11545	50	2729
11546	118	2729
11547	122	2729
11548	46	3295
11549	25	48
11550	26	48
11551	27	48
11552	46	3296
11553	25	49
11554	26	49
11555	49	2730
11556	124	2730
11557	125	2730
11558	120	2730
11559	109	2730
11560	119	2730
11561	46	3297
11562	25	50
11563	26	50
11564	27	50
11565	49	2731
11566	51	2731
11567	124	2731
11568	125	2731
11569	120	2731
11570	122	2731
11571	46	3298
11572	25	51
11573	26	51
11574	27	51
11575	49	2732
11576	109	2732
11577	87	2732
11578	119	2732
11579	118	2732
11580	122	2732
11581	46	3299
11582	25	53
11583	26	53
11584	49	2733
11585	51	2733
11586	124	2733
11587	125	2733
11588	120	2733
11589	25	54
11590	26	54
11591	49	2734
11592	51	2734
11593	124	2734
11594	125	2734
11595	120	2734
11596	122	2734
11597	46	3301
11598	49	2735
11599	123	2735
11600	120	2735
11601	109	2735
11602	119	2735
11603	118	2735
11604	46	3302
11605	25	55
11606	26	55
11607	46	3303
11608	49	2736
11609	51	2736
11610	125	2736
11611	120	2736
11612	121	2736
11613	25	56
11614	26	56
11615	27	56
11616	46	3304
11617	25	57
11618	26	57
11619	49	2737
11620	51	2737
11621	124	2737
11622	125	2737
11623	120	2737
11624	121	2737
11625	46	3305
11626	25	58
11627	26	58
11628	27	58
11629	49	2738
11630	123	2738
11631	124	2738
11632	125	2738
11633	46	3306
11634	25	59
11635	26	59
11636	49	2739
11637	124	2739
11638	125	2739
11639	120	2739
11640	50	2739
11641	122	2739
11642	25	60
11643	26	60
11644	49	2740
11645	109	2740
11646	73	2740
11647	119	2740
11648	118	2740
11649	46	3308
11650	49	2741
11651	124	2741
11652	125	2741
11653	109	2741
11654	119	2741
11655	122	2741
11656	46	3309
11657	25	61
11658	26	61
11659	25	62
11660	26	62
11661	49	2958
11662	109	2958
11663	119	2958
11664	48	2958
11665	46	3311
11666	49	2742
11667	51	2742
11668	124	2742
11669	120	2742
11670	50	2742
11671	122	2742
11672	46	3312
11673	25	63
11674	26	63
11675	46	3313
11676	25	64
11677	26	64
11678	49	2743
11679	51	2743
11680	124	2743
11681	125	2743
11682	120	2743
11683	122	2743
11684	46	3314
11685	25	65
11686	26	65
11687	27	65
11688	49	2744
11689	51	2744
11690	124	2744
11691	125	2744
11692	120	2744
11693	122	2744
11694	46	3315
11695	25	66
11696	26	66
11697	27	66
11698	49	2745
11699	51	2745
11700	124	2745
11701	125	2745
11702	120	2745
11703	46	3316
11704	25	67
11705	26	67
11706	49	2746
11707	123	2746
11708	51	2746
11709	124	2746
11710	125	2746
11711	120	2746
11712	46	3317
11713	25	68
11714	26	68
11715	49	2747
11716	51	2747
11717	124	2747
11718	125	2747
11719	120	2747
11720	121	2747
11721	46	3318
11722	25	69
11723	26	69
11724	49	2748
11725	51	2748
11726	124	2748
11727	120	2748
11728	121	2748
11729	46	3319
11730	25	70
11731	26	70
11732	49	2749
11733	123	2749
11734	51	2749
11735	124	2749
11736	125	2749
11737	120	2749
11738	46	3320
11739	25	71
11740	26	71
11741	49	2750
11742	51	2750
11743	120	2750
11744	109	2750
11745	119	2750
11746	46	3321
11747	25	72
11748	26	72
11749	49	2751
11750	51	2751
11751	120	2751
11752	109	2751
11753	119	2751
11754	122	2751
11755	46	3322
11756	25	73
11757	26	73
11758	49	2752
11759	109	2752
11760	50	2752
11761	121	2752
11762	119	2752
11763	122	2752
11764	46	3323
11765	25	74
11766	26	74
11767	27	74
11768	49	2753
11769	124	2753
11770	125	2753
11771	120	2753
11772	109	2753
11773	119	2753
11774	25	75
11775	26	75
11776	49	2754
11777	51	2754
11778	124	2754
11779	125	2754
11780	120	2754
11781	122	2754
11782	46	3325
11783	25	76
11784	26	76
11785	49	2755
11786	123	2755
11787	124	2755
11788	125	2755
11789	50	2755
11790	121	2755
11791	46	3326
11792	46	3329
11793	49	2756
11794	51	2756
11795	109	2756
11796	119	2756
11797	118	2756
11798	25	77
11799	26	77
11800	46	3330
11801	49	2757
11802	123	2757
11803	51	2757
11804	124	2757
11805	125	2757
11806	120	2757
11807	25	78
11808	26	78
11809	27	78
11810	46	3331
11811	25	79
11812	26	79
11813	27	79
11814	49	2758
11815	51	2758
11816	124	2758
11817	125	2758
11818	120	2758
11819	40	4360
11820	91	4360
11821	139	5148
11822	139	3171
11823	47	3171
11824	128	3171
11825	40	4361
11826	98	4361
11827	40	4362
11828	91	4362
11829	139	4855
11830	38	4855
11831	40	4363
11832	47	4363
11833	128	4363
11834	139	4856
11835	38	4856
11836	40	4364
11837	47	4364
11838	128	4364
11839	139	1125
11840	69	1125
11841	40	4365
11842	77	4365
11843	136	4365
11844	139	4370
11845	40	4370
11846	40	4366
11847	67	4366
11848	139	1240
11849	89	1240
11850	139	1799
11851	57	1799
11852	40	4367
11853	139	1564
11854	91	1564
11855	59	1564
11856	40	4638
11857	91	4638
11858	39	4638
11859	40	4368
11860	47	4368
11861	128	4368
11862	139	5451
11863	33	5451
11864	40	4369
11865	91	4369
11866	139	5149
11867	139	1310
11868	67	1310
11869	40	4371
11870	91	4371
11871	139	1800
11872	69	1800
11873	57	1800
11874	40	4372
11875	139	1568
11876	67	1568
11877	59	1568
11878	40	4373
11879	67	4373
11880	139	5034
11881	37	5034
11882	40	4374
11883	40	4375
11884	47	4375
11885	128	4375
11886	139	5150
11887	139	5469
11888	33	5469
11889	40	4376
11890	47	4376
11891	128	4376
11892	139	4937
11893	47	4937
11894	128	4937
11895	38	4937
11896	40	4378
11897	139	1610
11898	58	1610
11899	40	4678
11900	91	4678
11901	39	4678
11902	139	1966
11903	98	1966
11904	40	4891
11905	38	4891
11906	136	4891
11907	139	5006
11908	136	5006
11909	40	4380
11910	91	4380
11911	139	1969
11912	98	1969
11913	40	4381
11914	85	4381
11915	40	4382
11916	136	4382
11917	139	5151
11918	40	4384
11919	67	4384
11920	139	5484
11921	33	5484
11922	139	1970
11923	98	1970
11924	40	4385
11925	67	4385
11926	40	4386
11927	136	4386
11928	139	5044
11929	37	5044
11930	40	4387
11931	47	4387
11932	128	4387
11933	139	5493
11934	33	5493
11935	139	1973
11936	98	1973
11937	40	4388
11938	136	4388
11939	40	4389
11940	91	4389
11941	139	5152
11942	40	4391
11943	48	4391
11944	139	5048
11945	37	5048
11946	98	5048
11947	40	4392
11948	139	5153
11949	9	7243
11950	190	7243
11951	191	7243
11952	173	6905
11953	175	6905
11954	176	6905
11955	173	6889
11956	175	6889
11957	20	6889
11958	176	6889
11959	173	6912
11960	175	6912
11961	176	6912
11962	10	9
11963	188	9
11964	189	9
11965	9	9
11966	10	7187
11967	188	7187
11968	155	7187
11969	10	7192
11970	188	7192
11971	189	7192
11972	10	7268
11973	188	7268
11974	189	7268
11975	8	7268
11976	10	7269
11977	188	7269
11978	189	7269
11979	8	7269
11980	10	7194
11981	188	7194
11982	189	7194
11983	10	7195
11984	188	7195
11985	189	7195
11986	10	7270
11987	188	7270
11988	189	7270
11989	8	7270
11990	10	7271
11991	188	7271
11992	189	7271
11993	8	7271
11994	10	7272
11995	188	7272
11996	189	7272
11997	8	7272
11998	10	7273
11999	188	7273
12000	189	7273
12001	8	7273
12002	10	7199
12003	188	7199
12004	189	7199
12005	10	7274
12006	188	7274
12007	189	7274
12008	8	7274
12009	10	7275
12010	188	7275
12011	189	7275
12012	8	7275
12013	9	7275
12014	10	7276
12015	188	7276
12016	189	7276
12017	8	7276
12018	10	7277
12019	188	7277
12020	189	7277
12021	8	7277
12022	10	7278
12023	188	7278
12024	189	7278
12025	8	7278
12026	10	7234
12027	188	7234
12028	189	7234
12029	9	7234
12030	10	7235
12031	188	7235
12032	189	7235
12033	9	7235
12034	10	7279
12035	188	7279
12036	189	7279
12037	8	7279
12038	10	7200
12039	188	7200
12040	189	7200
12041	10	7280
12042	188	7280
12043	189	7280
12044	8	7280
12045	10	7236
12046	188	7236
12047	189	7236
12048	9	7236
12049	10	7237
12050	188	7237
12051	189	7237
12052	9	7237
12053	10	7281
12054	188	7281
12055	189	7281
12056	8	7281
12057	55	2093
12058	96	2093
12059	106	2093
12060	48	2921
12061	108	2921
12062	48	2922
12063	55	2159
12064	54	2159
12065	53	2159
12066	106	2159
12067	55	2094
12068	56	2094
12069	97	2094
12070	106	2094
12071	102	2094
12072	104	2094
12073	48	2924
12074	136	2924
12075	55	2162
12076	53	2162
12077	48	2927
12078	136	2927
12079	48	2928
12080	55	2095
12081	56	2095
12082	97	2095
12083	106	2095
12084	102	2095
12085	103	2095
12086	104	2095
12087	48	2931
12088	55	2096
12089	56	2096
12090	97	2096
12091	106	2096
12092	48	2932
12093	48	2933
12094	55	5404
12095	53	5404
12096	106	5404
12097	57	5404
12098	33	5404
12099	55	2097
12100	56	2097
12101	97	2097
12102	106	2097
12103	72	2097
12104	48	2934
12105	55	2098
12106	56	2098
12107	97	2098
12108	106	2098
12109	102	2098
12110	104	2098
12111	48	2935
12112	55	2099
12113	56	2099
12114	97	2099
12115	106	2099
12116	58	2099
12117	48	2936
12118	55	2100
12119	56	2100
12120	97	2100
12121	106	2100
12122	102	2100
12123	104	2100
12124	55	2101
12125	56	2101
12126	97	2101
12127	106	2101
12128	48	2938
12129	55	2102
12130	56	2102
12131	97	2102
12132	106	2102
12133	102	2102
12134	103	2102
12135	104	2102
12136	48	2940
12137	136	2940
12138	55	2184
12139	53	2184
12140	106	2184
12141	102	2184
12142	103	2184
12143	104	2184
12144	48	2942
12145	98	2024
12146	55	2983
12147	56	2983
12148	97	2983
12149	106	2983
12150	48	2983
12151	98	2025
12152	55	4851
12153	53	4851
12154	106	4851
12155	38	4851
12156	55	2103
12157	56	2103
12158	97	2103
12159	106	2103
12160	102	2103
12161	104	2103
12162	98	5600
12163	33	5600
12164	98	2026
12165	55	2191
12166	96	2191
12167	53	2191
12168	106	2191
12169	102	2191
12170	104	2191
12171	98	2027
12172	55	3239
12173	54	3239
12174	53	3239
12175	106	3239
12176	47	3239
12177	128	3239
12178	55	2203
12179	53	2203
12180	106	2203
12181	98	5602
12182	33	5602
12183	98	2029
12184	55	2104
12185	102	2104
12186	103	2104
12187	55	2207
12188	53	2207
12189	106	2207
12190	102	2207
12191	103	2207
12192	104	2207
12193	98	2030
12194	98	5608
12195	33	5608
12196	98	2032
12197	54	275
12198	53	275
12199	106	275
12200	102	275
12201	103	275
12202	104	275
12203	98	2033
12204	54	2142
12205	53	2142
12206	106	2142
12207	54	2143
12208	53	2143
12209	106	2143
12210	102	2143
12211	103	2143
12212	104	2143
12213	98	5613
12214	33	5613
12215	98	2034
12216	54	2124
12217	98	5618
12218	33	5618
12219	98	2038
12220	54	2145
12221	53	2145
12222	106	2145
12223	102	2145
12224	103	2145
12225	104	2145
12226	54	2152
12227	53	2152
12228	106	2152
12229	98	2039
12230	98	2041
12231	54	2160
12232	53	2160
12233	106	2160
12234	102	2160
12235	103	2160
12236	104	2160
12237	54	2127
12238	56	2127
12239	97	2127
12240	106	2127
12241	102	2127
12242	104	2127
12243	148	6312
12244	180	7022
12245	71	837
12246	180	7023
12247	148	487
12248	73	487
12249	71	839
12250	98	839
12251	148	992
12252	71	992
12253	72	992
12254	71	841
12255	180	7064
12256	180	7024
12257	71	843
12258	148	1003
12259	71	1003
12260	72	1003
12261	148	1013
12262	71	1013
12263	72	1013
12264	180	7026
12265	71	844
12266	98	844
12267	72	844
12268	180	7027
12269	148	491
12270	73	491
12271	180	7068
12272	148	492
12273	73	492
12274	71	846
12275	71	847
12276	148	1026
12277	71	1026
12278	37	5018
12279	63	5018
12280	71	848
12281	98	848
12282	72	848
12283	37	5019
12284	136	5019
12285	148	1028
12286	71	1028
12287	72	1028
12288	71	849
12289	37	5020
12290	148	6313
12291	71	850
12292	98	850
12293	37	5021
12294	71	851
12295	98	851
12296	72	851
12297	148	1192
12298	87	1192
12299	86	1192
12300	37	5022
12301	136	5022
12302	71	852
12303	98	852
12304	148	1042
12305	71	1042
12306	148	4314
12307	134	4314
12308	37	5024
12309	71	853
12310	72	853
12311	148	499
12312	73	499
12313	37	5380
12314	64	5380
12315	33	5380
12316	71	854
12317	98	854
12318	148	1054
12319	71	1054
12320	71	855
12321	72	855
12322	37	5027
12323	63	5027
12324	64	5027
12325	148	1060
12326	71	1060
12327	71	856
12328	72	856
12329	37	5031
12330	148	5782
12331	33	5782
12332	71	857
12333	37	5032
12334	148	502
12335	73	502
12336	71	858
12337	98	858
12338	72	858
12339	37	5037
12340	148	6314
12341	71	859
12342	98	859
12343	72	859
12344	37	5040
12345	148	6315
12346	71	1679
12347	58	1679
12348	72	1679
12349	37	5041
12350	71	860
12351	148	6316
12352	37	5045
12353	71	861
12354	98	861
12355	37	5047
12356	148	6317
12357	148	6318
12358	71	862
12359	98	862
12360	37	5049
12361	63	5049
12362	64	5049
12363	71	863
12364	98	863
12365	72	863
12366	82	608
12367	37	5052
12368	136	5052
12369	71	864
12370	98	864
12371	72	864
12372	37	5053
12373	98	5053
12374	82	609
12375	71	865
12376	98	865
12377	72	865
12378	37	5055
12379	63	5055
12380	64	5055
12381	82	610
12382	71	866
12383	72	866
12384	82	2161
12385	96	2161
12386	54	2161
12387	53	2161
12388	106	2161
12389	37	5572
12390	33	5572
12391	71	867
12392	98	867
12393	72	867
12394	37	5057
12395	63	5057
12396	64	5057
12397	71	868
12398	72	868
12399	82	5836
12400	32	5836
12401	145	5836
12402	146	5836
12403	96	5836
12404	82	1943
12405	56	1943
12406	97	1943
12407	106	1943
12408	37	5060
12409	71	869
12410	72	869
12411	37	5609
12412	33	5609
12413	82	5849
12414	32	5849
12415	145	5849
12416	146	5849
12417	71	1688
12418	58	1688
12419	72	1688
12420	37	5611
12421	33	5611
12422	82	611
12423	139	611
12424	98	611
12425	58	1607
12426	241	7873
12427	58	1608
12428	241	7874
12429	58	1609
12430	136	1609
12431	241	7875
12432	58	1611
12433	241	7876
12434	58	1612
12435	136	1612
12436	241	7877
12437	58	4949
12438	38	4949
12439	241	7878
12440	58	1614
12441	241	7879
12442	58	1615
12443	241	7880
12444	58	1616
12445	241	7881
12446	58	1617
12447	98	1617
12448	241	7882
12449	58	1618
12450	98	1618
12451	241	7883
12452	58	1621
12453	98	1621
12454	241	7884
12455	58	1625
12456	241	7885
12457	58	1626
12458	241	7886
12459	58	1628
12460	98	1628
12461	241	7887
12462	58	1629
12463	241	7888
12464	58	1633
12465	241	7889
12466	58	1634
12467	241	7890
12468	58	1635
12469	241	7891
12470	58	1636
12471	98	1636
12472	241	7892
12473	58	1637
12474	241	7893
12475	58	1638
12476	241	7894
12477	58	1639
12478	241	7895
12479	58	1640
12480	241	7896
12481	58	1642
12482	241	7897
12483	58	1643
12484	58	1644
12485	231	7725
12486	58	1646
12487	58	1647
12488	58	1648
12489	98	1648
12490	58	1649
12491	58	1650
12492	98	1650
12493	186	7130
12494	12	7130
12495	18	7130
12496	14	7090
12497	185	7090
12498	180	7090
12499	159	7090
12500	14	7091
12501	185	7091
12502	189	7091
12503	180	7091
12504	210	7466
12505	210	7467
12506	15	14
12507	14	14
12508	185	14
12509	180	14
12510	210	7464
12511	209	7464
12512	225	7464
12513	210	7554
12514	208	7554
12515	216	7554
12516	210	7531
12517	209	7531
12518	225	7531
12519	210	7532
12520	209	7532
12521	225	7532
12522	210	7465
12523	187	7003
12524	18	7003
12525	178	7003
12526	17	7003
12527	179	7003
12528	19	7003
12529	23	25
12530	22	25
12531	23	6503
12532	24	6503
12533	22	6503
12534	11	7168
12535	12	7168
12536	187	7168
12537	11	7191
12538	10	7191
12539	188	7191
12540	11	7169
12541	188	7169
12542	155	7169
12543	11	7173
12544	12	7173
12545	187	7173
12546	11	7174
12547	12	7174
12548	187	7174
12549	11	7175
12550	12	7175
12551	187	7175
12552	11	7177
12553	153	7177
12554	24	7177
12555	17	7177
12556	11	7179
12557	12	7179
12558	187	7179
12559	11	7182
12560	15	7182
12561	189	7182
12562	173	7182
12563	180	7182
12564	11	7223
12565	10	7223
12566	188	7223
12567	189	7223
12568	51	2956
12569	120	2956
12570	121	2956
12571	48	2956
12572	31	6017
12573	71	6017
12574	31	6018
12575	51	2563
12576	120	2563
12577	50	2563
12578	122	2563
12579	72	2563
12580	51	2459
12581	120	2459
12582	121	2459
12583	55	2459
12584	53	2459
12585	106	2459
12586	31	6019
12587	148	6019
12588	58	6019
12589	51	2460
12590	120	2460
12591	121	2460
12592	56	2460
12593	97	2460
12594	106	2460
12595	31	6020
12596	31	6021
12597	51	2959
12598	120	2959
12599	121	2959
12600	48	2959
12601	31	6022
12602	98	6022
12603	51	2461
12604	124	2461
12605	120	2461
12606	121	2461
12607	119	2461
12608	122	2461
12609	31	6023
12610	71	6023
12611	51	2960
12612	120	2960
12613	121	2960
12614	48	2960
12615	31	6024
12616	105	6024
12617	81	6024
12618	51	2462
12619	124	2462
12620	120	2462
12621	121	2462
12622	122	2462
12623	51	2565
12624	124	2565
12625	125	2565
12626	120	2565
12627	50	2565
12628	121	2565
12629	31	6345
12630	30	6345
12631	31	6025
12632	58	6025
12633	51	2463
12634	120	2463
12635	31	6026
12636	134	6026
12637	51	2464
12638	124	2464
12639	125	2464
12640	120	2464
12641	121	2464
12642	122	2464
12643	51	2465
12644	124	2465
12645	120	2465
12646	121	2465
12647	122	2465
12648	31	6027
12649	71	6027
12650	51	2466
12651	120	2466
12652	121	2466
12653	72	2466
12654	31	6349
12655	30	6349
12656	51	2467
12657	124	2467
12658	125	2467
12659	120	2467
12660	121	2467
12661	31	6028
12662	71	6028
12663	51	2982
12664	120	2982
12665	121	2982
12666	48	2982
12667	72	2982
12668	31	6029
12669	149	6029
12670	51	2468
12671	120	2468
12672	121	2468
12673	119	2468
12674	72	2468
12675	31	6030
12676	98	6030
12677	31	6031
12678	71	6031
12679	51	2470
12680	124	2470
12681	125	2470
12682	120	2470
12683	121	2470
12684	51	2472
12685	120	2472
12686	121	2472
12687	31	6352
12688	30	6352
12689	31	6353
12690	30	6353
12691	51	2473
12692	124	2473
12693	120	2473
12694	51	3032
12695	120	3032
12696	121	3032
12697	48	3032
12698	31	6032
12699	58	6032
12700	98	6032
12701	31	6033
12702	71	6033
12703	51	3033
12704	120	3033
12705	121	3033
12706	48	3033
12707	51	5441
12708	125	5441
12709	120	5441
12710	121	5441
12711	33	5441
12712	31	6034
12713	71	6034
12714	31	6035
12715	105	6035
12716	51	2476
12717	120	2476
12718	121	2476
12719	56	2476
12720	97	2476
12721	106	2476
12722	31	6036
12723	81	6036
12724	51	2568
12725	124	2568
12726	125	2568
12727	120	2568
12728	50	2568
12729	122	2568
12730	51	2569
12731	124	2569
12732	120	2569
12733	50	2569
12734	121	2569
12735	31	6037
12736	58	6037
12737	51	2478
12738	124	2478
12739	125	2478
12740	120	2478
12741	121	2478
12742	122	2478
12743	31	6354
12744	30	6354
12745	73	6354
12746	31	6038
12747	71	6038
12748	51	2479
12749	124	2479
12750	120	2479
12751	121	2479
12752	122	2479
12753	31	6039
12754	33	6039
12755	51	2480
12756	120	2480
12757	122	2480
12758	31	6040
12759	71	6040
12760	51	2481
12761	120	2481
12762	109	2481
12763	121	2481
12764	51	2483
12765	124	2483
12766	120	2483
12767	121	2483
12768	119	2483
12769	31	6356
12770	30	6356
12771	31	6041
12772	98	6041
12773	51	2484
12774	120	2484
12775	121	2484
12776	51	3070
12777	124	3070
12778	120	3070
12779	121	3070
12780	48	3070
12781	31	6357
12782	30	6357
12783	134	1392
12784	62	1392
12785	139	1392
12786	31	6251
12787	71	6251
12788	229	7737
12789	235	7737
12790	134	4226
12791	139	4226
12792	31	6458
12793	30	6458
12794	229	7738
12795	235	7738
12796	134	5594
12797	33	5594
12798	31	6252
12799	58	6252
12800	36	198
12801	138	198
12802	134	4227
12803	31	6253
12804	58	6253
12805	36	199
12806	237	7744
12807	31	6254
12808	58	6254
12809	36	197
12810	138	197
12811	139	197
12812	35	197
12813	134	4228
12814	139	4228
12815	36	200
12816	138	200
12817	31	6255
12818	58	6255
12819	237	7745
12820	134	4229
12821	36	201
12822	138	201
12823	134	4230
12824	31	6256
12825	58	6256
12826	237	7746
12827	237	7747
12828	36	202
12829	138	202
12830	37	202
12831	134	4231
12832	139	4231
12833	31	6257
12834	58	6257
12835	237	7748
12836	134	4232
12837	139	4232
12838	31	6258
12839	58	6258
12840	237	7749
12841	134	1394
12842	62	1394
12843	36	5124
12844	138	5124
12845	57	5124
12846	37	5124
12847	31	6259
12848	58	6259
12849	36	5125
12850	138	5125
12851	37	5125
12852	134	4233
12853	31	6260
12854	71	6260
12855	36	5126
12856	138	5126
12857	41	5126
12858	40	5126
12859	237	7750
12860	134	5059
12861	37	5059
12862	63	5059
12863	31	6261
12864	82	6261
12865	36	5127
12866	41	5127
12867	134	5127
12868	134	4234
12869	31	6262
12870	36	5129
12871	138	5129
12872	236	7739
12873	134	4235
12874	139	4235
12875	36	5128
12876	138	5128
12877	236	7740
12878	134	1685
12879	139	1685
12880	58	1685
12881	36	5130
12882	105	2165
12883	236	7741
12884	134	1835
12885	57	1835
12886	43	3827
12887	130	3827
12888	136	3827
12889	236	7742
12890	105	2164
12891	53	2164
12892	106	2164
12893	107	2164
12894	134	4236
12895	43	5346
12896	130	5346
12897	33	5346
12898	105	6322
12899	30	6322
12900	236	7743
12901	237	7743
12902	134	4237
12903	43	4801
12904	130	4801
12905	38	4801
12906	105	6324
12907	30	6324
12908	236	7793
12909	134	1836
12910	57	1836
12911	105	2166
12912	43	3829
12913	130	3829
12914	43	3828
12915	130	3828
12916	134	4085
12917	42	4085
12918	139	4085
12919	105	6355
12920	30	6355
12921	236	7794
12922	43	3830
12923	130	3830
12924	236	7795
12925	134	4238
12926	105	2206
12927	53	2206
12928	106	2206
12929	107	2206
12930	43	3831
12931	130	3831
12932	236	7796
12933	134	4239
12934	139	4239
12935	105	2167
12936	236	7797
12937	134	4240
12938	36	5249
12939	141	5249
12940	35	5249
12941	236	7799
12942	52	274
12943	53	274
12944	106	274
12945	107	274
12946	108	274
12947	36	5131
12948	37	5131
12949	236	7798
12950	134	4241
12951	139	4241
12952	52	2217
12953	55	2217
12954	100	2217
12955	101	2217
12956	236	7800
12957	134	5304
12958	139	5304
12959	35	5304
12960	52	2218
12961	53	2218
12962	106	2218
12963	107	2218
12964	108	2218
12965	43	3826
12966	130	3826
12967	180	3826
12968	134	4242
12969	62	5303
12970	139	5303
12971	35	5303
12972	62	1399
12973	36	5132
12974	138	5132
12975	129	5132
12976	52	2219
12977	91	2219
12978	59	2219
12979	62	1400
12980	139	1400
12981	134	2035
12982	98	2035
12983	36	5133
12984	67	5133
12985	57	5133
12986	62	1401
12987	139	1401
12988	134	4243
12989	139	4243
12990	36	5134
12991	52	2220
12992	55	2220
12993	96	2220
12994	54	2220
12995	53	2220
12996	106	2220
12997	134	5624
12998	139	5624
12999	33	5624
13000	62	1402
13001	36	5135
13002	138	5135
13003	72	5135
13004	134	4244
13005	62	1403
13006	52	2221
13007	53	2221
13008	106	2221
13009	107	2221
13010	36	5136
13011	138	5136
13012	37	5136
13013	52	2222
13014	55	2222
13015	96	2222
13016	54	2222
13017	53	2222
13018	106	2222
13019	62	1404
13020	139	1404
13021	134	4245
13022	139	4245
13023	36	5384
13024	141	5384
13025	33	5384
13026	52	2223
13027	54	2223
13028	100	2223
13029	101	2223
13030	134	4246
13031	139	4246
13032	61	1656
13033	58	1656
13034	39	4584
13035	61	1461
13036	139	1461
13037	39	4586
13038	61	1462
13039	39	4589
13040	61	1659
13041	139	1659
13042	58	1659
13043	39	4844
13044	77	4844
13045	38	4844
13046	61	1463
13047	62	1463
13048	139	1463
13049	39	4590
13050	48	4590
13051	39	4591
13052	47	4591
13053	128	4591
13054	61	4081
13055	42	4081
13056	58	4081
13057	39	4593
13058	61	1465
13059	62	1465
13060	139	1465
13061	39	4594
13062	61	1466
13063	139	1466
13064	61	1467
13065	134	1467
13066	139	1467
13067	39	4846
13068	38	4846
13069	39	4597
13070	61	1468
13071	139	1468
13072	39	4598
13073	57	4598
13074	61	4433
13075	62	4433
13076	40	4433
13077	39	4599
13078	89	4599
13079	61	1469
13080	39	4600
13081	47	4600
13082	128	4600
13083	61	1470
13084	139	1470
13085	61	1471
13086	62	1471
13087	139	1471
13088	39	5417
13089	33	5417
13090	39	4602
13091	61	5578
13092	33	5578
13093	39	4603
13094	61	1472
13095	39	4604
13096	61	1473
13097	134	1473
13098	39	4605
13099	61	1474
13100	39	4850
13101	38	4850
13102	61	1671
13103	58	1671
13104	39	4606
13105	61	1475
13106	62	1475
13107	61	1477
13108	62	1477
13109	139	1477
13110	39	4608
13111	61	1479
13112	134	1479
13113	39	4609
13114	48	4609
13115	39	5420
13116	33	5420
13117	61	1480
13118	139	1480
13119	39	4610
13120	61	1481
13121	134	1481
13122	62	1481
13123	39	5261
13124	35	5261
13125	61	1833
13126	134	1833
13127	57	1833
13128	61	1482
13129	62	1482
13130	139	1482
13131	39	5421
13132	136	5421
13133	33	5421
13134	39	5422
13135	33	5422
13136	61	5610
13137	139	5610
13138	33	5610
13139	39	4612
13140	61	1483
13141	134	1483
13142	139	1483
13143	39	4613
13144	61	1484
13145	62	1484
13146	39	4614
13147	136	4614
13148	61	1485
13149	70	1485
13150	39	4615
13151	61	1486
13152	62	1486
13153	139	1486
13154	39	4618
13155	149	184
13156	29	184
13157	37	5065
13158	149	185
13159	29	185
13160	37	5620
13161	35	5620
13162	33	5620
13163	149	186
13164	29	186
13165	37	5066
13166	149	6459
13167	29	6459
13168	37	5067
13169	63	5067
13170	64	5067
13171	149	6460
13172	29	6460
13173	37	5068
13174	63	5068
13175	64	5068
13176	37	5069
13177	149	6461
13178	29	6461
13179	37	5070
13180	63	5070
13181	64	5070
13182	149	6462
13183	29	6462
13184	149	6463
13185	29	6463
13186	37	5072
13187	37	5073
13188	63	5073
13189	64	5073
13190	149	6464
13191	29	6464
13192	37	5078
13193	149	6465
13194	29	6465
13195	37	5081
13196	63	5081
13197	64	5081
13198	149	6466
13199	29	6466
13200	37	5082
13201	63	5082
13202	64	5082
13203	149	6467
13204	29	6467
13205	37	5083
13206	149	6468
13207	29	6468
13208	149	6469
13209	29	6469
13210	180	7069
13211	149	6470
13212	29	6470
13213	180	7070
13214	149	6472
13215	29	6472
13216	180	7071
13217	180	5360
13218	33	5360
13219	157	6563
13220	158	6563
13221	177	6563
13222	160	6563
13223	157	6564
13224	158	6564
13225	177	6564
13226	160	6564
13227	157	6565
13228	160	6565
13229	180	7072
13230	157	6566
13231	158	6566
13232	177	6566
13233	160	6566
13234	180	7073
13235	180	7074
13236	157	6567
13237	158	6567
13238	177	6567
13239	180	7075
13240	157	6568
13241	158	6568
13242	177	6568
13243	160	6568
13244	180	7078
13245	157	6570
13246	158	6570
13247	177	6570
13248	160	6570
13249	180	7079
13250	157	6571
13251	158	6571
13252	177	6571
13253	160	6571
13254	180	7080
13255	157	6572
13256	177	6572
13257	180	7081
13258	157	6573
13259	157	6574
13260	177	6574
13261	160	6574
13262	180	7082
13263	157	6577
13264	158	6577
13265	177	6577
13266	180	7084
13267	157	6578
13268	158	6578
13269	177	6578
13270	160	6578
13271	180	7085
13272	157	6579
13273	158	6579
13274	177	6579
13275	160	6579
13276	180	7086
13277	157	6580
13278	158	6580
13279	177	6580
13280	180	3109
13281	48	3109
13282	157	6581
13283	158	6581
13284	177	6581
13285	160	6581
13286	49	2759
13287	120	2759
13288	109	2759
13289	121	2759
13290	87	2759
13291	119	2759
13292	38	4924
13293	49	2760
13294	51	2760
13295	124	2760
13296	120	2760
13297	121	2760
13298	38	4930
13299	93	4930
13300	38	4932
13301	49	2761
13302	123	2761
13303	125	2761
13304	72	2761
13305	38	4945
13306	136	4945
13307	49	2762
13308	124	2762
13309	125	2762
13310	109	2762
13311	119	2762
13312	122	2762
13313	49	2763
13314	51	2763
13315	124	2763
13316	125	2763
13317	120	2763
13318	122	2763
13319	38	4946
13320	98	4946
13321	49	2764
13322	120	2764
13323	109	2764
13324	119	2764
13325	118	2764
13326	122	2764
13327	38	4948
13328	48	4948
13329	38	4952
13330	49	2765
13331	51	2765
13332	120	2765
13333	50	2765
13334	121	2765
13335	122	2765
13336	38	4954
13337	49	2766
13338	51	2766
13339	120	2766
13340	121	2766
13341	122	2766
13342	38	4956
13343	49	2767
13344	123	2767
13345	51	2767
13346	124	2767
13347	125	2767
13348	120	2767
13349	119	2767
13350	38	4957
13351	49	2768
13352	51	2768
13353	120	2768
13354	109	2768
13355	119	2768
13356	122	2768
13357	38	4959
13358	48	4959
13359	49	2769
13360	51	2769
13361	124	2769
13362	125	2769
13363	120	2769
13364	121	2769
13365	38	4963
13366	49	2770
13367	120	2770
13368	109	2770
13369	50	2770
13370	119	2770
13371	49	2771
13372	51	2771
13373	124	2771
13374	125	2771
13375	120	2771
13376	121	2771
13377	238	7758
13378	49	2772
13379	51	2772
13380	124	2772
13381	120	2772
13382	50	2772
13383	122	2772
13384	49	2773
13385	51	2773
13386	124	2773
13387	125	2773
13388	120	2773
13389	50	2773
13390	238	7759
13391	49	2774
13392	120	2774
13393	109	2774
13394	119	2774
13395	118	2774
13396	122	2774
13397	238	7760
13398	238	7761
13399	49	2775
13400	51	2775
13401	120	2775
13402	109	2775
13403	119	2775
13404	49	2776
13405	51	2776
13406	120	2776
13407	109	2776
13408	121	2776
13409	119	2776
13410	238	7762
13411	49	2777
13412	109	2777
13413	50	2777
13414	119	2777
13415	118	2777
13416	238	7763
13417	49	2778
13418	124	2778
13419	125	2778
13420	238	7765
13421	238	7764
13422	49	2779
13423	124	2779
13424	125	2779
13425	50	2779
13426	87	2779
13427	122	2779
13428	238	7766
13429	49	2780
13430	124	2780
13431	125	2780
13432	120	2780
13433	50	2780
13434	122	2780
13435	49	2781
13436	51	2781
13437	120	2781
13438	121	2781
13439	122	2781
13440	238	7767
13441	238	7768
13442	49	2782
13443	109	2782
13444	119	2782
13445	118	2782
13446	49	2783
13447	51	2783
13448	124	2783
13449	125	2783
13450	120	2783
13451	122	2783
13452	238	7769
13453	49	2784
13454	51	2784
13455	120	2784
13456	109	2784
13457	119	2784
13458	122	2784
13459	238	7770
13460	49	2785
13461	109	2785
13462	121	2785
13463	238	7771
13464	49	2786
13465	51	2786
13466	124	2786
13467	125	2786
13468	120	2786
13469	121	2786
13470	238	7772
13471	49	2787
13472	123	2787
13473	124	2787
13474	125	2787
13475	120	2787
13476	119	2787
13477	49	2788
13478	124	2788
13479	125	2788
13480	121	2788
13481	122	2788
13482	37	5014
13483	37	5016
13484	49	2789
13485	109	2789
13486	50	2789
13487	87	2789
13488	119	2789
13489	118	2789
13490	37	5017
13491	54	2180
13492	53	2180
13493	106	2180
13494	102	2180
13495	103	2180
13496	104	2180
13497	54	2128
13498	56	2128
13499	97	2128
13500	106	2128
13501	100	2119
13502	100	2120
13503	101	2120
13504	100	2121
13505	101	2121
13506	56	278
13507	97	278
13508	106	278
13509	102	278
13510	103	278
13511	104	278
13512	56	279
13513	97	279
13514	56	280
13515	97	280
13516	106	280
13517	56	281
13518	97	281
13519	104	281
13520	56	282
13521	97	282
13522	106	282
13523	102	282
13524	103	282
13525	104	282
13526	56	283
13527	97	283
13528	106	283
13529	102	283
13530	103	283
13531	104	283
13532	56	284
13533	97	284
13534	106	284
13535	107	284
13536	56	285
13537	97	285
13538	106	285
13539	102	285
13540	103	285
13541	104	285
13542	56	286
13543	97	286
13544	106	286
13545	56	287
13546	97	287
13547	102	287
13548	104	287
13549	57	287
13550	54	2129
13551	56	2129
13552	97	2129
13553	106	2129
13554	54	2130
13555	56	2130
13556	97	2130
13557	106	2130
13558	54	2131
13559	56	2131
13560	97	2131
13561	106	2131
13562	102	2131
13563	104	2131
13564	54	2132
13565	56	2132
13566	97	2132
13567	106	2132
13568	54	3307
13569	53	3307
13570	106	3307
13571	47	3307
13572	128	3307
13573	46	3307
13574	54	2133
13575	106	2133
13576	141	2133
13577	54	2197
13578	53	2197
13579	106	2197
13580	102	2197
13581	103	2197
13582	104	2197
13583	54	2134
13584	56	2134
13585	97	2134
13586	106	2134
13587	54	2200
13588	53	2200
13589	106	2200
13590	54	2136
13591	56	2136
13592	97	2136
13593	106	2136
13594	102	2136
13595	104	2136
13596	46	3332
13597	10	7282
13598	188	7282
13599	189	7282
13600	8	7282
13601	201	7658
13602	226	7658
13603	223	7658
13604	25	80
13605	26	80
13606	27	80
13607	46	3333
13608	201	7659
13609	215	7659
13610	10	7238
13611	188	7238
13612	189	7238
13613	9	7238
13614	25	81
13615	26	81
13616	46	3334
13617	10	7239
13618	188	7239
13619	189	7239
13620	9	7239
13621	201	7661
13622	215	7661
13623	201	7660
13624	215	7660
13625	25	82
13626	26	82
13627	27	82
13628	46	3335
13629	10	7203
13630	188	7203
13631	189	7203
13632	201	7662
13633	215	7662
13634	25	83
13635	26	83
13636	27	83
13637	46	3336
13638	10	7283
13639	188	7283
13640	189	7283
13641	8	7283
13642	9	7283
13643	175	7283
13644	25	84
13645	26	84
13646	10	7204
13647	188	7204
13648	189	7204
13649	34	196
13650	35	196
13651	46	3338
13652	25	85
13653	26	85
13654	27	85
13655	10	7284
13656	188	7284
13657	189	7284
13658	8	7284
13659	46	3339
13660	25	86
13661	26	86
13662	34	195
13663	141	195
13664	33	195
13665	46	3340
13666	10	7206
13667	188	7206
13668	189	7206
13669	25	87
13670	26	87
13671	27	87
13672	34	5319
13673	148	5319
13674	35	5319
13675	10	7208
13676	188	7208
13677	189	7208
13678	25	88
13679	26	88
13680	27	88
13681	46	3341
13682	34	5351
13683	70	5351
13684	33	5351
13685	10	7240
13686	188	7240
13687	189	7240
13688	9	7240
13689	25	89
13690	26	89
13691	46	3342
13692	34	5352
13693	35	5352
13694	33	5352
13695	46	3343
13696	10	7285
13697	188	7285
13698	189	7285
13699	8	7285
13700	25	90
13701	26	90
13702	34	5354
13703	68	5354
13704	33	5354
13705	46	3344
13706	10	7214
13707	188	7214
13708	189	7214
13709	25	91
13710	26	91
13711	27	91
13712	4	3
13713	5	3
13714	195	3
13715	196	3
13716	46	3345
13717	25	92
13718	26	92
13719	10	7215
13720	188	7215
13721	189	7215
13722	46	3346
13723	4	7368
13724	5	7368
13725	195	7368
13726	196	7368
13727	25	93
13728	26	93
13729	27	93
13730	10	7217
13731	188	7217
13732	189	7217
13733	46	3347
13734	25	94
13735	26	94
13736	27	94
13737	10	7218
13738	188	7218
13739	189	7218
13740	155	7218
13741	46	3349
13742	10	7287
13743	189	7287
13744	8	7287
13745	4	7369
13746	5	7369
13747	25	96
13748	26	96
13749	27	96
13750	46	3350
13751	10	7219
13752	188	7219
13753	4	7370
13754	5	7370
13755	195	7370
13756	196	7370
13757	25	97
13758	26	97
13759	4	7371
13760	5	7371
13761	23	7371
13762	195	7371
13763	196	7371
13764	10	7242
13765	188	7242
13766	189	7242
13767	9	7242
13768	25	98
13769	26	98
13770	27	98
13771	46	3363
13772	4	7372
13773	5	7372
13774	195	7372
13775	196	7372
13776	10	7291
13777	188	7291
13778	189	7291
13779	8	7291
13780	25	99
13781	26	99
13782	46	3364
13783	4	7373
13784	5	7373
13785	195	7373
13786	196	7373
13787	46	3365
13788	10	7292
13789	188	7292
13790	189	7292
13791	8	7292
13792	9	7292
13793	25	100
13794	26	100
13795	4	7374
13796	5	7374
13797	195	7374
13798	196	7374
13799	25	101
13800	26	101
13801	27	101
13802	46	3367
13803	4	7375
13804	5	7375
13805	195	7375
13806	196	7375
13807	4	7376
13808	5	7376
13809	195	7376
13810	196	7376
13811	46	3368
13812	25	102
13813	26	102
13814	46	3369
13815	189	6890
13816	174	6890
13817	173	6890
13818	175	6890
13819	4	7378
13820	5	7378
13821	195	7378
13822	196	7378
13823	25	103
13824	26	103
13825	4	7377
13826	5	7377
13827	195	7377
13828	196	7377
13829	46	3370
13830	189	6891
13831	174	6891
13832	173	6891
13833	175	6891
13834	189	6892
13835	174	6892
13836	173	6892
13837	175	6892
13838	4	7379
13839	5	7379
13840	195	7379
13841	196	7379
13842	25	105
13843	26	105
13844	46	3371
13845	25	106
13846	26	106
13847	27	106
13848	189	6893
13849	174	6893
13850	173	6893
13851	175	6893
13852	4	7380
13853	5	7380
13854	195	7380
13855	196	7380
13856	46	3372
13857	25	107
13858	26	107
13859	27	107
13860	4	7381
13861	5	7381
13862	195	7381
13863	196	7381
13864	189	6894
13865	174	6894
13866	173	6894
13867	180	6894
13868	46	3374
13869	189	7286
13870	8	7286
13871	174	7286
13872	173	7286
13873	4	7382
13874	5	7382
13875	195	7382
13876	196	7382
13877	25	108
13878	26	108
13879	27	108
13880	46	3375
13881	189	6895
13882	174	6895
13883	173	6895
13884	175	6895
13885	4	7383
13886	5	7383
13887	195	7383
13888	196	7383
13889	25	109
13890	26	109
13891	46	3376
13892	25	110
13893	26	110
13894	4	7384
13895	5	7384
13896	195	7384
13897	196	7384
13898	189	6896
13899	174	6896
13900	173	6896
13901	25	111
13902	26	111
13903	27	111
13904	189	6897
13905	174	6897
13906	173	6897
13907	175	6897
13908	4	7385
13909	5	7385
13910	195	7385
13911	196	7385
13912	240	7806
13913	25	112
13914	26	112
13915	27	112
13916	4	7386
13917	5	7386
13918	195	7386
13919	196	7386
13920	189	6898
13921	174	6898
13922	173	6898
13923	175	6898
13924	139	1807
13925	57	1807
13926	52	2224
13927	40	4907
13928	38	4907
13929	136	4907
13930	52	2225
13931	40	4393
13932	47	4393
13933	128	4393
13934	139	5154
13935	40	4394
13936	67	4394
13937	136	4394
13938	52	2226
13939	55	2226
13940	96	2226
13941	56	2226
13942	97	2226
13943	106	2226
13944	139	5155
13945	40	4395
13946	136	4395
13947	139	5157
13948	52	5817
13949	32	5817
13950	145	5817
13951	146	5817
13952	53	5817
13953	106	5817
13954	40	4913
13955	38	4913
13956	139	5159
13957	52	2227
13958	53	2227
13959	106	2227
13960	107	2227
13961	40	4396
13962	47	4396
13963	128	4396
13964	52	2228
13965	55	2228
13966	54	2228
13967	56	2228
13968	97	2228
13969	106	2228
13970	139	5160
13971	139	1818
13972	57	1818
13973	40	4397
13974	52	5830
13975	32	5830
13976	145	5830
13977	146	5830
13978	40	4398
13979	67	4398
13980	136	4398
13981	52	4117
13982	41	4117
13983	139	5161
13984	52	2229
13985	82	2229
13986	54	2229
13987	53	2229
13988	106	2229
13989	40	4399
13990	91	4399
13991	136	4399
13992	139	1819
13993	57	1819
13994	40	4401
13995	47	4401
13996	128	4401
13997	52	2230
13998	56	2230
13999	97	2230
14000	106	2230
14001	139	5162
14002	139	1365
14003	64	1365
14004	52	2231
14005	55	2231
14006	54	2231
14007	56	2231
14008	97	2231
14009	106	2231
14010	40	4403
14011	67	4403
14012	52	2232
14013	55	2232
14014	53	2232
14015	106	2232
14016	107	2232
14017	40	4404
14018	91	4404
14019	136	4404
14020	139	5163
14021	52	2233
14022	53	2233
14023	106	2233
14024	40	4405
14025	139	5517
14026	58	5517
14027	33	5517
14028	40	4406
14029	67	4406
14030	136	4406
14031	139	5164
14032	52	5858
14033	32	5858
14034	145	5858
14035	146	5858
14036	73	5858
14037	52	2234
14038	53	2234
14039	106	2234
14040	107	2234
14041	108	2234
14042	40	4407
14043	136	4407
14044	139	5519
14045	33	5519
14046	52	2235
14047	58	2235
14048	40	4408
14049	48	4408
14050	139	5521
14051	33	5521
14052	139	1985
14053	98	1985
14054	40	4411
14055	52	2236
14056	53	2236
14057	106	2236
14058	107	2236
14059	40	4414
14060	58	4414
14061	139	5522
14062	33	5522
14063	52	2237
14064	53	2237
14065	106	2237
14066	107	2237
14067	52	2238
14068	139	5165
14069	40	4416
14070	58	4416
14071	139	5523
14072	33	5523
14073	80	6347
14074	105	6347
14075	30	6347
14076	40	4417
14077	40	5498
14078	98	5498
14079	33	5498
14080	80	6348
14081	30	6348
14082	139	5524
14083	33	5524
14084	80	658
14085	71	658
14086	40	4418
14087	139	5527
14088	33	5527
14089	40	4419
14090	58	4419
14091	80	6350
14092	30	6350
14093	139	1987
14094	98	1987
14095	139	1641
14096	58	1641
14097	40	4420
14098	80	6351
14099	105	6351
14100	30	6351
14101	80	568
14102	81	568
14103	40	4421
14104	58	4421
14105	139	5530
14106	33	5530
14107	80	674
14108	71	674
14109	40	4422
14110	139	5531
14111	33	5531
14112	139	5166
14113	80	6358
14114	105	6358
14115	30	6358
14116	40	4424
14117	58	4424
14118	80	569
14119	98	569
14120	40	4425
14121	139	5054
14122	37	5054
14123	80	570
14124	81	570
14125	40	4427
14126	58	4427
14127	139	5537
14128	33	5537
14129	139	5167
14130	80	6367
14131	30	6367
14132	40	4428
14133	58	4428
14134	40	4430
14135	58	4430
14136	139	5168
14137	80	6372
14138	30	6372
14139	98	6372
14140	80	571
14141	81	571
14142	40	4431
14143	58	4431
14144	139	5539
14145	98	5539
14146	33	5539
14147	6	7302
14148	193	7302
14149	194	7302
14150	6	7304
14151	193	7304
14152	194	7304
14153	6	7306
14154	192	7306
14155	193	7306
14156	194	7306
14157	205	7458
14158	190	7254
14159	191	7254
14160	205	7613
14161	221	7613
14162	190	7255
14163	191	7255
14164	190	7256
14165	191	7256
14166	205	7614
14167	190	7257
14168	191	7257
14169	205	7616
14170	190	7258
14171	191	7258
14172	196	7029
14173	180	7029
14174	190	7259
14175	191	7259
14176	196	6551
14177	157	6551
14178	158	6551
14179	177	6551
14180	160	6551
14181	190	7260
14182	191	7260
14183	196	6557
14184	157	6557
14185	158	6557
14186	177	6557
14187	160	6557
14188	190	7087
14189	181	7087
14190	180	7087
14191	196	6560
14192	157	6560
14193	158	6560
14194	177	6560
14195	160	6560
14196	196	7366
14197	110	2286
14198	111	2286
14199	196	6569
14200	157	6569
14201	158	6569
14202	177	6569
14203	160	6569
14204	110	2288
14205	111	2288
14206	177	2288
14207	196	6562
14208	157	6562
14209	158	6562
14210	177	6562
14211	160	6562
14212	110	2287
14213	111	2287
14214	177	2287
14215	110	2289
14216	111	2289
14217	177	2289
14218	196	7367
14219	196	6914
14220	177	6914
14221	6	7308
14222	192	7308
14223	193	7308
14224	194	7308
14225	196	6575
14226	157	6575
14227	158	6575
14228	177	6575
14229	160	6575
14230	6	7311
14231	192	7311
14232	193	7311
14233	194	7311
14234	196	6576
14235	157	6576
14236	158	6576
14237	177	6576
14238	160	6576
14239	6	7312
14240	193	7312
14241	194	7312
14242	206	7576
14243	219	7576
14244	227	7576
14245	6	7313
14246	193	7313
14247	194	7313
14248	206	7637
14249	203	7637
14250	227	7637
14251	6	7316
14252	192	7316
14253	193	7316
14254	194	7316
14255	206	7601
14256	222	7601
14257	6	7317
14258	193	7317
14259	194	7317
14260	206	7648
14261	203	7648
14262	215	7648
14263	6	7318
14264	193	7318
14265	194	7318
14266	206	7605
14267	206	7611
14268	6	7320
14269	193	7320
14270	194	7320
14271	6	7321
14272	192	7321
14273	193	7321
14274	194	7321
14275	6	7322
14276	193	7322
14277	194	7322
14278	202	7454
14279	203	7454
14280	6	7323
14281	193	7323
14282	194	7323
14283	6	7324
14284	193	7324
14285	194	7324
14286	71	511
14287	98	511
14288	72	511
14289	6	7325
14290	192	7325
14291	193	7325
14292	194	7325
14293	71	512
14294	72	512
14295	6	7326
14296	193	7326
14297	194	7326
14298	71	5344
14299	33	5344
14300	6	7327
14301	193	7327
14302	194	7327
14303	71	514
14304	6	7328
14305	193	7328
14306	194	7328
14307	6	7331
14308	193	7331
14309	194	7331
14310	71	870
14311	98	870
14312	58	1651
14313	71	872
14314	98	872
14315	71	874
14316	98	874
14317	58	1652
14318	98	1652
14319	58	1653
14320	98	1653
14321	71	875
14322	72	875
14323	58	1654
14324	71	876
14325	72	876
14326	58	1655
14327	71	877
14328	58	5557
14329	98	5557
14330	33	5557
14331	71	881
14332	72	881
14333	58	1657
14334	71	882
14335	98	882
14336	72	882
14337	71	883
14338	72	883
14339	58	1658
14340	58	1660
14341	71	885
14342	72	885
14343	58	1661
14344	71	887
14345	58	1662
14346	71	888
14347	98	888
14348	58	1663
14349	71	890
14350	98	890
14351	72	890
14352	58	1664
14353	71	891
14354	98	891
14355	72	891
14356	58	1665
14357	71	892
14358	72	892
14359	58	5577
14360	98	5577
14361	33	5577
14362	71	893
14363	98	893
14364	72	893
14365	58	1666
14366	71	894
14367	98	894
14368	58	1667
14369	71	895
14370	98	895
14371	58	1668
14372	98	1668
14373	71	5649
14374	33	5649
14375	58	1669
14376	98	1669
14377	71	897
14378	72	897
14379	58	1670
14380	71	898
14381	98	898
14382	58	1672
14383	71	899
14384	98	899
14385	58	3366
14386	98	3366
14387	46	3366
14388	71	900
14389	98	900
14390	58	5587
14391	98	5587
14392	33	5587
14393	71	901
14394	98	901
14395	58	1673
14396	180	1673
14397	58	1674
14398	71	5666
14399	33	5666
14400	71	904
14401	58	1675
14402	71	905
14403	58	5300
14404	35	5300
14405	71	907
14406	58	1676
14407	71	909
14408	58	1678
14409	71	910
14410	72	910
14411	58	1680
14412	71	1726
14413	58	1726
14414	58	1682
14415	71	911
14416	157	6582
14417	158	6582
14418	177	6582
14419	160	6582
14420	51	2485
14421	120	2485
14422	121	2485
14423	64	2485
14424	31	6042
14425	71	6042
14426	157	6583
14427	158	6583
14428	177	6583
14429	160	6583
14430	31	6359
14431	105	6359
14432	30	6359
14433	51	2487
14434	124	2487
14435	125	2487
14436	120	2487
14437	121	2487
14438	122	2487
14439	242	7904
14440	242	7905
14441	157	6584
14442	158	6584
14443	177	6584
14444	31	6043
14445	71	6043
14446	51	2571
14447	124	2571
14448	125	2571
14449	120	2571
14450	50	2571
14451	122	2571
14452	207	7569
14453	31	6044
14454	58	6044
14455	242	7906
14456	51	3088
14457	120	3088
14458	121	3088
14459	122	3088
14460	48	3088
14461	242	7907
14462	31	6045
14463	71	6045
14464	51	2489
14465	124	2489
14466	125	2489
14467	120	2489
14468	121	2489
14469	122	2489
14470	242	7909
14471	31	6361
14472	148	6361
14473	30	6361
14474	51	3090
14475	120	3090
14476	121	3090
14477	48	3090
14478	242	7908
14479	31	6046
14480	51	2491
14481	120	2491
14482	121	2491
14483	122	2576
14484	31	6362
14485	30	6362
14486	51	2492
14487	120	2492
14488	121	2492
14489	51	2493
14490	120	2493
14491	121	2493
14492	31	6047
14493	81	6047
14494	51	2494
14495	120	2494
14496	121	2494
14497	31	6363
14498	30	6363
14499	51	2495
14500	124	2495
14501	125	2495
14502	120	2495
14503	121	2495
14504	31	6364
14505	30	6364
14506	31	6365
14507	30	6365
14508	51	2496
14509	120	2496
14510	121	2496
14511	122	2577
14512	31	6048
14513	71	6048
14514	51	2573
14515	120	2573
14516	50	2573
14517	121	2573
14518	122	2573
14519	31	6366
14520	30	6366
14521	51	2497
14522	124	2497
14523	125	2497
14524	120	2497
14525	157	6585
14526	158	6585
14527	177	6585
14528	31	6368
14529	30	6368
14530	51	2499
14531	124	2499
14532	125	2499
14533	120	2499
14534	121	2499
14535	122	2499
14536	157	6586
14537	158	6586
14538	177	6586
14539	160	6586
14540	51	2500
14541	120	2500
14542	121	2500
14543	122	2500
14544	31	6369
14545	30	6369
14546	31	6370
14547	30	6370
14548	51	2502
14549	124	2502
14550	120	2502
14551	121	2502
14552	31	6371
14553	30	6371
14554	51	2503
14555	124	2503
14556	125	2503
14557	120	2503
14558	51	3106
14559	124	3106
14560	120	3106
14561	121	3106
14562	48	3106
14563	31	6049
14564	71	6049
14565	51	3110
14566	120	3110
14567	121	3110
14568	48	3110
14569	31	6050
14570	71	6050
14571	113	2265
14572	31	6051
14573	51	3113
14574	120	3113
14575	121	3113
14576	48	3113
14577	113	2267
14578	51	3116
14579	120	3116
14580	121	3116
14581	48	3116
14582	31	6052
14583	82	6052
14584	113	2266
14585	51	2509
14586	120	2509
14587	121	2509
14588	119	2509
14589	122	2509
14590	31	6373
14591	30	6373
14592	33	6373
14593	31	6053
14594	33	6053
14595	113	2268
14596	51	2510
14597	120	2510
14598	121	2510
14599	119	2510
14600	118	2510
14601	122	2510
14602	51	2511
14603	120	2511
14604	121	2511
14605	31	6375
14606	30	6375
14607	113	2269
14608	31	6054
14609	71	6054
14610	113	2270
14611	51	2513
14612	120	2513
14613	121	2513
14614	122	2513
14615	51	2514
14616	120	2514
14617	31	6055
14618	98	6055
14619	113	2271
14620	51	2518
14621	120	2518
14622	121	2518
14623	31	6056
14624	71	6056
14625	113	2272
14626	31	6376
14627	30	6376
14628	51	2519
14629	120	2519
14630	121	2519
14631	118	2519
14632	122	2519
14633	51	2520
14634	125	2520
14635	120	2520
14636	121	2520
14637	31	6057
14638	98	6057
14639	227	7631
14640	51	2521
14641	124	2521
14642	120	2521
14643	121	2521
14644	122	2521
14645	31	6058
14646	71	6058
14647	227	7504
14648	216	7504
14649	189	6899
14650	174	6899
14651	173	6899
14652	80	6374
14653	30	6374
14654	189	6900
14655	174	6900
14656	173	6900
14657	180	6900
14658	80	6377
14659	105	6377
14660	30	6377
14661	189	6901
14662	174	6901
14663	173	6901
14664	180	6901
14665	80	6379
14666	30	6379
14667	189	6902
14668	174	6902
14669	173	6902
14670	80	6383
14671	30	6383
14672	58	6383
14673	189	6903
14674	174	6903
14675	173	6903
14676	80	5508
14677	33	5508
14678	189	6904
14679	174	6904
14680	173	6904
14681	175	6904
14682	80	6384
14683	148	6384
14684	30	6384
14685	189	7289
14686	8	7289
14687	174	7289
14688	173	7289
14689	80	6385
14690	105	6385
14691	30	6385
14692	80	717
14693	71	717
14694	189	6906
14695	174	6906
14696	173	6906
14697	175	6906
14698	180	6906
14699	80	6387
14700	30	6387
14701	189	6907
14702	174	6907
14703	173	6907
14704	180	6907
14705	189	7290
14706	8	7290
14707	174	7290
14708	173	7290
14709	180	7290
14710	80	6389
14711	105	6389
14712	30	6389
14713	189	6908
14714	174	6908
14715	173	6908
14716	175	6908
14717	180	6908
14718	80	723
14719	71	723
14720	98	723
14721	189	6909
14722	174	6909
14723	173	6909
14724	175	6909
14725	80	6394
14726	105	6394
14727	30	6394
14728	189	6910
14729	174	6910
14730	173	6910
14731	180	6910
14732	80	6395
14733	30	6395
14734	80	6396
14735	105	6396
14736	30	6396
14737	189	6911
14738	174	6911
14739	173	6911
14740	175	6911
14741	180	6911
14742	80	6399
14743	30	6399
14744	58	6399
14745	189	6913
14746	174	6913
14747	173	6913
14748	80	6402
14749	105	6402
14750	30	6402
14751	80	6406
14752	30	6406
14753	80	6407
14754	30	6407
14755	163	6650
14756	80	6410
14757	30	6410
14758	163	6649
14759	162	6649
14760	163	6673
14761	166	6673
14762	80	6411
14763	30	6411
14764	80	6413
14765	30	6413
14766	49	268
14767	123	268
14768	124	268
14769	125	268
14770	48	268
14771	80	5541
14772	98	5541
14773	33	5541
14774	49	269
14775	80	572
14776	81	572
14777	80	6419
14778	30	6419
14779	164	6670
14780	163	6670
14781	166	6670
14782	80	6420
14783	30	6420
14784	149	6420
14785	164	6672
14786	163	6672
14787	166	6672
14788	164	6671
14789	163	6671
14790	80	1677
14791	58	1677
14792	164	6674
14793	163	6674
14794	166	6674
14795	80	5305
14796	134	5305
14797	35	5305
14798	164	6657
14799	165	6657
14800	166	6657
14801	80	6438
14802	105	6438
14803	30	6438
14804	49	270
14805	124	270
14806	125	270
14807	50	270
14808	122	270
14809	80	573
14810	81	573
14811	80	574
14812	81	574
14813	98	574
14814	80	939
14815	71	939
14816	180	7088
14817	4	7387
14818	5	7387
14819	195	7387
14820	196	7387
14821	61	1487
14822	62	1487
14823	139	1487
14824	45	3389
14825	129	3389
14826	61	5629
14827	139	5629
14828	33	5629
14829	4	7388
14830	5	7388
14831	195	7388
14832	196	7388
14833	45	3390
14834	129	3390
14835	4	7389
14836	5	7389
14837	195	7389
14838	196	7389
14839	61	5638
14840	33	5638
14841	45	3391
14842	129	3391
14843	4	7390
14844	5	7390
14845	195	7390
14846	61	1526
14847	60	1526
14848	61	1489
14849	139	1489
14850	45	3810
14851	44	3810
14852	4	7391
14853	5	7391
14854	195	7391
14855	196	7391
14856	93	1341
14857	61	1490
14858	4	7392
14859	5	7392
14860	195	7392
14861	196	7392
14862	93	3037
14863	48	3037
14864	45	3811
14865	44	3811
14866	129	3811
14867	61	5651
14868	62	5651
14869	33	5651
14870	4	7393
14871	5	7393
14872	195	7393
14873	196	7393
14874	45	3392
14875	93	1343
14876	61	1491
14877	139	1491
14878	4	7394
14879	5	7394
14880	195	7394
14881	196	7394
14882	45	3393
14883	93	5268
14884	35	5268
14885	93	1342
14886	45	3394
14887	4	7395
14888	5	7395
14889	195	7395
14890	196	7395
14891	61	5654
14892	139	5654
14893	33	5654
14894	61	1492
14895	45	3395
14896	4	7396
14897	5	7396
14898	195	7396
14899	196	7396
14900	61	1493
14901	62	1493
14902	139	1493
14903	45	3396
14904	4	7397
14905	5	7397
14906	195	7397
14907	196	7397
14908	61	1494
14909	45	3397
14910	4	7398
14911	5	7398
14912	195	7398
14913	196	7398
14914	44	225
14915	61	1495
14916	62	1495
14917	45	3398
14918	4	7399
14919	5	7399
14920	195	7399
14921	196	7399
14922	44	226
14923	45	3399
14924	4	7400
14925	5	7400
14926	195	7400
14927	196	7400
14928	61	5658
14929	62	5658
14930	33	5658
14931	44	227
14932	61	1496
14933	62	1496
14934	45	3400
14935	4	7401
14936	5	7401
14937	195	7401
14938	196	7401
14939	45	3401
14940	4	7402
14941	5	7402
14942	195	7402
14943	196	7402
14944	61	5079
14945	139	5079
14946	37	5079
14947	61	1497
14948	45	3402
14949	4	7403
14950	5	7403
14951	195	7403
14952	196	7403
14953	218	7491
14954	4	7404
14955	5	7404
14956	195	7404
14957	196	7404
14958	61	1498
14959	45	3403
14960	61	1499
14961	134	1499
14962	62	1499
14963	45	3404
14964	4	7405
14965	5	7405
14966	24	7405
14967	195	7405
14968	196	7405
14969	61	1500
14970	62	1500
14971	139	1500
14972	98	1963
14973	45	3405
14974	4	7406
14975	5	7406
14976	195	7406
14977	196	7406
14978	61	1501
14979	139	1501
14980	98	1965
14981	4	7407
14982	5	7407
14983	195	7407
14984	196	7407
14985	45	3406
14986	98	5448
14987	33	5448
14988	61	1730
14989	58	1730
14990	45	3407
14991	4	7408
14992	5	7408
14993	195	7408
14994	196	7408
14995	61	1502
14996	62	1502
14997	139	1502
14998	45	3408
14999	4	7409
15000	5	7409
15001	195	7409
15002	196	7409
15003	98	5271
15004	35	5271
15005	61	1503
15006	62	1503
15007	98	1967
15008	4	7410
15009	5	7410
15010	195	7410
15011	196	7410
15012	45	3409
15013	98	1968
15014	45	3410
15015	61	5689
15016	62	5689
15017	33	5689
15018	4	7411
15019	5	7411
15020	195	7411
15021	196	7411
15022	98	5488
15023	33	5488
15024	45	3411
15025	4	7412
15026	5	7412
15027	195	7412
15028	196	7412
15029	61	5700
15030	139	5700
15031	33	5700
15032	61	1504
15033	139	1504
15034	45	3412
15035	4	7413
15036	5	7413
15037	195	7413
15038	196	7413
15039	98	1971
15040	98	1972
15041	45	3413
15042	61	5708
15043	37	5708
15044	33	5708
15045	4	7414
15046	5	7414
15047	195	7414
15048	196	7414
15049	61	1532
15050	139	1532
15051	60	1532
15052	98	1974
15053	4	7415
15054	5	7415
15055	195	7415
15056	196	7415
15057	45	3414
15058	61	1505
15059	62	1505
15060	98	1975
15061	45	3415
15062	4	7416
15063	5	7416
15064	195	7416
15065	196	7416
15066	61	1506
15067	62	1506
15068	139	1506
15069	45	3416
15070	4	7417
15071	5	7417
15072	195	7417
15073	196	7417
15074	98	1976
15075	61	1507
15076	139	1507
15077	45	3417
15078	4	7418
15079	5	7418
15080	195	7418
15081	196	7418
15082	98	5500
15083	33	5500
15084	62	1405
15085	134	4247
15086	139	4247
15087	11	7186
15088	153	7186
15089	188	7186
15090	62	1406
15091	139	1406
15092	54	2137
15093	56	2137
15094	97	2137
15095	106	2137
15096	102	2137
15097	104	2137
15098	216	7488
15099	215	7488
15100	134	4248
15101	139	4248
15102	54	4409
15103	53	4409
15104	40	4409
15105	62	1407
15106	139	1407
15107	11	7224
15108	10	7224
15109	188	7224
15110	189	7224
15111	134	4249
15112	139	4249
15113	216	7502
15114	54	2204
15115	53	2204
15116	106	2204
15117	107	2204
15118	21	6826
15119	196	6826
15120	170	6826
15121	171	6826
15122	172	6826
15123	62	1409
15124	139	1409
15125	98	1409
15126	134	4250
15127	21	6827
15128	32	6827
15129	145	6827
15130	146	6827
15131	170	6827
15132	171	6827
15133	62	1410
15134	139	1410
15135	54	4412
15136	53	4412
15137	106	4412
15138	102	4412
15139	104	4412
15140	40	4412
15141	21	6828
15142	32	6828
15143	145	6828
15144	146	6828
15145	170	6828
15146	171	6828
15147	134	1701
15148	58	1701
15149	54	2138
15150	56	2138
15151	97	2138
15152	106	2138
15153	102	2138
15154	104	2138
15155	21	6829
15156	169	6829
15157	170	6829
15158	171	6829
15159	172	6829
15160	62	1411
15161	139	1411
15162	54	2139
15163	134	4251
15164	57	288
15165	180	288
15166	62	1848
15167	57	1848
15168	21	6830
15169	169	6830
15170	170	6830
15171	171	6830
15172	172	6830
15173	134	4252
15174	57	4799
15175	38	4799
15176	98	4799
15177	136	4799
15178	21	6831
15179	169	6831
15180	170	6831
15181	171	6831
15182	172	6831
15183	62	1412
15184	134	5306
15185	139	5306
15186	35	5306
15187	62	1413
15188	139	1413
15189	57	5015
15190	37	5015
15191	21	6832
15192	196	6832
15193	170	6832
15194	171	6832
15195	172	6832
15196	134	4253
15197	57	290
15198	21	6833
15199	169	6833
15200	170	6833
15201	171	6833
15202	172	6833
15203	62	4092
15204	42	4092
15205	134	5639
15206	40	5639
15207	33	5639
15208	62	1414
15209	21	6834
15210	196	6834
15211	170	6834
15212	171	6834
15213	172	6834
15214	134	4254
15215	216	7503
15216	62	1415
15217	139	1415
15218	134	4088
15219	42	4088
15220	98	4088
15221	216	7505
15222	21	21
15223	171	21
15224	97	1955
15225	134	4255
15226	139	4255
15227	62	5680
15228	33	5680
15229	21	22
15230	169	22
15231	171	22
15232	77	377
15233	62	1853
15234	139	1853
15235	57	1853
15236	134	1408
15237	62	1408
15238	98	1408
15239	21	23
15240	169	23
15241	170	23
15242	171	23
15243	172	23
15244	21	24
15245	22	24
15246	170	24
15247	62	1419
15248	139	1419
15249	134	1844
15250	139	1844
15251	57	1844
15252	77	378
15253	62	1421
15254	134	4256
15255	139	4256
15256	21	6821
15257	77	379
15258	62	1422
15259	139	1422
15260	77	380
15261	106	2209
15262	134	4257
15263	139	4257
15264	21	6822
15265	196	6822
15266	170	6822
15267	171	6822
15268	172	6822
15269	62	1423
15270	139	1423
15271	106	2211
15272	134	4258
15273	139	4258
15274	77	381
15275	62	1424
15276	139	1424
15277	77	382
15278	89	382
15279	106	2212
15280	134	4259
15281	139	4259
15282	21	6823
15283	169	6823
15284	170	6823
15285	171	6823
15286	172	6823
15287	62	5709
15288	139	5709
15289	33	5709
15290	21	6824
15291	169	6824
15292	170	6824
15293	171	6824
15294	172	6824
15295	134	4260
15296	139	4260
15297	77	5026
15298	38	5026
15299	37	5026
15300	62	1425
15301	139	1425
15302	21	6825
15303	169	6825
15304	170	6825
15305	171	6825
15306	172	6825
15307	134	1527
15308	60	1527
15309	77	4818
15310	38	4818
15311	62	5716
15312	33	5716
15313	21	6835
15314	169	6835
15315	170	6835
15316	171	6835
15317	172	6835
15318	180	6835
15319	134	4261
15320	157	6587
15321	158	6587
15322	177	6587
15323	21	20
15324	169	20
15325	20	20
15326	170	20
15327	171	20
15328	172	20
15329	62	1426
15330	139	1426
15331	63	1426
15332	134	1368
15333	98	1368
15334	64	1368
15335	62	5724
15336	139	5724
15337	33	5724
15338	157	6589
15339	158	6589
15340	177	6589
15341	21	6836
15342	196	6836
15343	170	6836
15344	171	6836
15345	172	6836
15346	134	4262
15347	157	6590
15348	158	6590
15349	177	6590
15350	21	6837
15351	171	6837
15352	172	6837
15353	134	4263
15354	139	4263
15355	62	5728
15356	139	5728
15357	33	5728
15358	157	6591
15359	158	6591
15360	177	6591
15361	62	5731
15362	139	5731
15363	33	5731
15364	21	6838
15365	171	6838
15366	172	6838
15367	134	4264
15368	139	4264
15369	62	1428
15370	139	1428
15371	141	5331
15372	157	6593
15373	158	6593
15374	177	6593
15375	160	6593
15376	21	6839
15377	196	6839
15378	170	6839
15379	171	6839
15380	172	6839
15381	134	4265
15382	139	4265
15383	62	1429
15384	139	1429
15385	141	5339
15386	33	5339
15387	157	6594
15388	158	6594
15389	177	6594
15390	21	6840
15391	196	6840
15392	170	6840
15393	171	6840
15394	172	6840
15395	141	1964
15396	98	1964
15397	134	4266
15398	157	6595
15399	158	6595
15400	177	6595
15401	160	6595
15402	21	6887
15403	169	6887
15404	20	6887
15405	170	6887
15406	171	6887
15407	172	6887
15408	62	1430
15409	139	1430
15410	141	1539
15411	67	1539
15412	59	1539
15413	134	4267
15414	139	4267
15415	157	6596
15416	158	6596
15417	177	6596
15418	160	6596
15419	62	1431
15420	21	6841
15421	146	6841
15422	169	6841
15423	170	6841
15424	171	6841
15425	172	6841
15426	134	4453
15427	40	4453
15428	157	6597
15429	158	6597
15430	177	6597
15431	141	1592
15432	58	1592
15433	62	5107
15434	37	5107
15435	21	6842
15436	171	6842
15437	172	6842
15438	141	319
15439	61	319
15440	62	1432
15441	134	4268
15442	157	6599
15443	158	6599
15444	177	6599
15445	160	6599
15446	21	6843
15447	169	6843
15448	170	6843
15449	171	6843
15450	172	6843
15451	39	4857
15452	38	4857
15453	39	4859
15454	38	4859
15455	39	4619
15456	136	4619
15457	39	4621
15458	48	4621
15459	39	5430
15460	33	5430
15461	39	4623
15462	136	4623
15463	39	4626
15464	89	4626
15465	39	4627
15466	136	4627
15467	39	5432
15468	33	5432
15469	39	4865
15470	38	4865
15471	39	4628
15472	48	4628
15473	39	4630
15474	39	4631
15475	77	4631
15476	39	4634
15477	39	4635
15478	39	4637
15479	39	4639
15480	39	4640
15481	39	4641
15482	47	4641
15483	128	4641
15484	39	4642
15485	44	4642
15486	39	4644
15487	39	5265
15488	35	5265
15489	39	4645
15490	39	4647
15491	39	4650
15492	136	4650
15493	39	4651
15494	89	4651
15495	39	4652
15496	39	4653
15497	89	4653
15498	39	4656
15499	136	4656
15500	39	4657
15501	39	4659
15502	49	2790
15503	109	2790
15504	50	2790
15505	87	2790
15506	119	2790
15507	118	2790
15508	98	1978
15509	49	2791
15510	123	2791
15511	51	2791
15512	124	2791
15513	125	2791
15514	120	2791
15515	49	2792
15516	124	2792
15517	125	2792
15518	119	2792
15519	122	2792
15520	98	5501
15521	33	5501
15522	49	2793
15523	124	2793
15524	125	2793
15525	109	2793
15526	119	2793
15527	118	2793
15528	98	5507
15529	33	5507
15530	49	2794
15531	51	2794
15532	124	2794
15533	125	2794
15534	120	2794
15535	50	2794
15536	98	1979
15537	49	3024
15538	124	3024
15539	125	3024
15540	48	3024
15541	98	506
15542	72	506
15543	49	2795
15544	124	2795
15545	122	2795
15546	98	1980
15547	98	1981
15548	49	3026
15549	109	3026
15550	119	3026
15551	48	3026
15552	63	323
15553	49	2796
15554	123	2796
15555	124	2796
15556	125	2796
15557	120	2796
15558	50	2796
15559	63	324
15560	64	324
15561	49	2797
15562	109	2797
15563	50	2797
15564	87	2797
15565	119	2797
15566	118	2797
15567	63	1373
15568	49	2798
15569	123	2798
15570	51	2798
15571	124	2798
15572	120	2798
15573	121	2798
15574	49	2799
15575	51	2799
15576	120	2799
15577	56	2799
15578	97	2799
15579	106	2799
15580	63	5736
15581	33	5736
15582	49	2800
15583	51	2800
15584	124	2800
15585	125	2800
15586	120	2800
15587	50	2800
15588	37	5084
15589	63	5084
15590	64	5084
15591	49	2801
15592	51	2801
15593	124	2801
15594	120	2801
15595	121	2801
15596	37	5665
15597	64	5665
15598	33	5665
15599	49	2802
15600	51	2802
15601	124	2802
15602	125	2802
15603	120	2802
15604	37	5086
15605	63	5086
15606	64	5086
15607	37	5087
15608	63	5087
15609	64	5087
15610	49	2803
15611	51	2803
15612	120	2803
15613	49	2804
15614	123	2804
15615	120	2804
15616	109	2804
15617	50	2804
15618	119	2804
15619	118	2804
15620	37	5089
15621	63	5089
15622	64	5089
15623	49	2805
15624	123	2805
15625	51	2805
15626	124	2805
15627	125	2805
15628	121	2805
15629	37	5093
15630	63	5093
15631	64	5093
15632	49	2806
15633	51	2806
15634	120	2806
15635	37	5095
15636	37	5100
15637	63	5100
15638	64	5100
15639	49	2807
15640	51	2807
15641	124	2807
15642	125	2807
15643	120	2807
15644	119	2807
15645	37	5726
15646	33	5726
15647	49	2808
15648	51	2808
15649	124	2808
15650	125	2808
15651	120	2808
15652	122	2808
15653	49	2809
15654	51	2809
15655	120	2809
15656	50	2809
15657	121	2809
15658	122	2809
15659	37	5103
15660	63	5103
15661	49	2810
15662	51	2810
15663	124	2810
15664	125	2810
15665	120	2810
15666	121	2810
15667	37	5746
15668	33	5746
15669	49	2811
15670	51	2811
15671	124	2811
15672	125	2811
15673	120	2811
15674	121	2811
15675	37	5105
15676	63	5105
15677	64	5105
15678	49	2812
15679	123	2812
15680	124	2812
15681	125	2812
15682	120	2812
15683	37	5109
15684	64	5109
15685	37	5111
15686	64	5111
15687	49	2813
15688	123	2813
15689	51	2813
15690	124	2813
15691	125	2813
15692	120	2813
15693	37	5113
15694	64	5113
15695	49	2814
15696	51	2814
15697	124	2814
15698	125	2814
15699	120	2814
15700	122	2814
15701	49	2815
15702	124	2815
15703	125	2815
15704	50	2815
15705	121	2815
15706	122	2815
15707	37	5114
15708	46	5114
15709	49	2816
15710	123	2816
15711	124	2816
15712	125	2816
15713	119	2816
15714	118	2816
15715	37	5119
15716	63	5119
15717	64	5119
15718	49	3047
15719	109	3047
15720	119	3047
15721	48	3047
15722	37	5120
15723	37	5121
15724	63	5121
15725	64	5121
15726	49	2817
15727	124	2817
15728	125	2817
15729	109	2817
15730	98	1977
15731	49	2818
15732	123	2818
15733	51	2818
15734	124	2818
15735	125	2818
15736	120	2818
15737	25	113
15738	26	113
15739	40	4432
15740	58	4432
15741	25	114
15742	26	114
15743	40	5570
15744	33	5570
15745	40	5575
15746	33	5575
15747	40	4434
15748	40	4435
15749	40	4436
15750	40	4438
15751	58	4438
15752	40	4439
15753	40	4440
15754	58	4440
15755	98	4440
15756	40	4441
15757	108	2215
15758	40	4442
15759	40	4443
15760	58	4443
15761	98	4443
15762	40	4444
15763	58	4444
15764	40	4445
15765	40	4446
15766	40	4447
15767	58	4447
15768	108	2216
15769	40	4448
15770	40	4449
15771	58	4449
15772	40	4450
15773	58	4450
15774	40	4452
15775	40	5663
15776	33	5663
15777	136	4964
15778	40	4454
15779	136	4965
15780	40	4455
15781	136	4966
15782	40	4456
15783	40	4457
15784	136	4967
15785	136	4968
15786	40	4458
15787	58	4458
15788	136	4969
15789	40	4459
15790	136	4970
15791	40	5685
15792	33	5685
15793	136	4971
15794	40	4460
15795	136	4973
15796	136	4974
15797	40	4462
15798	40	4463
15799	136	4975
15800	139	5169
15801	139	5540
15802	33	5540
15803	139	1995
15804	98	1995
15805	139	5170
15806	139	5543
15807	33	5543
15808	139	5298
15809	35	5298
15810	139	5545
15811	33	5545
15812	139	5171
15813	139	5550
15814	33	5550
15815	139	1997
15816	98	1997
15817	139	5552
15818	33	5552
15819	139	5172
15820	139	5555
15821	33	5555
15822	139	1998
15823	98	1998
15824	139	5173
15825	139	4429
15826	40	4429
15827	139	5174
15828	139	2000
15829	98	2000
15830	139	5175
15831	139	5560
15832	33	5560
15833	139	5561
15834	33	5561
15835	139	5563
15836	33	5563
15837	139	5564
15838	33	5564
15839	139	5176
15840	139	5566
15841	33	5566
15842	139	5567
15843	33	5567
15844	139	2005
15845	98	2005
15846	139	5177
15847	139	5569
15848	33	5569
15849	139	5178
15850	139	5179
15851	213	7476
15852	223	7476
15853	36	5137
15854	134	5137
15855	37	5137
15856	36	5387
15857	138	5387
15858	33	5387
15859	64	1362
15860	136	1362
15861	64	1364
15862	36	5138
15863	64	1366
15864	36	5139
15865	138	5139
15866	38	5139
15867	36	5140
15868	92	5140
15869	64	5738
15870	33	5738
15871	64	1371
15872	36	5141
15873	138	5141
15874	42	5141
15875	36	5142
15876	60	5142
15877	133	5142
15878	64	5764
15879	33	5764
15880	36	5143
15881	18	6999
15882	178	6999
15883	17	6999
15884	179	6999
15885	19	6999
15886	18	6942
15887	178	6942
15888	179	6942
15889	36	5144
15890	138	5144
15891	93	5144
15892	18	7001
15893	178	7001
15894	17	7001
15895	179	7001
15896	18	7004
15897	178	7004
15898	17	7004
15899	179	7004
15900	19	7004
15901	208	7462
15902	18	7005
15903	178	7005
15904	17	7005
15905	179	7005
15906	19	7005
15907	18	7006
15908	178	7006
15909	17	7006
15910	179	7006
15911	19	7006
15912	208	7463
15913	209	7463
15914	225	7463
15915	18	7007
15916	178	7007
15917	17	7007
15918	179	7007
15919	19	7007
15920	208	7535
15921	226	7535
15922	208	7538
15923	209	7538
15924	218	7538
15925	18	7008
15926	178	7008
15927	17	7008
15928	179	7008
15929	19	7008
15930	208	7461
15931	207	7461
15932	18	7012
15933	178	7012
15934	17	7012
15935	179	7012
15936	208	7539
15937	209	7539
15938	224	7539
15939	18	7015
15940	178	7015
15941	17	7015
15942	179	7015
15943	160	7015
15944	136	4976
15945	208	7540
15946	177	6915
15947	208	7541
15948	224	7541
15949	218	7541
15950	208	7542
15951	209	7542
15952	225	7542
15953	136	4977
15954	208	7543
15955	209	7543
15956	224	7543
15957	208	7545
15958	216	7545
15959	208	7544
15960	209	7544
15961	225	7544
15962	208	7564
15963	209	7564
15964	207	7564
15965	208	7546
15966	225	7546
15967	218	7546
15968	208	7547
15969	216	7547
15970	208	7548
15971	209	7548
15972	225	7548
15973	208	7549
15974	209	7549
15975	225	7549
15976	208	7568
15977	207	7568
15978	212	7568
15979	208	7550
15980	209	7550
15981	225	7550
15982	208	7551
15983	209	7551
15984	225	7551
15985	208	7552
15986	209	7552
15987	225	7552
15988	208	7553
15989	224	7553
15990	218	7553
15991	71	912
15992	72	912
15993	71	1727
15994	58	1727
15995	71	915
15996	98	915
15997	72	915
15998	71	917
15999	72	917
16000	71	918
16001	72	918
16002	71	919
16003	98	919
16004	72	919
16005	71	920
16006	98	920
16007	72	920
16008	71	921
16009	72	921
16010	71	923
16011	98	923
16012	72	923
16013	71	925
16014	98	925
16015	71	926
16016	98	926
16017	72	926
16018	71	928
16019	71	929
16020	98	929
16021	72	929
16022	71	931
16023	98	931
16024	71	932
16025	71	933
16026	98	933
16027	72	933
16028	71	934
16029	71	935
16030	98	935
16031	71	937
16032	98	937
16033	72	937
16034	71	938
16035	71	1531
16036	60	1531
16037	71	940
16038	71	941
16039	98	941
16040	71	942
16041	98	942
16042	71	943
16043	71	944
16044	98	944
16045	71	945
16046	71	947
16047	71	948
16048	71	949
16049	98	949
16050	72	949
16051	71	1738
16052	58	1738
16053	72	1738
16054	58	1683
16055	58	1684
16056	58	1686
16057	58	1689
16058	98	1689
16059	72	1689
16060	58	1690
16061	98	1690
16062	58	1692
16063	58	1693
16064	58	1694
16065	58	1695
16066	58	1696
16067	98	1696
16068	58	1697
16069	58	1699
16070	58	1700
16071	58	5631
16072	33	5631
16073	58	5632
16074	33	5632
16075	58	1702
16076	98	1702
16077	58	5637
16078	33	5637
16079	58	1703
16080	98	1703
16081	58	1704
16082	98	1704
16083	58	1705
16084	58	1706
16085	58	1707
16086	58	1708
16087	58	1709
16088	58	1711
16089	58	1712
16090	58	1713
16091	58	1714
16092	58	1715
16093	98	1715
16094	58	1716
16095	58	1717
16096	58	1718
16097	51	2522
16098	120	2522
16099	121	2522
16100	122	2522
16101	31	6059
16102	98	6059
16103	31	6378
16104	105	6378
16105	30	6378
16106	53	2158
16107	106	2158
16108	51	2525
16109	120	2525
16110	121	2525
16111	31	6060
16112	71	6060
16113	31	6380
16114	30	6380
16115	53	2163
16116	106	2163
16117	107	2163
16118	53	2169
16119	106	2169
16120	107	2169
16121	31	6381
16122	30	6381
16123	31	6061
16124	148	6061
16125	53	2170
16126	106	2170
16127	107	2170
16128	31	6062
16129	73	6062
16130	53	2171
16131	106	2171
16132	107	2171
16133	31	6382
16134	105	6382
16135	30	6382
16136	53	2172
16137	106	2172
16138	107	2172
16139	31	6063
16140	81	6063
16141	58	6063
16142	53	2173
16143	106	2173
16144	107	2173
16145	31	6064
16146	81	6064
16147	31	6065
16148	82	6065
16149	53	2174
16150	106	2174
16151	107	2174
16152	31	6066
16153	71	6066
16154	53	2175
16155	106	2175
16156	107	2175
16157	53	2176
16158	106	2176
16159	107	2176
16160	108	2176
16161	31	6067
16162	71	6067
16163	53	2177
16164	106	2177
16165	107	2177
16166	31	6068
16167	31	6069
16168	81	6069
16169	33	6069
16170	109	2245
16171	121	2245
16172	109	2541
16173	50	2541
16174	118	2541
16175	31	6386
16176	30	6386
16177	53	2178
16178	106	2178
16179	107	2178
16180	53	2179
16181	106	2179
16182	107	2179
16183	109	2246
16184	119	2246
16185	31	6070
16186	82	6070
16187	53	2181
16188	106	2181
16189	107	2181
16190	109	2941
16191	119	2941
16192	48	2941
16193	31	6071
16194	81	6071
16195	53	2182
16196	106	2182
16197	107	2182
16198	31	6072
16199	81	6072
16200	31	6073
16201	71	6073
16202	53	2183
16203	106	2183
16204	107	2183
16205	31	6074
16206	71	6074
16207	31	6388
16208	148	6388
16209	30	6388
16210	53	2185
16211	106	2185
16212	107	2185
16213	109	2996
16214	71	2996
16215	48	2996
16216	109	2248
16217	110	2248
16218	118	2248
16219	177	2248
16220	31	6075
16221	105	6075
16222	109	2394
16223	110	2394
16224	118	2394
16225	177	2394
16226	31	6390
16227	30	6390
16228	53	2187
16229	106	2187
16230	107	2187
16231	53	2188
16232	106	2188
16233	58	2188
16234	109	2395
16235	110	2395
16236	118	2395
16237	177	2395
16238	31	6391
16239	30	6391
16240	53	2189
16241	106	2189
16242	107	2189
16243	109	2396
16244	110	2396
16245	118	2396
16246	177	2396
16247	31	6392
16248	148	6392
16249	30	6392
16250	109	3099
16251	122	3099
16252	48	3099
16253	31	6076
16254	81	6076
16255	58	6076
16256	53	2190
16257	106	2190
16258	107	2190
16259	109	5878
16260	105	5878
16261	32	5878
16262	145	5878
16263	146	5878
16264	118	5878
16265	108	5878
16266	53	2192
16267	106	2192
16268	107	2192
16269	31	6077
16270	73	6077
16271	109	2397
16272	118	2397
16273	122	2397
16274	31	6393
16275	105	6393
16276	30	6393
16277	53	4874
16278	106	4874
16279	38	4874
16280	31	6078
16281	105	6078
16282	33	6078
16283	53	2195
16284	106	2195
16285	107	2195
16286	121	2538
16287	31	6079
16288	71	6079
16289	53	2196
16290	106	2196
16291	107	2196
16292	31	6080
16293	148	6080
16294	33	6080
16295	80	1732
16296	58	1732
16297	98	1732
16298	141	4879
16299	40	4879
16300	67	4879
16301	38	4879
16302	21	6844
16303	32	6844
16304	145	6844
16305	146	6844
16306	170	6844
16307	171	6844
16308	80	575
16309	81	575
16310	141	5332
16311	4	7419
16312	5	7419
16313	195	7419
16314	196	7419
16315	141	5156
16316	139	5156
16317	21	6845
16318	171	6845
16319	172	6845
16320	4	7420
16321	5	7420
16322	195	7420
16323	196	7420
16324	80	957
16325	71	957
16326	72	957
16327	21	6846
16328	196	6846
16329	170	6846
16330	171	6846
16331	172	6846
16332	4	7421
16333	5	7421
16334	195	7421
16335	196	7421
16336	80	576
16337	98	576
16338	141	1451
16339	61	1451
16340	21	6847
16341	171	6847
16342	172	6847
16343	4	7422
16344	5	7422
16345	195	7422
16346	196	7422
16347	141	1464
16348	61	1464
16349	62	1464
16350	80	5734
16351	57	5734
16352	33	5734
16353	21	6848
16354	169	6848
16355	170	6848
16356	171	6848
16357	172	6848
16358	4	7423
16359	5	7423
16360	195	7423
16361	196	7423
16362	80	995
16363	71	995
16364	141	5333
16365	21	6849
16366	171	6849
16367	172	6849
16368	4	7424
16369	5	7424
16370	195	7424
16371	196	7424
16372	80	577
16373	139	577
16374	141	1687
16375	58	1687
16376	21	6850
16377	32	6850
16378	145	6850
16379	146	6850
16380	170	6850
16381	171	6850
16382	4	7425
16383	5	7425
16384	195	7425
16385	196	7425
16386	80	1765
16387	58	1765
16388	141	5193
16389	139	5193
16390	21	6851
16391	171	6851
16392	172	6851
16393	4	7426
16394	5	7426
16395	195	7426
16396	196	7426
16397	80	1014
16398	71	1014
16399	141	5633
16400	98	5633
16401	33	5633
16402	21	6852
16403	146	6852
16404	169	6852
16405	170	6852
16406	171	6852
16407	172	6852
16408	4	7427
16409	5	7427
16410	195	7427
16411	196	7427
16412	80	578
16413	141	1488
16414	61	1488
16415	21	6853
16416	169	6853
16417	170	6853
16418	171	6853
16419	172	6853
16420	180	6853
16421	4	7428
16422	5	7428
16423	195	7428
16424	196	7428
16425	80	579
16426	141	5334
16427	21	6854
16428	171	6854
16429	172	6854
16430	4	7429
16431	5	7429
16432	23	7429
16433	195	7429
16434	196	7429
16435	141	480
16436	73	480
16437	80	580
16438	81	580
16439	21	6855
16440	169	6855
16441	170	6855
16442	171	6855
16443	172	6855
16444	4	7430
16445	5	7430
16446	195	7430
16447	196	7430
16448	141	1427
16449	62	1427
16450	21	6888
16451	169	6888
16452	20	6888
16453	170	6888
16454	171	6888
16455	172	6888
16456	4	7431
16457	5	7431
16458	195	7431
16459	196	7431
16460	148	2105
16461	100	2105
16462	101	2105
16463	56	1875
16464	106	1875
16465	21	6856
16466	169	6856
16467	170	6856
16468	171	6856
16469	172	6856
16470	4	7432
16471	5	7432
16472	195	7432
16473	196	7432
16474	148	267
16475	47	267
16476	128	267
16477	48	267
16478	56	1876
16479	97	1876
16480	104	1876
16481	21	6857
16482	169	6857
16483	170	6857
16484	171	6857
16485	172	6857
16486	4	7433
16487	5	7433
16488	195	7433
16489	196	7433
16490	148	206
16491	38	206
16492	56	1877
16493	97	1877
16494	106	1877
16495	107	1877
16496	21	6858
16497	169	6858
16498	170	6858
16499	171	6858
16500	172	6858
16501	4	7434
16502	5	7434
16503	195	7434
16504	196	7434
16505	148	203
16506	37	203
16507	56	3135
16508	97	3135
16509	106	3135
16510	47	3135
16511	128	3135
16512	21	6859
16513	169	6859
16514	170	6859
16515	171	6859
16516	172	6859
16517	4	7435
16518	5	7435
16519	195	7435
16520	196	7435
16521	148	6263
16522	21	6860
16523	169	6860
16524	170	6860
16525	171	6860
16526	172	6860
16527	4	7436
16528	5	7436
16529	195	7436
16530	196	7436
16531	56	1878
16532	97	1878
16533	106	1878
16534	21	6861
16535	169	6861
16536	170	6861
16537	171	6861
16538	172	6861
16539	4	7437
16540	5	7437
16541	195	7437
16542	196	7437
16543	56	1879
16544	97	1879
16545	106	1879
16546	148	6264
16547	56	1880
16548	97	1880
16549	106	1880
16550	102	1880
16551	103	1880
16552	104	1880
16553	148	6265
16554	21	6862
16555	146	6862
16556	169	6862
16557	170	6862
16558	171	6862
16559	172	6862
16560	4	7438
16561	5	7438
16562	195	7438
16563	196	7438
16564	148	6266
16565	4	7439
16566	5	7439
16567	195	7439
16568	196	7439
16569	56	1881
16570	97	1881
16571	106	1881
16572	107	1881
16573	23	6504
16574	24	6504
16575	22	6504
16576	23	26
16577	148	6267
16578	4	7440
16579	5	7440
16580	195	7440
16581	196	7440
16582	56	1882
16583	97	1882
16584	106	1882
16585	107	1882
16586	23	27
16587	24	27
16588	149	27
16589	56	1883
16590	97	1883
16591	106	1883
16592	102	1883
16593	103	1883
16594	104	1883
16595	148	2122
16596	96	2122
16597	54	2122
16598	106	2122
16599	148	358
16600	71	358
16601	72	358
16602	56	1884
16603	97	1884
16604	106	1884
16605	107	1884
16606	148	6268
16607	23	6505
16608	24	6505
16609	22	6505
16610	197	7441
16611	198	7441
16612	199	7441
16613	200	7441
16614	56	1885
16615	97	1885
16616	106	1885
16617	102	1885
16618	103	1885
16619	104	1885
16620	148	6269
16621	56	1889
16622	97	1889
16623	106	1889
16624	23	6501
16625	24	6501
16626	197	7443
16627	198	7443
16628	199	7443
16629	200	7443
16630	148	2107
16631	100	2107
16632	101	2107
16633	23	6508
16634	24	6508
16635	22	6508
16636	197	7444
16637	198	7444
16638	199	7444
16639	200	7444
16640	56	1890
16641	97	1890
16642	106	1890
16643	102	1890
16644	103	1890
16645	104	1890
16646	148	6270
16647	23	6731
16648	24	6731
16649	22	6731
16650	197	7445
16651	198	7445
16652	199	7445
16653	200	7445
16654	23	6730
16655	24	6730
16656	22	6730
16657	56	1891
16658	97	1891
16659	106	1891
16660	107	1891
16661	148	6271
16662	197	7446
16663	198	7446
16664	199	7446
16665	200	7446
16666	56	1892
16667	97	1892
16668	106	1892
16669	102	1892
16670	103	1892
16671	104	1892
16672	23	6732
16673	24	6732
16674	22	6732
16675	148	6272
16676	197	7447
16677	198	7447
16678	199	7447
16679	200	7447
16680	23	6733
16681	24	6733
16682	22	6733
16683	56	1893
16684	97	1893
16685	106	1893
16686	102	1893
16687	103	1893
16688	104	1893
16689	148	6273
16690	56	1894
16691	97	1894
16692	106	1894
16693	107	1894
16694	23	6734
16695	24	6734
16696	22	6734
16697	148	6274
16698	197	7448
16699	198	7448
16700	199	7448
16701	200	7448
16702	134	4269
16703	134	5670
16704	33	5670
16705	6	7332
16706	193	7332
16707	194	7332
16708	6	7333
16709	193	7333
16710	194	7333
16711	134	4270
16712	134	4271
16713	6	7335
16714	193	7335
16715	194	7335
16716	134	1530
16717	139	1530
16718	60	1530
16719	6	7336
16720	193	7336
16721	194	7336
16722	6	7337
16723	192	7337
16724	193	7337
16725	194	7337
16726	134	2059
16727	98	2059
16728	134	1849
16729	139	1849
16730	57	1849
16731	6	7339
16732	193	7339
16733	194	7339
16734	6	7341
16735	192	7341
16736	193	7341
16737	194	7341
16738	134	4272
16739	134	4093
16740	42	4093
16741	139	4093
16742	6	7342
16743	192	7342
16744	195	7342
16745	193	7342
16746	194	7342
16747	6	7343
16748	192	7343
16749	193	7343
16750	194	7343
16751	134	1851
16752	57	1851
16753	134	4273
16754	139	4273
16755	6	7345
16756	192	7345
16757	193	7345
16758	194	7345
16759	134	4274
16760	139	4274
16761	6	7346
16762	192	7346
16763	193	7346
16764	194	7346
16765	6	7347
16766	192	7347
16767	193	7347
16768	194	7347
16769	134	1416
16770	62	1416
16771	6	7350
16772	192	7350
16773	193	7350
16774	194	7350
16775	134	1417
16776	62	1417
16777	139	1417
16778	6	7351
16779	192	7351
16780	193	7351
16781	194	7351
16782	134	1852
16783	57	1852
16784	6	7352
16785	193	7352
16786	194	7352
16787	134	1734
16788	58	1734
16789	6	7353
16790	192	7353
16791	193	7353
16792	194	7353
16793	134	4275
16794	6	7354
16795	193	7354
16796	194	7354
16797	134	1418
16798	62	1418
16799	139	1418
16800	6	7355
16801	192	7355
16802	196	7355
16803	193	7355
16804	194	7355
16805	134	5682
16806	139	5682
16807	33	5682
16808	6	7356
16809	192	7356
16810	193	7356
16811	194	7356
16812	134	1854
16813	62	1854
16814	57	1854
16815	6	7359
16816	192	7359
16817	194	7359
16818	134	5686
16819	33	5686
16820	6	7360
16821	193	7360
16822	194	7360
16823	134	4276
16824	134	4461
16825	40	4461
16826	110	2249
16827	111	2249
16828	177	2249
16829	134	4277
16830	139	4277
16831	110	2278
16832	111	2278
16833	177	2278
16834	134	4278
16835	110	2279
16836	111	2279
16837	177	2279
16838	134	5695
16839	33	5695
16840	110	2280
16841	111	2280
16842	177	2280
16843	134	4279
16844	139	4279
16845	110	2281
16846	111	2281
16847	177	2281
16848	134	5696
16849	42	5696
16850	33	5696
16851	110	2282
16852	111	2282
16853	177	2282
16854	134	4280
16855	134	4281
16856	139	4281
16857	110	2283
16858	177	2283
16859	110	2284
16860	111	2284
16861	177	2284
16862	134	4282
16863	139	4282
16864	110	2285
16865	111	2285
16866	177	2285
16867	134	4283
16868	61	1533
16869	139	1533
16870	60	1533
16871	98	2042
16872	39	4661
16873	98	2043
16874	39	4662
16875	208	7555
16876	225	7555
16877	61	1534
16878	60	1534
16879	98	2045
16880	208	7556
16881	209	7556
16882	225	7556
16883	61	1508
16884	139	1508
16885	43	3832
16886	39	4663
16887	89	4663
16888	98	2046
16889	43	3833
16890	130	3833
16891	180	3833
16892	39	4664
16893	61	5757
16894	139	5757
16895	33	5757
16896	43	3834
16897	130	3834
16898	39	4665
16899	98	5643
16900	33	5643
16901	61	1509
16902	139	1509
16903	43	3835
16904	39	4666
16905	77	4666
16906	61	1510
16907	134	1510
16908	139	1510
16909	98	5644
16910	33	5644
16911	98	2047
16912	43	3836
16913	130	3836
16914	39	4667
16915	58	4667
16916	61	1511
16917	134	1511
16918	39	4881
16919	38	4881
16920	43	5012
16921	130	5012
16922	37	5012
16923	61	1512
16924	62	1512
16925	98	5648
16926	33	5648
16927	43	3837
16928	130	3837
16929	39	4668
16930	44	4668
16931	98	5650
16932	33	5650
16933	61	1513
16934	139	1513
16935	43	3838
16936	130	3838
16937	98	2050
16938	39	4670
16939	43	3839
16940	84	1081
16941	89	1081
16942	39	4671
16943	98	5310
16944	35	5310
16945	43	3840
16946	130	3840
16947	39	4884
16948	38	4884
16949	98	2052
16950	84	5367
16951	33	5367
16952	43	3841
16953	39	4672
16954	98	5656
16955	33	5656
16956	84	4804
16957	38	4804
16958	43	3842
16959	39	4888
16960	38	4888
16961	98	2053
16962	84	5370
16963	35	5370
16964	33	5370
16965	43	3843
16966	130	3843
16967	39	4673
16968	98	2056
16969	98	509
16970	72	509
16971	43	3844
16972	130	3844
16973	180	3844
16974	84	5378
16975	35	5378
16976	33	5378
16977	84	5383
16978	42	5383
16979	33	5383
16980	39	5446
16981	35	5446
16982	33	5446
16983	98	2058
16984	43	3845
16985	180	3845
16986	39	4675
16987	48	4675
16988	43	3846
16989	130	3846
16990	84	5391
16991	58	5391
16992	33	5391
16993	98	5673
16994	33	5673
16995	39	4677
16996	180	4677
16997	84	1082
16998	43	3847
16999	39	4680
17000	98	5677
17001	33	5677
17002	43	3848
17003	130	3848
17004	39	4681
17005	136	4681
17006	84	4775
17007	39	4775
17008	84	1083
17009	98	2060
17010	43	3849
17011	130	3849
17012	39	4682
17013	98	2061
17014	84	4776
17015	39	4776
17016	98	2064
17017	43	3850
17018	130	3850
17019	45	3850
17020	39	4894
17021	57	4894
17022	38	4894
17023	84	1084
17024	43	3851
17025	130	3851
17026	98	2065
17027	39	4684
17028	57	4684
17029	43	3852
17030	130	3852
17031	180	3852
17032	84	4072
17033	42	4072
17034	98	5692
17035	33	5692
17036	39	4685
17037	84	1085
17038	43	3853
17039	39	4686
17040	98	5693
17041	33	5693
17042	84	1086
17043	98	2066
17044	43	3854
17045	130	3854
17046	45	3854
17047	39	4687
17048	136	4687
17049	84	1087
17050	43	3855
17051	130	3855
17052	39	4688
17053	136	4688
17054	84	1088
17055	98	2068
17056	98	2069
17057	43	3856
17058	180	3856
17059	39	4689
17060	84	5287
17061	67	5287
17062	39	5287
17063	35	5287
17064	98	2070
17065	43	3857
17066	130	3857
17067	78	3857
17068	39	5452
17069	33	5452
17070	84	1089
17071	98	2071
17072	43	3858
17073	130	3858
17074	39	4898
17075	38	4898
17076	84	1090
17077	43	3859
17078	130	3859
17079	180	3859
17080	39	4690
17081	84	1091
17082	98	2073
17083	43	3860
17084	148	3860
17085	39	4691
17086	98	5720
17087	33	5720
17088	196	6588
17089	157	6588
17090	158	6588
17091	177	6588
17092	160	6588
17093	196	6592
17094	157	6592
17095	158	6592
17096	177	6592
17097	160	6592
17098	196	6598
17099	157	6598
17100	158	6598
17101	177	6598
17102	160	6598
17103	196	6601
17104	157	6601
17105	158	6601
17106	177	6601
17107	160	6601
17108	196	6604
17109	157	6604
17110	158	6604
17111	177	6604
17112	160	6604
17113	196	6606
17114	157	6606
17115	158	6606
17116	177	6606
17117	160	6606
17118	196	6607
17119	157	6607
17120	158	6607
17121	177	6607
17122	160	6607
17123	196	6619
17124	157	6619
17125	158	6619
17126	177	6619
17127	160	6619
17128	196	6618
17129	157	6618
17130	158	6618
17131	177	6618
17132	160	6618
17133	196	6625
17134	157	6625
17135	158	6625
17136	177	6625
17137	160	6625
17138	196	6626
17139	157	6626
17140	158	6626
17141	177	6626
17142	160	6626
17143	196	6630
17144	157	6630
17145	158	6630
17146	177	6630
17147	160	6630
17148	209	7469
17149	196	6646
17150	157	6646
17151	158	6646
17152	177	6646
17153	160	6646
17154	209	7533
17155	137	5043
17156	37	5043
17157	137	5056
17158	37	5056
17159	63	5056
17160	137	5058
17161	37	5058
17162	137	5062
17163	37	5062
17164	63	5062
17165	137	5064
17166	37	5064
17167	63	5064
17168	137	5071
17169	37	5071
17170	63	5071
17171	137	5077
17172	37	5077
17173	63	5077
17174	137	5085
17175	37	5085
17176	63	5085
17177	137	5088
17178	37	5088
17179	63	5088
17180	137	5090
17181	37	5090
17182	63	5090
17183	137	5668
17184	37	5668
17185	63	5668
17186	33	5668
17187	137	5091
17188	37	5091
17189	63	5091
17190	137	5092
17191	37	5092
17192	63	5092
17193	71	515
17194	71	516
17195	71	517
17196	98	517
17197	72	517
17198	49	2819
17199	51	2819
17200	120	2819
17201	109	2819
17202	50	2819
17203	119	2819
17204	148	6275
17205	49	2820
17206	124	2820
17207	122	2820
17208	148	6276
17209	49	2821
17210	124	2821
17211	125	2821
17212	148	6277
17213	49	2822
17214	109	2822
17215	119	2822
17216	148	6278
17217	49	2823
17218	51	2823
17219	124	2823
17220	125	2823
17221	120	2823
17222	52	5869
17223	32	5869
17224	145	5869
17225	146	5869
17226	149	5869
17227	49	2824
17228	51	2824
17229	124	2824
17230	120	2824
17231	121	2824
17232	122	2824
17233	52	2239
17234	53	2239
17235	106	2239
17236	107	2239
17237	108	2239
17238	49	2825
17239	109	2825
17240	121	2825
17241	119	2825
17242	118	2825
17243	122	2825
17244	52	2240
17245	53	2240
17246	106	2240
17247	107	2240
17248	49	2826
17249	51	2826
17250	124	2826
17251	125	2826
17252	120	2826
17253	121	2826
17254	52	2241
17255	71	2241
17256	72	2241
17257	49	2827
17258	120	2827
17259	109	2827
17260	119	2827
17261	118	2827
17262	52	2242
17263	49	3056
17264	109	3056
17265	87	3056
17266	119	3056
17267	122	3056
17268	48	3056
17269	52	4485
17270	40	4485
17271	49	2828
17272	51	2828
17273	124	2828
17274	125	2828
17275	120	2828
17276	121	2828
17277	52	2243
17278	88	2243
17279	49	2829
17280	51	2829
17281	120	2829
17282	109	2829
17283	121	2829
17284	119	2829
17285	52	4105
17286	42	4105
17287	58	4105
17288	49	2830
17289	51	2830
17290	124	2830
17291	120	2830
17292	121	2830
17293	122	2830
17294	49	2831
17295	123	2831
17296	51	2831
17297	120	2831
17298	121	2831
17299	30	6326
17300	32	6326
17301	145	6326
17302	146	6326
17303	56	6326
17304	106	6326
17305	49	2832
17306	123	2832
17307	51	2832
17308	124	2832
17309	125	2832
17310	120	2832
17311	49	2833
17312	123	2833
17313	124	2833
17314	125	2833
17315	120	2833
17316	50	2833
17317	30	6330
17318	49	2834
17319	51	2834
17320	120	2834
17321	109	2834
17322	121	2834
17323	119	2834
17324	30	6360
17325	83	6360
17326	73	6360
17327	30	187
17328	149	187
17329	29	187
17330	49	2835
17331	51	2835
17332	124	2835
17333	125	2835
17334	120	2835
17335	50	2835
17336	30	6452
17337	71	6452
17338	49	2836
17339	51	2836
17340	109	2836
17341	50	2836
17342	119	2836
17343	49	2837
17344	123	2837
17345	124	2837
17346	125	2837
17347	50	2837
17348	41	216
17349	49	2838
17350	124	2838
17351	125	2838
17352	109	2838
17353	50	2838
17354	119	2838
17355	41	217
17356	49	3067
17357	109	3067
17358	119	3067
17359	48	3067
17360	41	218
17361	49	2839
17362	51	2839
17363	124	2839
17364	125	2839
17365	120	2839
17366	121	2839
17367	41	215
17368	134	215
17369	40	215
17370	49	2840
17371	51	2840
17372	124	2840
17373	125	2840
17374	120	2840
17375	49	2841
17376	123	2841
17377	51	2841
17378	124	2841
17379	125	2841
17380	120	2841
17381	50	2841
17382	41	5338
17383	67	5338
17384	33	5338
17385	41	219
17386	49	2842
17387	51	2842
17388	124	2842
17389	125	2842
17390	120	2842
17391	50	2842
17392	49	2843
17393	51	2843
17394	120	2843
17395	41	5013
17396	37	5013
17397	41	220
17398	42	220
17399	49	2844
17400	51	2844
17401	109	2844
17402	50	2844
17403	87	2844
17404	119	2844
17405	49	2845
17406	123	2845
17407	124	2845
17408	125	2845
17409	50	2845
17410	121	2845
17411	41	5350
17412	89	5350
17413	33	5350
17414	131	3943
17415	49	2846
17416	51	2846
17417	120	2846
17418	109	2846
17419	119	2846
17420	131	3944
17421	49	2847
17422	51	2847
17423	124	2847
17424	125	2847
17425	120	2847
17426	82	2135
17427	54	2135
17428	56	2135
17429	97	2135
17430	106	2135
17431	131	3945
17432	62	4097
17433	42	4097
17434	139	4097
17435	157	6600
17436	158	6600
17437	177	6600
17438	160	6600
17439	131	3946
17440	62	5766
17441	33	5766
17442	157	6602
17443	158	6602
17444	177	6602
17445	131	3947
17446	62	1433
17447	139	1433
17448	157	6603
17449	158	6603
17450	177	6603
17451	160	6603
17452	131	3948
17453	62	1434
17454	139	1434
17455	157	6605
17456	158	6605
17457	177	6605
17458	160	6605
17459	131	3949
17460	62	1435
17461	64	1435
17462	157	6608
17463	158	6608
17464	177	6608
17465	160	6608
17466	131	3950
17467	157	6609
17468	158	6609
17469	177	6609
17470	62	5112
17471	139	5112
17472	37	5112
17473	131	3951
17474	157	6610
17475	158	6610
17476	177	6610
17477	62	5316
17478	57	5316
17479	35	5316
17480	131	3952
17481	157	6611
17482	158	6611
17483	177	6611
17484	160	6611
17485	236	7801
17486	131	3953
17487	157	6612
17488	158	6612
17489	177	6612
17490	160	6612
17491	236	7802
17492	131	3954
17493	157	6613
17494	158	6613
17495	177	6613
17496	160	6613
17497	236	7803
17498	131	3955
17499	157	6614
17500	158	6614
17501	177	6614
17502	236	7804
17503	131	3956
17504	157	6615
17505	158	6615
17506	131	3957
17507	157	6616
17508	158	6616
17509	177	6616
17510	160	6616
17511	88	1150
17512	131	3958
17513	157	6617
17514	158	6617
17515	177	6617
17516	88	1151
17517	131	3959
17518	157	6620
17519	158	6620
17520	177	6620
17521	88	1152
17522	131	3960
17523	157	6621
17524	158	6621
17525	177	6621
17526	88	1153
17527	131	3961
17528	157	6622
17529	158	6622
17530	177	6622
17531	88	1154
17532	131	3962
17533	157	6623
17534	158	6623
17535	177	6623
17536	160	6623
17537	88	1155
17538	131	3963
17539	157	6624
17540	158	6624
17541	177	6624
17542	160	6624
17543	131	3964
17544	157	6627
17545	158	6627
17546	177	6627
17547	160	6627
17548	88	1156
17549	88	1157
17550	131	3965
17551	157	6628
17552	158	6628
17553	177	6628
17554	160	6628
17555	88	1158
17556	131	3966
17557	157	6629
17558	158	6629
17559	177	6629
17560	88	1159
17561	131	3967
17562	157	6943
17563	18	6943
17564	178	6943
17565	179	6943
17566	41	5356
17567	33	5356
17568	88	1160
17569	157	6631
17570	158	6631
17571	177	6631
17572	88	1161
17573	41	5357
17574	84	5357
17575	33	5357
17576	157	6632
17577	158	6632
17578	177	6632
17579	160	6632
17580	88	1162
17581	41	4108
17582	99	4108
17583	157	6633
17584	158	6633
17585	177	6633
17586	160	6633
17587	88	1163
17588	41	4109
17589	157	6634
17590	158	6634
17591	177	6634
17592	160	6634
17593	88	1164
17594	41	4110
17595	68	4110
17596	59	4110
17597	157	6635
17598	158	6635
17599	177	6635
17600	160	6635
17601	88	1165
17602	41	5374
17603	33	5374
17604	157	6636
17605	158	6636
17606	177	6636
17607	41	5376
17608	84	5376
17609	33	5376
17610	157	6637
17611	158	6637
17612	177	6637
17613	237	7751
17614	41	4111
17615	157	6638
17616	158	6638
17617	177	6638
17618	237	7752
17619	41	4112
17620	157	6639
17621	158	6639
17622	177	6639
17623	237	7753
17624	84	4786
17625	39	4786
17626	84	4787
17627	39	4787
17628	84	1092
17629	84	5784
17630	39	5784
17631	74	5784
17632	33	5784
17633	84	1093
17634	84	1094
17635	84	4961
17636	38	4961
17637	84	1095
17638	81	556
17639	81	557
17640	81	558
17641	70	1122
17642	70	5796
17643	35	5796
17644	33	5796
17645	134	289
17646	57	289
17647	134	4322
17648	40	4322
17649	134	4161
17650	134	4162
17651	134	294
17652	57	294
17653	134	1782
17654	57	1782
17655	134	4163
17656	134	1323
17657	91	1323
17658	134	1324
17659	91	1324
17660	134	4164
17661	134	4165
17662	136	4165
17663	134	4166
17664	136	4166
17665	134	4546
17666	39	4546
17667	134	1290
17668	67	1290
17669	91	1290
17670	134	4167
17671	139	4167
17672	134	4168
17673	81	560
17674	40	4464
17675	139	5180
17676	23	6735
17677	24	6735
17678	22	6735
17679	123	2416
17680	51	2416
17681	124	2416
17682	125	2416
17683	120	2416
17684	120	3103
17685	48	3103
17686	40	5698
17687	98	5698
17688	33	5698
17689	23	6736
17690	24	6736
17691	22	6736
17692	49	2580
17693	124	2580
17694	125	2580
17695	120	2580
17696	50	2580
17697	122	2580
17698	139	4437
17699	40	4437
17700	139	1367
17701	64	1367
17702	49	2581
17703	123	2581
17704	119	2581
17705	23	6737
17706	24	6737
17707	22	6737
17708	40	5704
17709	33	5704
17710	40	4467
17711	58	4467
17712	164	6658
17713	165	6658
17714	166	6658
17715	23	6738
17716	24	6738
17717	22	6738
17718	139	5586
17719	33	5586
17720	164	6675
17721	163	6675
17722	166	6675
17723	139	2017
17724	98	2017
17725	23	6739
17726	24	6739
17727	22	6739
17728	40	4468
17729	164	6659
17730	165	6659
17731	166	6659
17732	40	4469
17733	23	6740
17734	24	6740
17735	22	6740
17736	139	2019
17737	98	2019
17738	164	6660
17739	165	6660
17740	166	6660
17741	40	4470
17742	98	4470
17743	23	6741
17744	24	6741
17745	22	6741
17746	120	3117
17747	48	3117
17748	139	5181
17749	164	6676
17750	163	6676
17751	166	6676
17752	23	6742
17753	24	6742
17754	22	6742
17755	139	5595
17756	33	5595
17757	40	5744
17758	58	5744
17759	33	5744
17760	164	6661
17761	165	6661
17762	166	6661
17763	40	4473
17764	23	6743
17765	24	6743
17766	22	6743
17767	139	5182
17768	164	6662
17769	165	6662
17770	166	6662
17771	23	6744
17772	24	6744
17773	22	6744
17774	139	5183
17775	40	5748
17776	33	5748
17777	164	6677
17778	163	6677
17779	166	6677
17780	40	4474
17781	58	4474
17782	23	6745
17783	24	6745
17784	22	6745
17785	139	2023
17786	98	2023
17787	120	2536
17788	121	2536
17789	164	6678
17790	163	6678
17791	166	6678
17792	40	5761
17793	33	5761
17794	23	6746
17795	31	6746
17796	30	6746
17797	24	6746
17798	22	6746
17799	139	5184
17800	164	6679
17801	163	6679
17802	166	6679
17803	120	1962
17804	99	1962
17805	40	5762
17806	33	5762
17807	23	6747
17808	24	6747
17809	22	6747
17810	139	5185
17811	164	6680
17812	163	6680
17813	166	6680
17814	40	5108
17815	37	5108
17816	23	6748
17817	24	6748
17818	22	6748
17819	139	1681
17820	58	1681
17821	164	6681
17822	163	6681
17823	166	6681
17824	40	4475
17825	58	4475
17826	139	5186
17827	23	6749
17828	24	6749
17829	22	6749
17830	164	6663
17831	165	6663
17832	166	6663
17833	40	4476
17834	139	5601
17835	33	5601
17836	23	6750
17837	24	6750
17838	22	6750
17839	164	6664
17840	165	6664
17841	166	6664
17842	40	4479
17843	58	4479
17844	139	5187
17845	23	6751
17846	24	6751
17847	22	6751
17848	164	6665
17849	165	6665
17850	166	6665
17851	40	4480
17852	58	4480
17853	23	6752
17854	24	6752
17855	22	6752
17856	139	2028
17857	98	2028
17858	40	4481
17859	98	4481
17860	166	6666
17861	23	6753
17862	24	6753
17863	22	6753
17864	139	5302
17865	57	5302
17866	35	5302
17867	23	6754
17868	24	6754
17869	22	6754
17870	123	2401
17871	51	2401
17872	120	2401
17873	121	2401
17874	119	2401
17875	122	2401
17876	40	4483
17877	58	4483
17878	139	5603
17879	33	5603
17880	23	6755
17881	24	6755
17882	22	6755
17883	40	4486
17884	139	5604
17885	33	5604
17886	123	2528
17887	124	2528
17888	120	2528
17889	121	2528
17890	122	2528
17891	40	4487
17892	139	5188
17893	23	6756
17894	24	6756
17895	22	6756
17896	123	2402
17897	51	2402
17898	124	2402
17899	125	2402
17900	120	2402
17901	121	2402
17902	139	2031
17903	98	2031
17904	23	6757
17905	24	6757
17906	22	6757
17907	123	2404
17908	51	2404
17909	120	2404
17910	121	2404
17911	52	2404
17912	40	4489
17913	47	4489
17914	128	4489
17915	139	5606
17916	60	5606
17917	33	5606
17918	23	6758
17919	24	6758
17920	22	6758
17921	123	2546
17922	51	2546
17923	124	2546
17924	120	2546
17925	50	2546
17926	121	2546
17927	40	4490
17928	67	4490
17929	49	2582
17930	51	2582
17931	120	2582
17932	50	2582
17933	121	2582
17934	122	2582
17935	139	5607
17936	33	5607
17937	23	6759
17938	24	6759
17939	22	6759
17940	139	1837
17941	57	1837
17942	133	5345
17943	33	5345
17944	23	6760
17945	24	6760
17946	22	6760
17947	49	2583
17948	51	2583
17949	124	2583
17950	125	2583
17951	120	2583
17952	121	2583
17953	139	5189
17954	23	6761
17955	24	6761
17956	22	6761
17957	49	2584
17958	123	2584
17959	124	2584
17960	125	2584
17961	50	2584
17962	121	2584
17963	133	4525
17964	39	4525
17965	23	6762
17966	24	6762
17967	22	6762
17968	49	2585
17969	124	2585
17970	125	2585
17971	120	2585
17972	50	2585
17973	122	2585
17974	133	4529
17975	39	4529
17976	139	5190
17977	23	6763
17978	24	6763
17979	22	6763
17980	49	2586
17981	51	2586
17982	124	2586
17983	125	2586
17984	120	2586
17985	122	2586
17986	133	4583
17987	39	4583
17988	139	5191
17989	23	6764
17990	24	6764
17991	22	6764
17992	49	2587
17993	123	2587
17994	120	2587
17995	109	2587
17996	50	2587
17997	119	2587
17998	139	5192
17999	133	5412
18000	39	5412
18001	33	5412
18002	49	4796
18003	51	4796
18004	120	4796
18005	109	4796
18006	119	4796
18007	38	4796
18008	23	6765
18009	24	6765
18010	22	6765
18011	139	5617
18012	37	5617
18013	33	5617
18014	123	2412
18015	51	2412
18016	124	2412
18017	125	2412
18018	120	2412
18019	121	2412
18020	133	4034
18021	23	6766
18022	24	6766
18023	22	6766
18024	139	2036
18025	98	2036
18026	71	518
18027	71	520
18028	71	519
18029	71	521
18030	72	521
18031	71	523
18032	71	524
18033	98	524
18034	72	524
18035	71	525
18036	72	525
18037	71	526
18038	71	529
18039	72	529
18040	71	4616
18041	39	4616
18042	71	530
18043	72	530
18044	71	531
18045	72	531
18046	71	1558
18047	59	1558
18048	71	534
18049	98	534
18050	72	534
18051	71	535
18052	71	536
18053	71	1603
18054	58	1603
18055	217	7499
18056	71	539
18057	72	539
18058	71	540
18059	71	4711
18060	39	4711
18061	71	3324
18062	46	3324
18063	95	5896
18064	31	5896
18065	37	5896
18066	71	543
18067	72	543
18068	95	5496
18069	61	5496
18070	33	5496
18071	71	544
18072	95	1842
18073	71	546
18074	72	546
18075	95	5719
18076	33	5719
18077	71	547
18078	95	1863
18079	57	1863
18080	71	548
18081	98	548
18082	71	551
18083	98	551
18084	80	553
18085	71	581
18086	80	552
18087	71	552
18088	71	582
18089	71	583
18090	98	583
18091	79	5336
18092	33	5336
18093	71	585
18094	98	585
18095	79	397
18096	71	586
18097	98	586
18098	71	951
18099	71	952
18100	98	952
18101	72	952
18102	71	953
18103	71	955
18104	98	955
18105	71	956
18106	71	958
18107	72	958
18108	71	959
18109	98	959
18110	72	959
18111	71	960
18112	72	960
18113	71	961
18114	98	961
18115	71	962
18116	98	962
18117	72	962
18118	71	963
18119	71	964
18120	72	964
18121	71	965
18122	72	965
18123	71	966
18124	72	966
18125	71	967
18126	98	967
18127	72	967
18128	71	968
18129	98	968
18130	72	968
18131	71	969
18132	72	969
18133	71	970
18134	72	970
18135	71	971
18136	98	971
18137	72	971
18138	71	972
18139	71	973
18140	71	974
18141	98	974
18142	72	974
18143	71	975
18144	98	975
18145	72	975
18146	71	979
18147	71	980
18148	72	980
18149	71	981
18150	98	981
18151	72	981
18152	71	982
18153	72	982
18154	71	983
18155	98	983
18156	72	983
18157	71	985
18158	98	985
18159	72	985
18160	71	986
18161	98	986
18162	71	987
18163	98	987
18164	72	987
18165	71	988
18166	45	3418
18167	31	6081
18168	71	6081
18169	45	3419
18170	31	6397
18171	105	6397
18172	30	6397
18173	45	3420
18174	31	6398
18175	30	6398
18176	45	3421
18177	31	6400
18178	30	6400
18179	45	3422
18180	31	6401
18181	30	6401
18182	45	3423
18183	31	6082
18184	82	6082
18185	45	3424
18186	31	6083
18187	33	6083
18188	120	2961
18189	121	2961
18190	48	2961
18191	45	3425
18192	31	6084
18193	71	6084
18194	72	6084
18195	45	3426
18196	31	6085
18197	71	6085
18198	45	3427
18199	31	6086
18200	148	6086
18201	45	3428
18202	31	6403
18203	105	6403
18204	30	6403
18205	45	3429
18206	31	6087
18207	33	6087
18208	45	3430
18209	31	6404
18210	105	6404
18211	30	6404
18212	120	3000
18213	109	3000
18214	48	3000
18215	120	3001
18216	109	3001
18217	48	3001
18218	45	3431
18219	31	6405
18220	30	6405
18221	45	3432
18222	31	6088
18223	149	6088
18224	45	3433
18225	31	6089
18226	71	6089
18227	45	3434
18228	31	6090
18229	73	6090
18230	45	3435
18231	31	6091
18232	134	6091
18233	45	3436
18234	31	6092
18235	71	6092
18236	45	3437
18237	31	6093
18238	71	6093
18239	72	6093
18240	45	3438
18241	31	6094
18242	71	6094
18243	45	3439
18244	31	6095
18245	71	6095
18246	72	6095
18247	45	3440
18248	31	6096
18249	71	6096
18250	72	6096
18251	120	503
18252	72	503
18253	45	3441
18254	31	6408
18255	30	6408
18256	45	3442
18257	31	6097
18258	71	6097
18259	45	3443
18260	31	6409
18261	30	6409
18262	45	3444
18263	31	6098
18264	98	6098
18265	45	3445
18266	31	6099
18267	71	6099
18268	45	3446
18269	31	6100
18270	148	6100
18271	81	6100
18272	45	3447
18273	31	6101
18274	71	6101
18275	45	3448
18276	31	6412
18277	30	6412
18278	73	6412
18279	58	1719
18280	98	1719
18281	41	4113
18282	233	7730
18283	230	7730
18284	82	607
18285	71	607
18286	41	4114
18287	233	7731
18288	230	7731
18289	82	637
18290	71	637
18291	58	1720
18292	82	670
18293	71	670
18294	41	4115
18295	233	7677
18296	234	7677
18297	58	1721
18298	233	7718
18299	231	7718
18300	41	4118
18301	82	744
18302	71	744
18303	58	1722
18304	58	3373
18305	46	3373
18306	41	4119
18307	59	4119
18308	233	7678
18309	235	7678
18310	82	763
18311	71	763
18312	233	7679
18313	235	7679
18314	82	804
18315	71	804
18316	58	1724
18317	41	4120
18318	136	4120
18319	58	1725
18320	41	5028
18321	37	5028
18322	233	7680
18323	82	884
18324	71	884
18325	233	7734
18326	230	7734
18327	82	954
18328	71	954
18329	58	1728
18330	41	4121
18331	47	4121
18332	128	4121
18333	82	1034
18334	71	1034
18335	41	4122
18336	47	4122
18337	128	4122
18338	48	4122
18339	58	1729
18340	230	7666
18341	231	7666
18342	82	1070
18343	71	1070
18344	58	1731
18345	41	4123
18346	56	4123
18347	97	4123
18348	106	4123
18349	230	7732
18350	235	7732
18351	41	4124
18352	58	1733
18353	98	1733
18354	85	1128
18355	41	5030
18356	37	5030
18357	138	5244
18358	60	5244
18359	35	5244
18360	58	1735
18361	138	4025
18362	42	4025
18363	59	4025
18364	41	4125
18365	85	1129
18366	58	1736
18367	138	5362
18368	144	5362
18369	33	5362
18370	85	1194
18371	58	1737
18372	41	4126
18373	41	4127
18374	136	4127
18375	85	1195
18376	58	1740
18377	98	1740
18378	85	1196
18379	41	4128
18380	74	4128
18381	77	4128
18382	58	1741
18383	131	3928
18384	58	1742
18385	41	4129
18386	85	1202
18387	131	3929
18388	85	1197
18389	58	1743
18390	98	1743
18391	131	3930
18392	41	4130
18393	85	1198
18394	131	3931
18395	41	4131
18396	58	5702
18397	33	5702
18398	85	1199
18399	58	1744
18400	98	1744
18401	131	3932
18402	41	4132
18403	47	4132
18404	128	4132
18405	85	1200
18406	41	4133
18407	77	4133
18408	58	5706
18409	33	5706
18410	85	1204
18411	131	3933
18412	41	4643
18413	39	4643
18414	77	4643
18415	58	1746
18416	131	3934
18417	41	4655
18418	69	4655
18419	39	4655
18420	85	1205
18421	58	1747
18422	131	3935
18423	85	1206
18424	41	4134
18425	58	5710
18426	33	5710
18427	131	3936
18428	85	1207
18429	58	1748
18430	41	4135
18431	136	4135
18432	131	3938
18433	85	1208
18434	131	3937
18435	41	4136
18436	58	1749
18437	85	1209
18438	131	3939
18439	41	4137
18440	89	4137
18441	58	1750
18442	58	1751
18443	131	3940
18444	41	4138
18445	85	1210
18446	58	1752
18447	131	3941
18448	85	1211
18449	41	4139
18450	59	4139
18451	136	4139
18452	85	1212
18453	131	3942
18454	58	1753
18455	41	4904
18456	38	4904
18457	136	4904
18458	85	1213
18459	41	4140
18460	58	1754
18461	148	6279
18462	85	1214
18463	13	7193
18464	10	7193
18465	188	7193
18466	189	7193
\.


--
-- Data for Name: period; Type: TABLE DATA; Schema: public; Owner: postgres
--

COPY public.period (id, "time", duration, penalty) FROM stdin;
1	2005-01-12 09:30:00	120	0
2	2005-01-12 14:30:00	180	0
3	2005-01-13 09:30:00	180	0
4	2005-01-13 14:30:00	180	0
5	2005-01-14 09:30:00	180	0
6	2005-01-14 14:30:00	180	0
7	2005-01-15 09:30:00	180	0
8	2005-01-15 14:30:00	180	0
9	2005-01-17 09:30:00	180	0
10	2005-01-17 14:30:00	180	0
11	2005-01-18 09:30:00	180	5
12	2005-01-18 14:30:00	180	5
13	2005-01-19 09:30:00	180	10
14	2005-01-19 14:30:00	180	10
15	2005-01-20 09:30:00	180	15
16	2005-01-20 14:30:00	180	15
\.


--
-- Data for Name: period_room; Type: TABLE DATA; Schema: public; Owner: postgres
--

COPY public.period_room (id, period_id, room_id) FROM stdin;
1	7	3
2	12	8
3	10	8
4	6	7
5	13	3
6	9	2
7	5	3
8	11	2
9	14	6
10	16	8
11	8	4
12	15	5
13	2	3
14	4	3
15	1	1
16	3	1
\.


--
-- Data for Name: room; Type: TABLE DATA; Schema: public; Owner: postgres
--

COPY public.room (id, capacity, penalty) FROM stdin;
1	240	0
2	90	0
3	210	50
4	210	0
5	110	0
6	110	0
7	80	0
8	1000	50
\.


--
-- Data for Name: student; Type: TABLE DATA; Schema: public; Owner: postgres
--

COPY public.student (id, number) FROM stdin;
1	4873
2	7654
3	97
4	853
5	3
6	236
7	4900
8	316
9	10
10	138
11	5
12	108
13	2
14	1490
15	7622
16	4884
17	79
18	312
19	527
20	2458
21	242
22	271
23	1069
24	1086
25	1576
26	3261
27	3621
28	1154
29	498
30	526
31	2350
32	2445
33	3607
34	3912
35	4104
36	4168
37	4234
38	4288
39	4292
40	4332
41	4358
42	5275
43	5381
44	5428
45	5444
46	5450
47	5475
48	5491
49	5496
50	5518
51	5520
52	5521
53	5554
54	5620
55	5668
56	5679
57	5724
58	5756
59	5797
60	5817
61	5820
62	5836
63	5863
64	5901
65	5910
66	5922
67	5923
68	5925
69	5944
70	5973
71	5976
72	6060
73	6086
74	6138
75	6183
76	6233
77	6391
78	6399
79	6522
80	6542
81	6562
82	6574
83	6579
84	6600
85	6618
86	6635
87	6730
88	6769
89	6808
90	6809
91	6977
92	6996
93	7000
94	7048
95	7097
96	7108
97	7109
98	7153
99	7158
100	7159
101	7182
102	7252
103	7294
104	7296
105	7343
106	7344
107	7361
108	7376
109	7397
110	7441
111	7508
112	7528
113	7673
114	7876
115	2087
116	2906
117	3091
118	3687
119	3983
120	4009
121	4105
122	4299
123	4373
124	4401
125	4550
126	5164
127	5255
128	5453
129	5483
130	5484
131	5530
132	5648
133	5744
134	5818
135	5824
136	5929
137	879
138	2178
139	2499
140	2737
141	2847
142	3254
143	3349
144	3470
145	3950
146	4101
147	4107
148	4180
149	4242
150	4345
151	4353
152	4362
153	4394
154	4399
155	5076
156	5271
157	5276
158	5293
159	5307
160	5376
161	5448
162	5454
163	5563
164	5569
165	5609
166	5614
167	5617
168	5626
169	5647
170	5819
171	5822
172	5839
173	5841
174	5884
175	5900
176	5965
177	5977
178	5996
179	6003
180	6197
181	6250
182	6263
183	6281
184	6312
185	6397
186	6410
187	6464
188	1304
189	44
190	56
191	73
192	36
193	590
194	61
195	86
196	22
197	18
198	1
199	4
200	74
201	103
202	176
203	50
204	497
205	27
206	49
207	140
208	19
209	78
210	8
211	51
212	55
213	60
214	91
215	296
216	20
217	116
218	150
219	534
220	745
221	198
222	318
223	697
224	40
225	9
226	258
227	354
228	492
229	584
230	707
231	83
232	549
233	636
234	642
235	650
236	670
237	685
238	693
239	708
240	715
241	718
242	756
243	791
244	1203
245	1218
246	2122
247	3025
248	80
249	123
250	370
251	508
252	603
253	679
254	760
255	1015
256	1188
257	1228
258	1582
259	1588
260	1617
261	2036
262	2042
263	2135
264	2167
265	2192
266	2215
267	35
268	23
269	30
270	42
271	54
272	57
273	63
274	38
275	88
276	62
277	26
278	120
279	574
280	581
281	592
282	612
283	627
284	629
285	732
286	763
287	886
288	509
289	583
290	823
291	904
292	907
293	969
294	1038
295	1068
296	16
297	33
298	65
299	143
300	177
301	185
302	214
303	238
304	241
305	695
306	178
307	619
308	797
309	841
310	883
311	1049
312	1093
313	1176
314	802
315	1573
316	1845
317	237
318	2320
319	2472
320	2716
321	4282
322	4300
323	1629
324	1685
325	1211
326	504
327	554
328	585
329	373
330	778
331	3117
332	0
333	345
334	500
335	801
336	873
337	962
338	1067
339	326
340	340
341	499
342	1527
343	1558
344	1614
345	368
346	975
347	1144
348	1199
349	1214
350	1575
351	1225
352	1299
353	1393
354	2514
355	3412
356	3549
357	4560
358	82
359	1645
360	1434
361	1683
362	1755
363	1980
364	2088
365	2317
366	2346
367	325
368	2068
369	2389
370	2418
371	2903
372	3110
373	3298
374	3305
375	7474
376	3403
377	21
378	314
379	890
380	1000
381	1227
382	2041
383	2086
384	2190
385	4888
386	4930
387	4931
388	4970
389	7790
390	2109
391	2282
392	2293
393	2826
394	3081
395	3237
396	3432
397	2082
398	2273
399	4044
400	4301
401	4339
402	4377
403	4576
404	5616
405	6946
406	7740
407	7793
408	3520
409	3609
410	3868
411	4072
412	7777
413	7795
414	3473
415	3534
416	3578
417	3766
418	4179
419	7491
420	2513
421	2787
422	2891
423	2961
424	3001
425	3051
426	3056
427	3250
428	3764
429	3968
430	4026
431	4084
432	4218
433	4291
434	4402
435	4452
436	4455
437	4466
438	4497
439	4527
440	4547
441	4644
442	4652
443	4657
444	4664
445	4665
446	4671
447	4672
448	4707
449	4710
450	4719
451	4723
452	4729
453	4769
454	4783
455	4845
456	4852
457	4911
458	4914
459	4928
460	5020
461	5228
462	5257
463	5417
464	5493
465	5524
466	5738
467	5751
468	5786
469	5828
470	5835
471	5853
472	5878
473	5998
474	6387
475	6535
476	6555
477	6580
478	6720
479	6723
480	6837
481	6920
482	6930
483	6964
484	6989
485	6990
486	7031
487	7039
488	7089
489	7125
490	7146
491	7165
492	7186
493	7191
494	7199
495	7220
496	7231
497	7253
498	7275
499	7380
500	7391
501	7419
502	7444
503	3310
504	3700
505	4074
506	4580
507	4773
508	5037
509	6476
510	7197
511	84
512	251
513	547
514	576
515	607
516	631
517	659
518	1177
519	1309
520	1318
521	1653
522	1708
523	1784
524	1804
525	1962
526	1971
527	1994
528	2116
529	2481
530	2699
531	2830
532	2884
533	2980
534	3010
535	3036
536	3077
537	3191
538	3199
539	3338
540	3453
541	3517
542	3681
543	3891
544	3958
545	3981
546	4008
547	4065
548	4076
549	4118
550	4132
551	4215
552	4265
553	3337
554	4346
555	4431
556	95
557	259
558	474
559	1347
560	2907
561	3129
562	3943
563	4765
564	4437
565	4471
566	4480
567	4503
568	4538
569	4607
570	4618
571	4651
572	5593
573	6390
574	6479
575	6716
576	6942
577	7130
578	7217
579	7242
580	7421
581	4268
582	4269
583	4270
584	4271
585	4272
586	4273
587	4274
588	4276
589	4280
590	4281
591	4290
592	4294
593	4297
594	4320
595	4324
596	4329
597	4337
598	4338
599	4374
600	4380
601	4388
602	4408
603	4430
604	4433
605	4435
606	4438
607	4439
608	25
609	1104
610	1373
611	2846
612	4585
613	4442
614	4444
615	4447
616	4448
617	4449
618	4450
619	4453
620	4454
621	4456
622	4457
623	4459
624	4460
625	4461
626	4464
627	4465
628	4467
629	4468
630	4469
631	4470
632	4473
633	4474
634	4477
635	4479
636	4483
637	4486
638	4488
639	4491
640	4492
641	4493
642	4496
643	4499
644	4504
645	4505
646	4508
647	4509
648	4511
649	4518
650	4519
651	4520
652	4521
653	4524
654	4530
655	4531
656	4532
657	4533
658	4534
659	4539
660	4542
661	4544
662	4549
663	4551
664	4552
665	4554
666	4556
667	4557
668	4561
669	4562
670	4565
671	4569
672	4570
673	4572
674	4595
675	4597
676	4599
677	4600
678	4602
679	4603
680	4606
681	4608
682	4610
683	4611
684	4612
685	4616
686	4617
687	4620
688	4622
689	4623
690	4624
691	4625
692	4627
693	4629
694	4634
695	4635
696	4636
697	4642
698	4643
699	4648
700	4659
701	4661
702	4663
703	4668
704	4669
705	4670
706	4677
707	4684
708	4689
709	4692
710	4693
711	4698
712	4699
713	4701
714	4705
715	4708
716	4716
717	4718
718	4722
719	4730
720	4732
721	4733
722	4734
723	4736
724	4738
725	4739
726	4741
727	4742
728	4743
729	4744
730	4746
731	4748
732	4750
733	4751
734	4754
735	4760
736	4761
737	4764
738	4767
739	4768
740	4770
741	4772
742	4777
743	4778
744	4786
745	4789
746	4794
747	4798
748	4799
749	4801
750	4803
751	4804
752	4841
753	4846
754	4847
755	4853
756	4855
757	4857
758	4859
759	4860
760	4861
761	4863
762	4868
763	4910
764	4950
765	4951
766	4955
767	4982
768	5005
769	5006
770	5012
771	5013
772	5014
773	5015
774	5016
775	5017
776	5018
777	5019
778	5021
779	5025
780	5026
781	5027
782	5028
783	5031
784	5032
785	5039
786	5040
787	5071
788	5140
789	5157
790	5160
791	5184
792	5215
793	5227
794	5264
795	5320
796	5321
797	5324
798	5328
799	5332
800	5336
801	5337
802	5346
803	5383
804	5392
805	5403
806	5407
807	5411
808	5420
809	5430
810	5435
811	5440
812	5445
813	5457
814	5502
815	5525
816	5526
817	5533
818	5536
819	5546
820	5547
821	5557
822	5574
823	5587
824	5601
825	5607
826	5615
827	5618
828	5621
829	5623
830	5625
831	5628
832	5632
833	5634
834	5643
835	5645
836	5646
837	5649
838	5652
839	5665
840	5680
841	5682
842	5693
843	5702
844	5710
845	5717
846	5725
847	5739
848	5746
849	5763
850	5772
851	5774
852	5781
853	5782
854	5795
855	5796
856	5810
857	5812
858	5831
859	5844
860	5905
861	5933
862	5937
863	5939
864	5947
865	5967
866	5970
867	5979
868	5982
869	5999
870	6004
871	6015
872	6026
873	6028
874	6029
875	6042
876	6055
877	6068
878	6075
879	6077
880	6082
881	6093
882	6099
883	6104
884	6106
885	6109
886	6115
887	6124
888	6125
889	6127
890	6143
891	6154
892	6211
893	6224
894	6226
895	6251
896	6342
897	6378
898	6383
899	6405
900	6455
901	6463
902	6468
903	6494
904	6519
905	6521
906	6533
907	6534
908	6550
909	6552
910	6553
911	6561
912	6563
913	6566
914	6568
915	6575
916	6576
917	6577
918	6581
919	6586
920	6588
921	6589
922	6592
923	6596
924	6608
925	6610
926	6619
927	6620
928	6623
929	6633
930	6657
931	6658
932	6662
933	6665
934	6666
935	6667
936	6668
937	6675
938	6679
939	6686
940	6693
941	6697
942	6703
943	6712
944	6713
945	6726
946	6745
947	6755
948	6759
949	6761
950	6765
951	6775
952	6780
953	6785
954	6793
955	6794
956	6797
957	6813
958	6816
959	6823
960	6850
961	6852
962	6855
963	6861
964	6863
965	6870
966	6879
967	6884
968	6890
969	6891
970	6892
971	6896
972	6902
973	6905
974	6909
975	6914
976	6931
977	6941
978	6950
979	6955
980	6973
981	6974
982	6975
983	6993
984	6997
985	6998
986	7001
987	7019
988	7028
989	7029
990	7030
991	7047
992	7063
993	7071
994	7076
995	7081
996	7083
997	7087
998	7092
999	7093
1000	7101
1001	7106
1002	7110
1003	7115
1004	7116
1005	7119
1006	7122
1007	7131
1008	7132
1009	7133
1010	7139
1011	7141
1012	7151
1013	7154
1014	7157
1015	7162
1016	7164
1017	7171
1018	7172
1019	7174
1020	7183
1021	7185
1022	7190
1023	7192
1024	7194
1025	7195
1026	7196
1027	7216
1028	7223
1029	7233
1030	7235
1031	7236
1032	7237
1033	7238
1034	7240
1035	7254
1036	7255
1037	7273
1038	7285
1039	7289
1040	7295
1041	7303
1042	7307
1043	7314
1044	7315
1045	7319
1046	7322
1047	7325
1048	7327
1049	7330
1050	7331
1051	7334
1052	7338
1053	7345
1054	7381
1055	7388
1056	7390
1057	7400
1058	7401
1059	7424
1060	7426
1061	7430
1062	7436
1063	7443
1064	7448
1065	7451
1066	7503
1067	7504
1068	7509
1069	7518
1070	7523
1071	7536
1072	7559
1073	7717
1074	7772
1075	7775
1076	7806
1077	7812
1078	7890
1079	4581
1080	4882
1081	856
1082	4807
1083	4826
1084	4880
1085	4919
1086	4964
1087	4966
1088	4967
1089	4977
1090	4979
1091	4988
1092	7449
1093	7759
1094	7834
1095	7887
1096	4885
1097	4923
1098	4958
1099	4992
1100	5091
1101	5182
1102	5219
1103	5335
1104	5469
1105	5528
1106	5550
1107	5578
1108	5603
1109	5729
1110	5934
1111	6144
1112	6285
1113	6311
1114	6324
1115	6337
1116	6381
1117	6392
1118	6470
1119	6573
1120	7079
1121	7160
1122	7187
1123	2538
1124	2540
1125	2824
1126	3048
1127	3131
1128	412
1129	440
1130	580
1131	611
1132	3984
1133	3994
1134	782
1135	854
1136	953
1137	987
1138	1083
1139	1329
1140	1502
1141	1657
1142	1690
1143	1729
1144	1738
1145	1812
1146	1899
1147	1932
1148	1941
1149	1946
1150	1315
1151	1710
1152	1717
1153	1725
1154	1760
1155	1820
1156	1837
1157	1843
1158	1859
1159	1882
1160	1928
1161	1977
1162	2713
1163	3324
1164	3431
1165	3490
1166	3692
1167	3753
1168	4052
1169	4122
1170	7588
1171	7830
1172	2146
1173	2194
1174	2222
1175	2416
1176	2554
1177	2965
1178	3164
1179	3234
1180	3262
1181	3354
1182	3424
1183	3500
1184	3508
1185	3635
1186	3954
1187	3956
1188	4094
1189	4219
1190	4222
1191	4947
1192	7293
1193	7786
1194	824
1195	1008
1196	1073
1197	1115
1198	1117
1199	1210
1200	1298
1201	1735
1202	1751
1203	1793
1204	1841
1205	2000
1206	2002
1207	2064
1208	2217
1209	2229
1210	2366
1211	2406
1212	2539
1213	2541
1214	2611
1215	2625
1216	2656
1217	2721
1218	2866
1219	3387
1220	3395
1221	3501
1222	3755
1223	3815
1224	3905
1225	3941
1226	3982
1227	4070
1228	4088
1229	4099
1230	4120
1231	4172
1232	4174
1233	4821
1234	356
1235	567
1236	946
1237	2186
1238	2497
1239	2626
1240	2971
1241	3304
1242	3505
1243	3544
1244	3708
1245	4152
1246	4161
1247	4217
1248	7438
1249	7848
1250	1996
1251	2251
1252	2649
1253	2823
1254	2834
1255	2899
1256	3004
1257	3095
1258	3146
1259	3220
1260	3540
1261	3562
1262	3939
1263	4582
1264	4583
1265	4584
1266	4591
1267	4817
1268	4835
1269	4877
1270	4879
1271	5374
1272	5694
1273	5741
1274	5992
1275	6049
1276	6430
1277	6807
1278	6875
1279	7055
1280	7435
1281	7556
1282	7771
1283	7886
1284	1078
1285	1122
1286	1184
1287	1284
1288	1419
1289	1541
1290	1626
1291	2027
1292	2079
1293	2085
1294	2202
1295	2245
1296	2275
1297	2277
1298	2467
1299	2510
1300	2523
1301	2638
1302	2752
1303	2802
1304	2854
1305	2930
1306	2958
1307	3058
1308	3223
1309	3272
1310	3291
1311	3292
1312	3602
1313	3610
1314	3649
1315	3652
1316	3703
1317	3729
1318	3829
1319	3946
1320	7820
1321	805
1322	1226
1323	1339
1324	1392
1325	1481
1326	2200
1327	2276
1328	2278
1329	2627
1330	2900
1331	3065
1332	3139
1333	3190
1334	3864
1335	7749
1336	7898
1337	3184
1338	3321
1339	3746
1340	6388
1341	1543
1342	3631
1343	3855
1344	1438
1345	1439
1346	1634
1347	2025
1348	2158
1349	2189
1350	2456
1351	3098
1352	3539
1353	3587
1354	3643
1355	3654
1356	3736
1357	4137
1358	4192
1359	4228
1360	7755
1361	7789
1362	2439
1363	2644
1364	2997
1365	5156
1366	5705
1367	5711
1368	6367
1369	6377
1370	6848
1371	7169
1372	7845
1373	6944
1374	7067
1375	4306
1376	4323
1377	4344
1378	4379
1379	4395
1380	4397
1381	5060
1382	5155
1383	5163
1384	5309
1385	5339
1386	5416
1387	5503
1388	5523
1389	5672
1390	5700
1391	5770
1392	5804
1393	5888
1394	5913
1395	5916
1396	5978
1397	6010
1398	6043
1399	6050
1400	6059
1401	6101
1402	6116
1403	6187
1404	6221
1405	6237
1406	6241
1407	6278
1408	6279
1409	6280
1410	6328
1411	6331
1412	6384
1413	6403
1414	6549
1415	6696
1416	6718
1417	6722
1418	6736
1419	6750
1420	6774
1421	6779
1422	6821
1423	6822
1424	6833
1425	6866
1426	6907
1427	6982
1428	7007
1429	7057
1430	7059
1431	7102
1432	7168
1433	7256
1434	7258
1435	7267
1436	4289
1437	4295
1438	4303
1439	4304
1440	4305
1441	4314
1442	4341
1443	4359
1444	4367
1445	4417
1446	4827
1447	4840
1448	5214
1449	5221
1450	5223
1451	5232
1452	5254
1453	5316
1454	5319
1455	5329
1456	5340
1457	5364
1458	5439
1459	5446
1460	5456
1461	5535
1462	5537
1463	5541
1464	5545
1465	5555
1466	5565
1467	5592
1468	5594
1469	5658
1470	5660
1471	5661
1472	5692
1473	5709
1474	5715
1475	5799
1476	5803
1477	5827
1478	5857
1479	5860
1480	5892
1481	5927
1482	6012
1483	6087
1484	6088
1485	6100
1486	6123
1487	6137
1488	6196
1489	6258
1490	6282
1491	6315
1492	6345
1493	6347
1494	6352
1495	6376
1496	6385
1497	6411
1498	6450
1499	6486
1500	6526
1501	6612
1502	6677
1503	6729
1504	6844
1505	6939
1506	6956
1507	6978
1508	7090
1509	7138
1510	7364
1511	7367
1512	7377
1513	7423
1514	2067
1515	2558
1516	2624
1517	3445
1518	4000
1519	4236
1520	4890
1521	5145
1522	5171
1523	5269
1524	5728
1525	6166
1526	6213
1527	6358
1528	6448
1529	6493
1530	6664
1531	6681
1532	6880
1533	7008
1534	7049
1535	7286
1536	7761
1537	7794
1538	7869
1539	1446
1540	1525
1541	2037
1542	2095
1543	2098
1544	2150
1545	2184
1546	2231
1547	2238
1548	2394
1549	2434
1550	2520
1551	2560
1552	2562
1553	2669
1554	2759
1555	2761
1556	2777
1557	2879
1558	2889
1559	2941
1560	2987
1561	3002
1562	3035
1563	3041
1564	3128
1565	3161
1566	3198
1567	3420
1568	3425
1569	3447
1570	3475
1571	3478
1572	3557
1573	3626
1574	3761
1575	3797
1576	3840
1577	3861
1578	3908
1579	3973
1580	4053
1581	4589
1582	7652
1583	7825
1584	991
1585	1024
1586	1089
1587	1159
1588	1171
1589	1403
1590	1693
1591	2210
1592	2378
1593	2405
1594	2488
1595	2490
1596	2610
1597	2665
1598	2720
1599	2722
1600	2816
1601	3020
1602	3200
1603	3203
1604	3256
1605	3284
1606	3548
1607	3651
1608	3825
1609	3851
1610	3867
1611	4023
1612	4041
1613	4141
1614	4206
1615	4327
1616	4342
1617	4355
1618	4360
1619	4390
1620	4423
1621	4478
1622	4559
1623	4694
1624	4792
1625	4856
1626	4867
1627	4869
1628	4909
1629	4925
1630	4954
1631	4978
1632	5042
1633	5059
1634	5169
1635	5179
1636	5193
1637	5202
1638	5213
1639	5231
1640	5244
1641	5266
1642	5270
1643	5284
1644	5315
1645	5327
1646	5348
1647	5357
1648	5372
1649	5425
1650	5431
1651	5432
1652	5442
1653	5452
1654	5461
1655	5473
1656	5482
1657	5501
1658	5504
1659	5538
1660	5540
1661	5577
1662	5595
1663	5631
1664	5633
1665	5656
1666	5675
1667	5676
1668	5678
1669	5699
1670	5722
1671	5727
1672	5731
1673	5752
1674	5792
1675	5793
1676	5811
1677	5842
1678	5843
1679	5859
1680	5869
1681	5887
1682	5918
1683	5919
1684	5920
1685	5954
1686	5983
1687	5984
1688	6000
1689	6020
1690	6037
1691	6039
1692	6040
1693	6052
1694	6085
1695	6094
1696	6105
1697	6107
1698	6118
1699	6119
1700	6160
1701	6167
1702	6188
1703	6204
1704	6216
1705	6217
1706	6244
1707	6246
1708	6262
1709	6286
1710	6294
1711	6298
1712	6320
1713	6323
1714	6335
1715	6351
1716	6362
1717	6364
1718	6371
1719	6415
1720	6447
1721	6471
1722	6474
1723	6527
1724	6547
1725	6551
1726	6556
1727	6567
1728	6593
1729	6607
1730	6617
1731	6630
1732	6715
1733	6717
1734	6725
1735	6732
1736	6733
1737	6753
1738	6762
1739	6777
1740	6788
1741	6811
1742	6829
1743	6834
1744	6842
1745	6854
1746	6865
1747	6868
1748	6873
1749	6900
1750	6908
1751	6935
1752	6936
1753	6948
1754	6959
1755	6981
1756	6985
1757	6986
1758	6987
1759	7002
1760	7017
1761	7023
1762	7024
1763	7091
1764	7103
1765	7143
1766	7144
1767	7147
1768	7156
1769	7167
1770	7234
1771	7241
1772	7279
1773	7281
1774	7383
1775	7427
1776	7515
1777	7521
1778	7525
1779	7539
1780	7540
1781	7892
1782	1070
1783	1268
1784	1360
1785	1659
1786	2203
1787	2212
1788	2214
1789	2255
1790	2295
1791	2402
1792	2436
1793	2446
1794	2822
1795	2856
1796	2905
1797	2960
1798	2967
1799	3006
1800	3344
1801	3366
1802	3552
1803	3970
1804	4092
1805	4354
1806	4398
1807	4413
1808	4425
1809	4662
1810	4862
1811	5047
1812	5052
1813	748
1814	798
1815	4157
1816	6025
1817	5053
1818	5092
1819	5124
1820	5173
1821	5178
1822	5183
1823	5209
1824	5258
1825	5292
1826	5306
1827	5384
1828	5426
1829	5443
1830	5573
1831	5613
1832	5685
1833	5932
1834	5945
1835	5966
1836	6005
1837	6019
1838	6072
1839	6103
1840	6132
1841	6174
1842	4577
1843	6190
1844	6295
1845	6338
1846	6353
1847	6361
1848	6380
1849	6683
1850	6695
1851	6704
1852	6724
1853	6737
1854	6747
1855	6802
1856	6819
1857	6871
1858	6885
1859	6889
1860	6893
1861	6962
1862	6971
1863	7003
1864	7044
1865	7104
1866	7111
1867	7150
1868	7184
1869	7320
1870	7369
1871	7497
1872	7552
1873	7722
1874	7753
1875	897
1876	950
1877	974
1878	1125
1879	1460
1880	1567
1881	1585
1882	1658
1883	1661
1884	1670
1885	1719
1886	1728
1887	624
1888	7860
1889	1743
1890	1762
1891	1777
1892	1778
1893	1781
1894	1788
1895	1800
1896	1808
1897	1827
1898	1833
1899	1834
1900	1844
1901	1852
1902	1858
1903	1866
1904	1870
1905	1871
1906	1875
1907	1878
1908	1890
1909	1893
1910	1895
1911	1901
1912	1904
1913	1908
1914	1919
1915	1922
1916	1929
1917	1942
1918	1945
1919	1975
1920	1985
1921	1986
1922	1987
1923	2342
1924	2403
1925	2404
1926	2417
1927	2528
1928	2584
1929	2623
1930	2630
1931	2807
1932	2841
1933	2896
1934	2933
1935	2990
1936	3069
1937	3311
1938	3619
1939	3690
1940	3784
1941	3922
1942	3927
1943	3935
1944	4100
1945	4176
1946	4177
1947	4220
1948	4233
1949	4795
1950	5030
1951	5041
1952	7640
1953	7853
1954	7893
1955	4588
1956	481
1957	613
1958	765
1959	1396
1960	2566
1961	2742
1962	7838
1963	565
1964	569
1965	3422
1966	4045
1967	4139
1968	4224
1969	4283
1970	4322
1971	4336
1972	4352
1973	4356
1974	4368
1975	4376
1976	4406
1977	4410
1978	4416
1979	4579
1980	4679
1981	4749
1982	4791
1983	4858
1984	5197
1985	5201
1986	5246
1987	5251
1988	5259
1989	5263
1990	5291
1991	5318
1992	5331
1993	5338
1994	5342
1995	5369
1996	5373
1997	5412
1998	5468
1999	5477
2000	5481
2001	5498
2002	5509
2003	5539
2004	5558
2005	5562
2006	5576
2007	5582
2008	5585
2009	5597
2010	5602
2011	5629
2012	5653
2013	5681
2014	5689
2015	5723
2016	5742
2017	5749
2018	5758
2019	5767
2020	5801
2021	5809
2022	5845
2023	5865
2024	5868
2025	5883
2026	5903
2027	5914
2028	5926
2029	5941
2030	5969
2031	5972
2032	6031
2033	6034
2034	6063
2035	6089
2036	6102
2037	6134
2038	6169
2039	6194
2040	6205
2041	6208
2042	6210
2043	6214
2044	6231
2045	6242
2046	6248
2047	6259
2048	6265
2049	6284
2050	6322
2051	6329
2052	6363
2053	6373
2054	6398
2055	6417
2056	6437
2057	6518
2058	6565
2059	6673
2060	6701
2061	6719
2062	6740
2063	6741
2064	6743
2065	6771
2066	6792
2067	6810
2068	6824
2069	6831
2070	6843
2071	6878
2072	6881
2073	6910
2074	6916
2075	6926
2076	6954
2077	6979
2078	6984
2079	7022
2080	7025
2081	7051
2082	7085
2083	7098
2084	7145
2085	7149
2086	7266
2087	7316
2088	7329
2089	7340
2090	7510
2091	470
2092	1165
2093	1320
2094	1416
2095	1501
2096	1668
2097	1754
2098	1806
2099	1818
2100	1836
2101	1865
2102	1869
2103	2724
2104	7204
2105	34
2106	96
2107	129
2108	161
2109	192
2110	286
2111	473
2112	475
2113	602
2114	633
2115	892
2116	1326
2117	1353
2118	1643
2119	7649
2120	7707
2121	7824
2122	89
2123	94
2124	558
2125	621
2126	731
2127	1770
2128	1855
2129	1916
2130	1969
2131	2236
2132	2477
2133	3341
2134	3919
2135	3985
2136	3986
2137	4002
2138	4247
2139	7205
2140	1017
2141	7531
2142	113
2143	424
2144	502
2145	594
2146	595
2147	601
2148	615
2149	616
2150	617
2151	632
2152	866
2153	908
2154	921
2155	956
2156	1145
2157	1239
2158	1281
2159	1321
2160	1355
2161	1443
2162	1445
2163	1644
2164	1686
2165	510
2166	4144
2167	7450
2168	7736
2169	1688
2170	1699
2171	1704
2172	1712
2173	1714
2174	1741
2175	1761
2176	1765
2177	1767
2178	1807
2179	1830
2180	1839
2181	1905
2182	1912
2183	1933
2184	1934
2185	1995
2186	2259
2187	2476
2188	2537
2189	2629
2190	2706
2191	2727
2192	2803
2193	2863
2194	2909
2195	3238
2196	3279
2197	3695
2198	3770
2199	3841
2200	3975
2201	4020
2202	4021
2203	4073
2204	4090
2205	4121
2206	4780
2207	7829
2208	7856
2209	605
2210	1158
2211	1293
2212	1413
2213	1809
2214	1937
2215	67
2216	4926
2217	68
2218	72
2219	164
2220	829
2221	1033
2222	1092
2223	1273
2224	1319
2225	1378
2226	1572
2227	1684
2228	1768
2229	1802
2230	1984
2231	2035
2232	2074
2233	2341
2234	2860
2235	3040
2236	3229
2237	3358
2238	3533
2239	3684
2240	3945
2241	4149
2242	7659
2243	7723
2244	69
2245	47
2246	87
2247	1720
2248	2934
2249	559
2250	825
2251	442
2252	445
2253	560
2254	776
2255	779
2256	804
2257	983
2258	1042
2259	1094
2260	1352
2261	1406
2262	6343
2263	6487
2264	7895
2265	903
2266	958
2267	1007
2268	1135
2269	1234
2270	1297
2271	1374
2272	1398
2273	943
2274	1082
2275	1133
2276	1185
2277	1207
2278	764
2279	781
2280	796
2281	836
2282	862
2283	906
2284	1182
2285	1341
2286	1414
2287	1431
2288	2075
2289	2208
2290	2261
2291	2266
2292	2318
2293	2363
2294	2377
2295	2536
2296	2595
2297	2621
2298	2652
2299	2667
2300	2668
2301	2750
2302	2751
2303	2755
2304	2772
2305	2773
2306	2837
2307	2845
2308	2864
2309	2882
2310	2924
2311	2978
2312	2986
2313	3071
2314	3209
2315	3230
2316	3243
2317	3303
2318	3317
2319	3756
2320	3822
2321	3834
2322	3852
2323	3938
2324	4015
2325	4042
2326	4080
2327	4089
2328	4201
2329	4202
2330	4254
2331	4893
2332	3021
2333	5061
2334	5187
2335	5312
2336	5354
2337	5401
2338	5434
2339	5455
2340	5490
2341	5497
2342	5600
2343	5848
2344	6152
2345	6350
2346	6492
2347	6523
2348	6524
2349	6529
2350	6532
2351	6536
2352	6537
2353	6560
2354	6570
2355	6572
2356	6583
2357	6911
2358	6932
2359	7177
2360	7272
2361	7276
2362	7310
2363	7368
2364	7378
2365	12
2366	397
2367	439
2368	399
2369	401
2370	382
2371	384
2372	389
2373	391
2374	405
2375	407
2376	413
2377	414
2378	423
2379	429
2380	431
2381	432
2382	433
2383	438
2384	443
2385	448
2386	458
2387	465
2388	467
2389	501
2390	4216
2391	7716
2392	7721
2393	7206
2394	2995
2395	3018
2396	3772
2397	7730
2398	462
2399	571
2400	578
2401	579
2402	598
2403	604
2404	618
2405	694
2406	734
2407	742
2408	767
2409	859
2410	888
2411	928
2412	954
2413	1003
2414	1018
2415	1084
2416	1112
2417	1156
2418	1160
2419	1179
2420	1208
2421	1230
2422	1277
2423	1290
2424	1295
2425	1306
2426	1323
2427	1346
2428	1348
2429	1400
2430	1401
2431	1496
2432	1577
2433	1639
2434	1648
2435	1663
2436	1732
2437	1744
2438	1758
2439	1789
2440	1790
2441	1805
2442	1814
2443	1817
2444	1822
2445	1832
2446	1842
2447	1848
2448	1851
2449	1857
2450	1860
2451	1877
2452	1879
2453	1913
2454	1923
2455	1927
2456	1931
2457	1939
2458	1944
2459	1965
2460	1976
2461	1993
2462	2060
2463	2094
2464	2113
2465	2301
2466	2310
2467	2338
2468	2347
2469	2371
2470	2451
2471	2493
2472	2608
2473	2674
2474	2831
2475	3013
2476	3043
2477	3047
2478	3087
2479	3132
2480	3136
2481	3214
2482	3258
2483	3267
2484	3278
2485	3511
2486	3529
2487	3658
2488	3727
2489	3741
2490	3744
2491	3762
2492	3765
2493	3795
2494	3808
2495	3813
2496	3866
2497	3872
2498	3899
2499	3907
2500	3923
2501	3926
2502	3931
2503	3936
2504	3947
2505	3999
2506	4010
2507	4013
2508	4055
2509	4106
2510	4115
2511	4119
2512	4131
2513	4140
2514	4158
2515	4160
2516	4173
2517	4198
2518	4208
2519	4806
2520	4808
2521	4952
2522	4963
2523	5007
2524	7394
2525	7606
2526	478
2527	480
2528	588
2529	867
2530	1134
2531	1667
2532	1694
2533	3889
2534	3892
2535	4116
2536	7809
2537	7868
2538	64
2539	4022
2540	7632
2541	71
2542	572
2543	577
2544	608
2545	838
2546	927
2547	1111
2548	1137
2549	1195
2550	1266
2551	1287
2552	1334
2553	1561
2554	1635
2555	1654
2556	1680
2557	1691
2558	1727
2559	1791
2560	1828
2561	1881
2562	1883
2563	1964
2564	1967
2565	2071
2566	2174
2567	2505
2568	3063
2569	3070
2570	3228
2571	3691
2572	3781
2573	3869
2574	4071
2575	4822
2576	623
2577	952
2578	1718
2579	1745
2580	46
2581	48
2582	92
2583	118
2584	350
2585	393
2586	493
2587	535
2588	575
2589	586
2590	593
2591	606
2592	622
2593	625
2594	729
2595	750
2596	774
2597	792
2598	835
2599	865
2600	887
2601	932
2602	939
2603	1109
2604	1152
2605	1274
2606	1275
2607	1296
2608	1313
2609	1324
2610	1325
2611	1343
2612	1345
2613	1390
2614	1391
2615	1404
2616	1412
2617	1418
2618	1466
2619	1497
2620	1500
2621	1503
2622	1504
2623	1515
2624	1520
2625	1539
2626	1564
2627	1574
2628	1583
2629	1609
2630	1618
2631	1622
2632	1623
2633	1636
2634	1646
2635	1647
2636	1650
2637	1651
2638	1655
2639	1656
2640	1660
2641	1662
2642	1664
2643	1666
2644	1669
2645	1671
2646	1674
2647	1676
2648	1678
2649	1681
2650	1687
2651	1689
2652	1692
2653	1697
2654	1701
2655	1702
2656	1705
2657	1707
2658	1711
2659	1713
2660	1721
2661	1722
2662	1724
2663	1726
2664	1734
2665	1736
2666	1737
2667	1739
2668	1740
2669	1742
2670	1746
2671	1747
2672	1749
2673	1750
2674	1752
2675	1753
2676	1756
2677	1759
2678	1763
2679	1764
2680	1772
2681	1773
2682	1783
2683	1786
2684	1787
2685	1792
2686	1794
2687	1797
2688	1798
2689	1799
2690	1801
2691	1803
2692	1811
2693	1813
2694	1816
2695	1819
2696	1823
2697	1824
2698	1825
2699	1829
2700	1831
2701	1835
2702	1838
2703	1846
2704	1849
2705	1853
2706	1854
2707	1868
2708	1872
2709	1874
2710	1876
2711	1884
2712	1885
2713	1887
2714	1889
2715	1891
2716	1892
2717	1894
2718	1898
2719	1900
2720	1907
2721	1909
2722	1910
2723	1918
2724	1921
2725	1924
2726	1926
2727	1930
2728	1936
2729	1938
2730	1948
2731	1951
2732	1953
2733	1956
2734	1958
2735	1960
2736	1966
2737	1968
2738	1972
2739	1973
2740	1974
2741	1978
2742	1982
2743	1991
2744	1992
2745	1998
2746	2028
2747	2034
2748	2046
2749	2048
2750	2051
2751	2055
2752	2065
2753	2066
2754	2081
2755	2092
2756	2123
2757	2128
2758	2185
2759	2198
2760	2199
2761	2228
2762	2239
2763	2265
2764	2285
2765	2299
2766	2314
2767	2321
2768	2376
2769	2379
2770	2387
2771	2421
2772	2455
2773	2470
2774	2575
2775	2579
2776	2606
2777	2653
2778	2655
2779	2660
2780	2703
2781	2708
2782	2709
2783	2714
2784	2717
2785	2741
2786	2747
2787	2753
2788	2756
2789	2758
2790	2770
2791	2779
2792	2788
2793	2789
2794	2805
2795	2808
2796	2861
2797	2892
2798	2916
2799	2917
2800	2927
2801	2935
2802	2938
2803	2943
2804	2956
2805	2988
2806	2989
2807	2999
2808	3014
2809	3068
2810	3083
2811	3097
2812	3112
2813	3123
2814	3135
2815	3140
2816	3147
2817	3180
2818	3181
2819	3188
2820	3196
2821	3197
2822	3226
2823	3277
2824	3293
2825	3300
2826	3307
2827	3313
2828	3361
2829	3362
2830	3374
2831	3376
2832	3385
2833	3388
2834	3389
2835	3390
2836	3391
2837	3394
2838	3402
2839	3417
2840	3423
2841	3428
2842	3429
2843	3433
2844	3484
2845	3514
2846	3516
2847	3532
2848	3573
2849	3592
2850	3618
2851	3640
2852	3641
2853	3660
2854	3677
2855	3704
2856	3723
2857	3737
2858	3749
2859	3751
2860	3767
2861	3775
2862	3800
2863	3814
2864	3823
2865	3826
2866	3843
2867	3845
2868	3858
2869	3870
2870	3882
2871	3884
2872	3887
2873	3888
2874	3890
2875	3893
2876	3896
2877	3897
2878	3901
2879	3911
2880	3915
2881	3944
2882	3980
2883	3993
2884	3997
2885	4004
2886	4014
2887	4016
2888	4024
2889	4028
2890	4032
2891	4037
2892	4047
2893	4068
2894	4078
2895	4085
2896	4086
2897	4124
2898	4136
2899	4150
2900	4169
2901	4170
2902	4199
2903	4204
2904	6456
2905	6472
2906	7326
2907	7584
2908	7688
2909	7815
2910	7827
2911	7851
2912	7854
2913	2991
2914	7882
2915	1047
2916	374
2917	566
2918	597
2919	992
2920	1045
2921	1264
2922	1328
2923	1471
2924	1472
2925	1495
2926	1499
2927	1510
2928	1533
2929	1535
2930	1548
2931	1550
2932	1559
2933	1560
2934	1580
2935	1587
2936	1592
2937	1602
2938	1615
2939	1624
2940	1632
2941	1638
2942	1649
2943	1665
2944	1673
2945	1675
2946	1682
2947	1715
2948	1769
2949	1774
2950	1775
2951	1850
2952	1897
2953	1906
2954	1925
2955	1935
2956	1961
2957	1970
2958	1979
2959	1983
2960	2001
2961	2003
2962	2039
2963	2043
2964	2053
2965	2090
2966	2136
2967	2142
2968	2147
2969	2154
2970	2161
2971	2171
2972	2175
2973	2227
2974	2263
2975	2280
2976	2297
2977	2302
2978	2319
2979	2325
2980	2328
2981	2343
2982	2344
2983	2352
2984	2353
2985	2354
2986	2359
2987	2374
2988	2392
2989	2400
2990	2426
2991	2441
2992	2450
2993	2452
2994	2453
2995	2454
2996	2483
2997	2485
2998	2512
2999	2517
3000	2525
3001	2532
3002	2543
3003	2548
3004	2571
3005	2580
3006	2583
3007	2593
3008	2594
3009	2599
3010	2632
3011	2658
3012	2672
3013	2695
3014	2696
3015	2697
3016	2719
3017	2728
3018	2739
3019	2745
3020	2748
3021	2775
3022	2793
3023	2800
3024	2806
3025	2820
3026	2842
3027	2872
3028	2887
3029	2890
3030	2898
3031	2902
3032	2939
3033	2947
3034	2959
3035	2974
3036	2975
3037	2985
3038	3008
3039	3027
3040	3079
3041	3090
3042	3113
3043	3116
3044	3118
3045	3137
3046	3144
3047	3156
3048	3182
3049	3192
3050	3202
3051	3206
3052	3217
3053	3264
3054	3282
3055	3309
3056	3316
3057	3343
3058	3346
3059	3350
3060	3357
3061	3363
3062	3368
3063	3372
3064	3377
3065	3386
3066	3393
3067	3414
3068	3440
3069	3459
3070	3460
3071	3477
3072	3481
3073	3499
3074	3518
3075	3527
3076	3528
3077	3537
3078	3547
3079	3571
3080	3574
3081	3585
3082	3595
3083	3614
3084	3628
3085	3636
3086	3698
3087	3705
3088	3739
3089	3740
3090	3743
3091	3750
3092	3757
3093	3763
3094	3786
3095	3788
3096	3806
3097	3812
3098	3848
3099	3850
3100	3857
3101	3904
3102	3906
3103	3917
3104	3925
3105	3930
3106	3953
3107	3974
3108	3977
3109	3990
3110	3991
3111	3992
3112	4035
3113	4036
3114	4040
3115	4058
3116	4059
3117	4097
3118	4098
3119	4109
3120	4164
3121	4243
3122	85
3123	158
3124	265
3125	284
3126	472
3127	530
3128	587
3129	599
3130	851
3131	909
3132	920
3133	996
3134	1048
3135	1059
3136	1105
3137	1140
3138	1151
3139	1209
3140	1269
3141	1307
3142	1332
3143	1344
3144	1397
3145	1459
3146	1529
3147	1571
3148	1597
3149	1600
3150	1630
3151	1847
3152	1902
3153	2021
3154	2023
3155	2030
3156	2100
3157	2103
3158	2111
3159	2115
3160	2119
3161	2125
3162	2132
3163	2137
3164	2153
3165	2155
3166	2219
3167	2223
3168	2271
3169	2274
3170	2279
3171	2283
3172	2331
3173	2351
3174	2364
3175	2375
3176	2398
3177	2449
3178	2479
3179	2482
3180	2586
3181	2587
3182	2622
3183	2640
3184	2662
3185	2700
3186	2733
3187	2744
3188	2776
3189	2778
3190	2783
3191	2796
3192	2835
3193	2836
3194	2855
3195	2888
3196	2904
3197	2913
3198	2919
3199	2932
3200	3012
3201	3054
3202	3073
3203	3102
3204	3108
3205	3122
3206	3130
3207	3155
3208	3187
3209	3189
3210	3216
3211	3248
3212	3339
3213	3351
3214	3367
3215	3375
3216	3378
3217	3439
3218	3451
3219	3489
3220	3502
3221	3503
3222	3519
3223	3538
3224	3561
3225	3565
3226	3606
3227	3612
3228	3665
3229	3667
3230	3722
3231	3725
3232	3742
3233	3782
3234	3792
3235	3796
3236	3805
3237	3856
3238	3909
3239	3913
3240	3924
3241	3959
3242	3987
3243	3998
3244	4046
3245	4060
3246	4134
3247	4143
3248	4146
3249	4162
3250	4221
3251	4961
3252	4962
3253	7469
3254	7791
3255	7857
3256	7878
3257	45
3258	169
3259	334
3260	662
3261	1107
3262	4255
3263	2237
3264	2281
3265	2311
3266	2326
3267	2332
3268	2373
3269	2382
3270	2393
3271	2399
3272	2422
3273	2427
3274	2429
3275	2433
3276	2460
3277	2464
3278	2487
3279	2492
3280	2498
3281	2550
3282	2568
3283	2588
3284	2604
3285	2641
3286	2642
3287	2657
3288	2659
3289	2663
3290	2679
3291	2705
3292	2920
3293	2940
3294	3085
3295	3088
3296	3096
3297	3101
3298	3119
3299	3193
3300	3207
3301	3259
3302	3263
3303	3266
3304	3268
3305	3270
3306	3280
3307	3295
3308	3325
3309	3360
3310	3444
3311	3461
3312	3488
3313	3541
3314	3554
3315	3569
3316	3572
3317	3576
3318	3583
3319	3611
3320	3663
3321	3673
3322	3678
3323	3730
3324	3735
3325	3773
3326	3787
3327	3790
3328	3801
3329	3811
3330	3821
3331	3824
3332	3836
3333	3847
3334	3898
3335	3903
3336	3933
3337	3964
3338	4018
3339	4031
3340	4038
3341	4051
3342	4075
3343	4108
3344	4175
3345	4194
3346	4231
3347	4404
3348	4805
3349	4883
3350	4938
3351	4939
3352	4811
3353	4812
3354	4814
3355	4828
3356	4831
3357	4937
3358	4940
3359	4943
3360	4946
3361	4985
3362	7462
3363	5365
3364	5471
3365	5670
3366	5747
3367	5773
3368	5862
3369	5875
3370	6065
3371	6359
3372	6372
3373	6490
3374	6541
3375	6796
3376	7026
3377	7459
3378	7742
3379	3030
3380	4277
3381	4319
3382	4325
3383	4328
3384	4334
3385	4348
3386	4366
3387	4387
3388	4415
3389	4832
3390	4833
3391	4874
3392	5034
3393	5048
3394	5050
3395	5055
3396	5057
3397	5074
3398	5082
3399	5097
3400	5098
3401	5101
3402	5107
3403	5127
3404	5129
3405	5134
3406	5136
3407	5137
3408	5141
3409	5149
3410	5151
3411	5152
3412	5153
3413	5158
3414	5162
3415	5165
3416	5167
3417	5168
3418	5172
3419	5174
3420	5176
3421	5181
3422	5190
3423	5191
3424	5192
3425	5194
3426	5198
3427	5199
3428	5204
3429	5205
3430	5207
3431	5212
3432	5218
3433	5220
3434	5224
3435	5230
3436	5243
3437	5247
3438	5249
3439	5262
3440	5265
3441	5267
3442	5268
3443	5274
3444	5277
3445	5282
3446	5283
3447	5290
3448	5296
3449	5297
3450	5298
3451	5299
3452	5310
3453	5313
3454	5323
3455	5326
3456	5330
3457	5344
3458	5349
3459	5368
3460	5370
3461	5377
3462	5386
3463	5394
3464	5397
3465	5404
3466	5409
3467	5415
3468	5421
3469	5436
3470	5447
3471	5460
3472	5485
3473	5494
3474	5495
3475	5505
3476	5507
3477	5508
3478	5515
3479	5517
3480	5534
3481	5548
3482	5551
3483	5561
3484	5581
3485	5583
3486	5584
3487	5589
3488	5590
3489	5605
3490	5610
3491	5622
3492	5635
3493	5654
3494	5655
3495	5662
3496	5664
3497	5677
3498	5683
3499	5697
3500	5714
3501	5716
3502	5718
3503	5720
3504	5734
3505	5736
3506	5755
3507	5764
3508	5765
3509	5768
3510	5769
3511	5771
3512	5775
3513	5776
3514	5778
3515	5785
3516	5787
3517	5790
3518	5798
3519	5800
3520	5805
3521	5807
3522	5816
3523	5825
3524	5833
3525	5847
3526	5879
3527	5880
3528	5889
3529	5894
3530	5907
3531	5908
3532	5924
3533	5931
3534	5935
3535	5951
3536	5952
3537	5953
3538	5955
3539	5956
3540	5958
3541	5959
3542	5960
3543	5961
3544	5962
3545	5968
3546	5974
3547	5986
3548	5987
3549	5989
3550	5990
3551	6013
3552	6021
3553	6032
3554	6057
3555	6070
3556	6073
3557	6074
3558	6076
3559	6078
3560	6079
3561	6084
3562	6096
3563	6141
3564	6142
3565	6158
3566	6181
3567	6182
3568	6202
3569	6203
3570	6215
3571	6220
3572	6223
3573	6240
3574	6245
3575	6247
3576	6255
3577	6260
3578	6264
3579	6268
3580	6277
3581	6288
3582	6290
3583	6304
3584	6308
3585	6330
3586	6336
3587	6339
3588	6341
3589	6394
3590	6401
3591	6407
3592	6408
3593	6421
3594	6422
3595	6446
3596	6452
3597	6507
3598	6508
3599	6564
3600	6569
3601	6603
3602	6609
3603	6648
3604	6659
3605	6687
3606	6699
3607	6706
3608	6746
3609	6815
3610	6825
3611	6832
3612	6835
3613	6847
3614	6924
3615	6937
3616	6999
3617	7015
3618	7042
3619	7068
3620	7078
3621	7107
3622	7129
3623	7265
3624	7429
3625	7431
3626	7569
3627	7620
3628	7647
3629	7696
3630	7787
3631	7807
3632	7823
3633	7874
3634	7883
3635	751
3636	826
3637	931
3638	1006
3639	1505
3640	1506
3641	1507
3642	1508
3643	1530
3644	1537
3645	1553
3646	1562
3647	1625
3648	1637
3649	1640
3650	2026
3651	2029
3652	2032
3653	2033
3654	2038
3655	2044
3656	2045
3657	2049
3658	2052
3659	2056
3660	2057
3661	2062
3662	2069
3663	2073
3664	2105
3665	2106
3666	2110
3667	2124
3668	2144
3669	2160
3670	2163
3671	2169
3672	2176
3673	2181
3674	2188
3675	2193
3676	2197
3677	2201
3678	2206
3679	2230
3680	2233
3681	2240
3682	2241
3683	2244
3684	2246
3685	2248
3686	2289
3687	2294
3688	2296
3689	2304
3690	2305
3691	2313
3692	2316
3693	2322
3694	2324
3695	2333
3696	2348
3697	2355
3698	2370
3699	2380
3700	2386
3701	2409
3702	2431
3703	2432
3704	2448
3705	2463
3706	2465
3707	2468
3708	2474
3709	2494
3710	2500
3711	2501
3712	2502
3713	2506
3714	2507
3715	2509
3716	2524
3717	2529
3718	2531
3719	2546
3720	2551
3721	2555
3722	2559
3723	2561
3724	2574
3725	2605
3726	2618
3727	2619
3728	2628
3729	2631
3730	2634
3731	2635
3732	2643
3733	2661
3734	2676
3735	2681
3736	2682
3737	2715
3738	2723
3739	2726
3740	2749
3741	2768
3742	2769
3743	2785
3744	2792
3745	2801
3746	2810
3747	2813
3748	2821
3749	2825
3750	2829
3751	2853
3752	2875
3753	2881
3754	2893
3755	2894
3756	2901
3757	2915
3758	2923
3759	2925
3760	2963
3761	2964
3762	2977
3763	2998
3764	3011
3765	3037
3766	3042
3767	3044
3768	3053
3769	3055
3770	3075
3771	3082
3772	3086
3773	3099
3774	3104
3775	3120
3776	3125
3777	3142
3778	3148
3779	3149
3780	3157
3781	3159
3782	3165
3783	3167
3784	3249
3785	3281
3786	3285
3787	3296
3788	3334
3789	3336
3790	3380
3791	3392
3792	3398
3793	3400
3794	3434
3795	3446
3796	3448
3797	3463
3798	3465
3799	3480
3800	3535
3801	3559
3802	3566
3803	3780
3804	3885
3805	3900
3806	3952
3807	3961
3808	3972
3809	4813
3810	4941
3811	4999
3812	6510
3813	6543
3814	6605
3815	7609
3816	7770
3817	7774
3818	7822
3819	7828
3820	7852
3821	7900
3822	132
3823	211
3824	266
3825	469
3826	551
3827	552
3828	637
3829	638
3830	641
3831	644
3832	645
3833	646
3834	647
3835	648
3836	649
3837	652
3838	654
3839	655
3840	656
3841	660
3842	663
3843	664
3844	666
3845	667
3846	673
3847	674
3848	675
3849	677
3850	680
3851	681
3852	682
3853	684
3854	686
3855	687
3856	688
3857	689
3858	690
3859	691
3860	692
3861	696
3862	698
3863	699
3864	703
3865	704
3866	705
3867	706
3868	709
3869	711
3870	712
3871	714
3872	719
3873	720
3874	721
3875	722
3876	723
3877	724
3878	725
3879	727
3880	746
3881	755
3882	761
3883	766
3884	772
3885	773
3886	785
3887	795
3888	807
3889	808
3890	811
3891	818
3892	858
3893	878
3894	895
3895	925
3896	934
3897	937
3898	938
3899	960
3900	966
3901	967
3902	973
3903	979
3904	982
3905	1004
3906	1012
3907	1056
3908	1072
3909	1075
3910	1114
3911	1136
3912	1162
3913	1173
3914	1181
3915	1215
3916	1232
3917	1260
3918	1261
3919	1271
3920	1426
3921	1441
3922	2410
3923	4810
3924	4942
3925	6598
3926	7564
3927	7
3928	11
3929	105
3930	107
3931	111
3932	115
3933	117
3934	119
3935	128
3936	133
3937	139
3938	144
3939	151
3940	152
3941	154
3942	155
3943	160
3944	162
3945	170
3946	174
3947	183
3948	184
3949	188
3950	193
3951	194
3952	197
3953	203
3954	212
3955	220
3956	229
3957	274
3958	279
3959	280
3960	293
3961	301
3962	303
3963	315
3964	322
3965	332
3966	339
3967	341
3968	344
3969	349
3970	7644
3971	7725
3972	7831
3973	7833
3974	7870
3975	7836
3976	7859
3977	7865
3978	7888
3979	7889
3980	15
3981	106
3982	130
3983	205
3984	505
3985	506
3986	538
3987	541
3988	543
3989	550
3990	634
3991	639
3992	640
3993	653
3994	657
3995	658
3996	661
3997	665
3998	668
3999	669
4000	671
4001	672
4002	676
4003	678
4004	700
4005	713
4006	716
4007	717
4008	757
4009	771
4010	775
4011	817
4012	885
4013	915
4014	957
4015	1016
4016	1028
4017	1041
4018	1106
4019	1201
4020	7616
4021	7633
4022	7813
4023	7814
4024	701
4025	985
4026	1108
4027	1229
4028	1238
4029	1335
4030	1557
4031	1821
4032	2108
4033	2149
4034	2573
4035	3185
4036	3364
4037	4033
4038	4049
4039	7784
4040	2183
4041	2256
4042	2268
4043	2358
4044	2435
4045	2459
4046	2461
4047	2526
4048	2564
4049	2577
4050	2615
4051	2701
4052	2851
4053	2984
4054	3003
4055	3038
4056	3127
4057	3172
4058	3232
4059	3260
4060	3379
4061	3454
4062	3467
4063	3759
4064	3965
4065	4114
4066	4154
4067	4279
4068	4412
4069	4414
4070	4462
4071	4654
4072	4886
4073	4968
4074	4973
4075	4976
4076	4980
4077	5273
4078	5287
4079	5478
4080	5522
4081	5553
4082	5572
4083	5686
4084	5854
4085	6008
4086	6054
4087	6189
4088	6227
4089	6257
4090	6289
4091	6301
4092	6425
4093	6700
4094	6952
4095	7033
4096	7210
4097	7228
4098	7250
4099	7565
4100	7566
4101	7655
4102	7665
4103	7668
4104	7782
4105	7788
4106	7817
4107	7832
4108	972
4109	989
4110	1101
4111	1190
4112	1216
4113	1220
4114	1245
4115	1303
4116	1536
4117	1795
4118	2078
4119	2083
4120	2101
4121	2226
4122	2234
4123	2315
4124	2388
4125	2438
4126	2549
4127	2597
4128	2617
4129	2645
4130	2648
4131	2760
4132	2765
4133	2828
4134	3023
4135	3174
4136	3240
4137	3245
4138	3265
4139	3312
4140	3416
4141	3496
4142	3513
4143	3582
4144	3629
4145	3630
4146	3817
4147	5252
4148	5698
4149	5806
4150	5808
4151	6091
4152	6423
4153	6424
4154	6427
4155	6428
4156	6800
4157	7166
4158	7251
4159	7433
4160	7904
4161	955
4162	1002
4163	1224
4164	1448
4165	1589
4166	1591
4167	1642
4168	1950
4169	2243
4170	2264
4171	2385
4172	2687
4173	2950
4174	2955
4175	3251
4176	3383
4177	3551
4178	3934
4179	4056
4180	4156
4181	4286
4182	4287
4183	4302
4184	4313
4185	4317
4186	4318
4187	4343
4188	4347
4189	4369
4190	4391
4191	4696
4192	4790
4193	5051
4194	5084
4195	5121
4196	5143
4197	5150
4198	5161
4199	5211
4200	5225
4201	5226
4202	5256
4203	5288
4204	5302
4205	5345
4206	5360
4207	5393
4208	5422
4209	5424
4210	5449
4211	5458
4212	5463
4213	5466
4214	5487
4215	5488
4216	5556
4217	5568
4218	5575
4219	5586
4220	5608
4221	5627
4222	5713
4223	5735
4224	5745
4225	5789
4226	5815
4227	5849
4228	5861
4229	5866
4230	5873
4231	5876
4232	5893
4233	5921
4234	5942
4235	5949
4236	5981
4237	5988
4238	6009
4239	6035
4240	6036
4241	6051
4242	6058
4243	6126
4244	6135
4245	6140
4246	6146
4247	6147
4248	6149
4249	6153
4250	6159
4251	6168
4252	6173
4253	6192
4254	6225
4255	6235
4256	6305
4257	6310
4258	6314
4259	6318
4260	6356
4261	6360
4262	6370
4263	6413
4264	6431
4265	6432
4266	6433
4267	6436
4268	6509
4269	6530
4270	6613
4271	6660
4272	6692
4273	6707
4274	6710
4275	6731
4276	6751
4277	6760
4278	6781
4279	6786
4280	6795
4281	6798
4282	6799
4283	6817
4284	6840
4285	6858
4286	6859
4287	6867
4288	6876
4289	6899
4290	6906
4291	6918
4292	6927
4293	6961
4294	6966
4295	6968
4296	7010
4297	7011
4298	7016
4299	7020
4300	7037
4301	7045
4302	7072
4303	7075
4304	7094
4305	7100
4306	7128
4307	7135
4308	7140
4309	7239
4310	7243
4311	7271
4312	7278
4313	7317
4314	7328
4315	7712
4316	7835
4317	7866
4318	366
4319	496
4320	542
4321	570
4322	842
4323	849
4324	884
4325	994
4326	1010
4327	1020
4328	1076
4329	1110
4330	1120
4331	1155
4332	1167
4333	1205
4334	1291
4335	1342
4336	1375
4337	1385
4338	1423
4339	1427
4340	1542
4341	1544
4342	1547
4343	2114
4344	2159
4345	2162
4346	2170
4347	2173
4348	2180
4349	2209
4350	2272
4351	2303
4352	2323
4353	2349
4354	2412
4355	2424
4356	2428
4357	2444
4358	2447
4359	2471
4360	2519
4361	2563
4362	2589
4363	2613
4364	2620
4365	2693
4366	2734
4367	2774
4368	2798
4369	2812
4370	2850
4371	2874
4372	2914
4373	2931
4374	3016
4375	3105
4376	3121
4377	3143
4378	3153
4379	3195
4380	3205
4381	3215
4382	3218
4383	3221
4384	3236
4385	3239
4386	3253
4387	3257
4388	3274
4389	3286
4390	3287
4391	3330
4392	3370
4393	3437
4394	3455
4395	3462
4396	3512
4397	3542
4398	3563
4399	3577
4400	3634
4401	3637
4402	3693
4403	3774
4404	3789
4405	3838
4406	3839
4407	3865
4408	3989
4409	4011
4410	4061
4411	4153
4412	4165
4413	4213
4414	4284
4415	4298
4416	4316
4417	4321
4418	4997
4419	5229
4420	5233
4421	5242
4422	5311
4423	5341
4424	5358
4425	5362
4426	5371
4427	5379
4428	5396
4429	5472
4430	5476
4431	5527
4432	5570
4433	5604
4434	5663
4435	5674
4436	5696
4437	5701
4438	5706
4439	5719
4440	6046
4441	6112
4442	6129
4443	6133
4444	6267
4445	6269
4446	6275
4447	6306
4448	6313
4449	6333
4450	6366
4451	6406
4452	6419
4453	6458
4454	6462
4455	6631
4456	6634
4457	6650
4458	6702
4459	6734
4460	6756
4461	6758
4462	6764
4463	6767
4464	6789
4465	6820
4466	6882
4467	6897
4468	6904
4469	6919
4470	6929
4471	6963
4472	7041
4473	7046
4474	7088
4475	7179
4476	7232
4477	7245
4478	7261
4479	7308
4480	7312
4481	7379
4482	7389
4483	7398
4484	7499
4485	7691
4486	7701
4487	7709
4488	7719
4489	7811
4490	7908
4491	121
4492	134
4493	244
4494	290
4495	306
4496	346
4497	600
4498	643
4499	702
4500	784
4501	806
4502	855
4503	871
4504	872
4505	899
4506	997
4507	1019
4508	1025
4509	1119
4510	1170
4511	1180
4512	1200
4513	1217
4514	1270
4515	1280
4516	1302
4517	1384
4518	1405
4519	1449
4520	1451
4521	1476
4522	1509
4523	1511
4524	1514
4525	1516
4526	1517
4527	1518
4528	1519
4529	1524
4530	1538
4531	1540
4532	1545
4533	1549
4534	1551
4535	1554
4536	1555
4537	1569
4538	1570
4539	1578
4540	1579
4541	1581
4542	1590
4543	1595
4544	1601
4545	1607
4546	1610
4547	1611
4548	1613
4549	1619
4550	1627
4551	1631
4552	1641
4553	1731
4554	2004
4555	2018
4556	2024
4557	2047
4558	2077
4559	2084
4560	2089
4561	2093
4562	2096
4563	2097
4564	2099
4565	2104
4566	2112
4567	2118
4568	2129
4569	2133
4570	2139
4571	2140
4572	2141
4573	2145
4574	2152
4575	2191
4576	2196
4577	2205
4578	2207
4579	2211
4580	2213
4581	2216
4582	2221
4583	2224
4584	2235
4585	2249
4586	2252
4587	2253
4588	2262
4589	2267
4590	2290
4591	2292
4592	2306
4593	2308
4594	2327
4595	2335
4596	2336
4597	2337
4598	2345
4599	2356
4600	2360
4601	2367
4602	2390
4603	2397
4604	2407
4605	2408
4606	2413
4607	2420
4608	2430
4609	2442
4610	2462
4611	2473
4612	2495
4613	2521
4614	2522
4615	2545
4616	2552
4617	2553
4618	2572
4619	2600
4620	2603
4621	2607
4622	2650
4623	2664
4624	2671
4625	2678
4626	2683
4627	2685
4628	2730
4629	2731
4630	2732
4631	2736
4632	2738
4633	2757
4634	2764
4635	2780
4636	2781
4637	2784
4638	2791
4639	2795
4640	2799
4641	2819
4642	2832
4643	2833
4644	2838
4645	2857
4646	2859
4647	2867
4648	2876
4649	2877
4650	2908
4651	2910
4652	2918
4653	2942
4654	2946
4655	2949
4656	2954
4657	2969
4658	2972
4659	2976
4660	2979
4661	2983
4662	3000
4663	3026
4664	3033
4665	3034
4666	3045
4667	3049
4668	3052
4669	3059
4670	3062
4671	3067
4672	3100
4673	3109
4674	3115
4675	3133
4676	3138
4677	3162
4678	3163
4679	3169
4680	3175
4681	3194
4682	3211
4683	3219
4684	3222
4685	3227
4686	3235
4687	3241
4688	3242
4689	3255
4690	3283
4691	3288
4692	3290
4693	3299
4694	3306
4695	3331
4696	3332
4697	3342
4698	3352
4699	3359
4700	3371
4701	3381
4702	3396
4703	3426
4704	3430
4705	3436
4706	3441
4707	3442
4708	3466
4709	3469
4710	3471
4711	3472
4712	3486
4713	3487
4714	3506
4715	3507
4716	3546
4717	3568
4718	3584
4719	3591
4720	3596
4721	3598
4722	3600
4723	3605
4724	3615
4725	3638
4726	3639
4727	3645
4728	3653
4729	3664
4730	3670
4731	3674
4732	3675
4733	3676
4734	3682
4735	3685
4736	3707
4737	3709
4738	3733
4739	3734
4740	3758
4741	3768
4742	3769
4743	3776
4744	3779
4745	3791
4746	3793
4747	3794
4748	3803
4749	3804
4750	3816
4751	3827
4752	3828
4753	3835
4754	3842
4755	3854
4756	3902
4757	3916
4758	3920
4759	3928
4760	3937
4761	3951
4762	3978
4763	3996
4764	4025
4765	4029
4766	4069
4767	4077
4768	4083
4769	4093
4770	4130
4771	4135
4772	4138
4773	4252
4774	4371
4775	4829
4776	4878
4777	4887
4778	4920
4779	4922
4780	4924
4781	4960
4782	4965
4783	4969
4784	4975
4785	4981
4786	4993
4787	4994
4788	7502
4789	7681
4790	7821
4791	7896
4792	245
4793	281
4794	294
4795	335
4796	507
4797	511
4798	536
4799	540
4800	544
4801	635
4802	875
4803	968
4804	971
4805	1032
4806	1034
4807	1080
4808	1116
4809	1157
4810	1278
4811	1283
4812	1327
4813	1388
4814	1422
4815	1523
4816	1526
4817	1531
4818	1552
4819	1566
4820	1584
4821	1593
4822	1594
4823	1598
4824	1608
4825	1612
4826	1616
4827	1695
4828	1957
4829	2005
4830	2022
4831	2031
4832	2063
4833	2102
4834	2117
4835	2121
4836	2126
4837	2131
4838	2134
4839	2151
4840	2157
4841	2164
4842	2172
4843	2269
4844	2286
4845	2307
4846	2330
4847	2334
4848	2339
4849	2368
4850	2411
4851	2414
4852	2457
4853	2478
4854	2535
4855	2542
4856	2578
4857	2591
4858	2596
4859	2598
4860	2602
4861	2654
4862	2666
4863	2689
4864	2707
4865	2718
4866	2743
4867	2746
4868	2782
4869	2797
4870	2804
4871	2862
4872	2869
4873	2911
4874	2912
4875	2951
4876	2953
4877	2982
4878	2994
4879	3019
4880	3028
4881	3050
4882	3057
4883	3060
4884	3078
4885	3080
4886	3092
4887	3093
4888	3106
4889	3134
4890	3152
4891	3173
4892	3201
4893	3212
4894	3213
4895	3225
4896	3244
4897	3271
4898	3276
4899	3318
4900	3340
4901	3355
4902	3382
4903	3384
4904	3401
4905	3405
4906	3407
4907	3418
4908	3438
4909	3457
4910	3474
4911	3483
4912	3497
4913	3510
4914	3515
4915	3521
4916	3522
4917	3531
4918	3536
4919	3553
4920	3556
4921	3575
4922	3581
4923	3586
4924	3588
4925	3589
4926	3594
4927	3599
4928	3601
4929	3603
4930	3608
4931	3616
4932	3623
4933	3627
4934	3633
4935	3659
4936	3671
4937	3699
4938	3724
4939	3726
4940	3738
4941	3831
4942	3833
4943	3849
4944	3859
4945	3871
4946	3957
4947	3967
4948	4145
4949	4151
4950	4159
4951	4193
4952	4207
4953	4210
4954	4239
4955	4240
4956	4260
4957	7212
4958	7641
4959	7778
4960	7792
4961	7840
4962	7842
4963	7849
4964	24
4965	137
4966	253
4967	269
4968	305
4969	762
4970	845
4971	948
4972	1023
4973	1031
4974	1051
4975	1097
4976	1139
4977	1202
4978	1532
4979	1565
4980	1568
4981	1620
4982	2059
4983	2195
4984	2218
4985	2258
4986	2533
4987	2675
4988	2684
4989	2711
4990	2883
4991	2966
4992	2973
4993	2981
4994	3107
4995	3404
4996	3449
4997	3493
4998	3509
4999	3525
5000	3648
5001	3778
5002	3830
5003	3932
5004	3979
5005	4087
5006	4189
5007	4197
5008	7211
5009	7881
5010	7901
5011	557
5012	651
5013	741
5014	744
5015	758
5016	820
5017	868
5018	978
5019	1043
5020	1085
5021	1088
5022	1103
5023	1121
5024	1132
5025	1262
5026	1305
5027	1420
5028	2120
5029	2257
5030	2419
5031	3009
5032	3323
5033	3410
5034	3485
5035	3530
5036	3656
5037	3701
5038	3745
5039	3820
5040	4012
5041	4110
5042	4123
5043	4214
5044	4335
5045	4349
5046	4365
5047	4372
5048	4375
5049	4396
5050	4590
5051	4844
5052	4876
5053	5175
5054	5295
5055	5552
5056	5640
5057	5657
5058	5890
5059	5940
5060	5946
5061	5950
5062	5993
5063	6006
5064	6017
5065	6067
5066	6193
5067	6266
5068	6272
5069	6273
5070	6297
5071	6299
5072	6321
5073	6344
5074	6346
5075	6355
5076	6357
5077	6365
5078	6374
5079	6386
5080	6396
5081	6412
5082	6418
5083	6438
5084	6439
5085	6445
5086	6454
5087	6457
5088	6461
5089	6466
5090	6478
5091	6513
5092	6582
5093	6604
5094	6629
5095	6636
5096	6787
5097	6818
5098	6827
5099	6836
5100	6938
5101	6940
5102	7012
5103	7027
5104	7082
5105	7117
5106	7120
5107	7163
5108	7170
5109	7201
5110	7246
5111	7247
5112	7299
5113	7309
5114	7339
5115	7346
5116	7384
5117	7404
5118	7446
5119	7727
5120	7745
5121	7816
5122	7847
5123	7885
5124	204
5125	231
5126	261
5127	342
5128	545
5129	548
5130	747
5131	840
5132	951
5133	1009
5134	1090
5135	1231
5136	1237
5137	1244
5138	1425
5139	2076
5140	4995
5141	7650
5142	7751
5143	7819
5144	7837
5145	630
5146	1354
5147	2058
5148	2143
5149	3252
5150	3646
5151	4293
5152	4357
5153	4378
5154	4418
5155	4419
5156	4424
5157	4921
5158	4929
5159	4974
5160	4983
5161	5111
5162	5146
5163	5159
5164	5180
5165	5216
5166	5286
5167	5343
5168	5350
5169	5366
5170	5382
5171	5399
5172	5427
5173	5470
5174	5474
5175	5489
5176	5531
5177	5567
5178	5650
5179	5673
5180	5687
5181	5830
5182	5855
5183	5858
5184	5867
5185	5877
5186	5902
5187	5911
5188	5971
5189	6022
5190	6033
5191	6048
5192	6066
5193	6069
5194	6121
5195	6136
5196	6163
5197	6172
5198	6176
5199	6252
5200	6256
5201	6270
5202	6302
5203	6303
5204	6319
5205	6326
5206	6349
5207	6426
5208	6429
5209	6441
5210	6514
5211	6632
5212	6682
5213	6709
5214	6748
5215	6754
5216	6773
5217	6790
5218	6803
5219	6830
5220	6862
5221	6887
5222	6992
5223	7006
5224	7009
5225	7014
5226	7038
5227	7050
5228	7053
5229	7054
5230	7066
5231	7073
5232	7086
5233	7099
5234	7105
5235	7118
5236	7301
5237	7306
5238	7318
5239	7416
5240	7425
5241	7473
5242	7689
5243	53
5244	191
5245	324
5246	353
5247	376
5248	769
5249	809
5250	1027
5251	1175
5252	1194
5253	1206
5254	1286
5255	1513
5256	2050
5257	2130
5258	2287
5259	2288
5260	2361
5261	2469
5262	2582
5263	2680
5264	2694
5265	2852
5266	3074
5267	3103
5268	3224
5269	3302
5270	3320
5271	3450
5272	3456
5273	3491
5274	3498
5275	3555
5276	3558
5277	3617
5278	3647
5279	3910
5280	3960
5281	4331
5282	4837
5283	4875
5284	4881
5285	4912
5286	4913
5287	4971
5288	4972
5289	4986
5290	4987
5291	5008
5292	5147
5293	5222
5294	5281
5295	5334
5296	5356
5297	5363
5298	5388
5299	5721
5300	5802
5301	5870
5302	5930
5303	6047
5304	6056
5305	6139
5306	6177
5307	6229
5308	6238
5309	6307
5310	6354
5311	6957
5312	6988
5313	7032
5314	7035
5315	7302
5316	7371
5317	7505
5318	7839
5319	770
5320	870
5321	881
5322	984
5323	1079
5324	1251
5325	1395
5326	4996
5327	7464
5328	7661
5329	7731
5330	7804
5331	319
5332	3752
5333	5690
5334	6309
5335	157
5336	222
5337	300
5338	307
5339	369
5340	476
5341	513
5342	521
5343	523
5344	529
5345	537
5346	553
5347	564
5348	683
5349	710
5350	786
5351	793
5352	799
5353	827
5354	828
5355	830
5356	834
5357	874
5358	877
5359	911
5360	912
5361	914
5362	919
5363	179
5364	273
5365	283
5366	941
5367	945
5368	993
5369	1040
5370	1054
5371	1063
5372	1118
5373	1123
5374	1126
5375	1129
5376	1164
5377	1183
5378	1191
5379	1192
5380	1197
5381	1235
5382	1240
5383	1241
5384	1243
5385	1246
5386	1279
5387	1288
5388	1300
5389	1317
5390	1333
5391	1340
5392	1377
5393	1386
5394	1421
5395	1424
5396	1437
5397	1458
5398	1475
5399	1546
5400	1556
5401	1563
5402	1596
5403	1599
5404	1706
5405	1861
5406	1988
5407	2054
5408	2138
5409	2156
5410	2165
5411	2168
5412	2284
5413	2298
5414	2312
5415	2362
5416	2383
5417	2384
5418	2396
5419	2425
5420	2443
5421	2484
5422	2486
5423	2496
5424	2515
5425	2530
5426	2534
5427	2544
5428	2557
5429	2570
5430	2651
5431	2670
5432	2712
5433	2735
5434	2815
5435	2844
5436	2848
5437	2865
5438	2878
5439	2895
5440	3005
5441	3022
5442	3031
5443	3032
5444	3064
5445	3084
5446	3124
5447	3141
5448	3151
5449	3154
5450	3179
5451	3246
5452	3269
5453	3297
5454	3333
5455	3419
5456	3435
5457	3443
5458	3452
5459	3458
5460	3494
5461	3543
5462	3545
5463	3560
5464	3564
5465	3580
5466	3590
5467	3632
5468	3642
5469	3680
5470	3748
5471	3771
5472	3777
5473	3837
5474	3862
5475	3914
5476	4050
5477	4054
5478	4063
5479	4111
5480	4211
5481	4238
5482	4256
5483	4278
5484	4296
5485	4309
5486	4310
5487	4311
5488	4312
5489	4315
5490	4326
5491	4330
5492	4333
5493	4340
5494	4350
5495	4351
5496	4363
5497	4383
5498	4385
5499	4392
5500	4407
5501	4420
5502	4421
5503	4422
5504	4445
5505	4451
5506	4458
5507	4555
5508	4691
5509	4788
5510	4796
5511	4948
5512	5029
5513	5054
5514	5085
5515	5148
5516	5154
5517	5177
5518	5185
5519	5188
5520	5195
5521	5196
5522	5206
5523	5217
5524	5234
5525	5237
5526	5245
5527	5248
5528	5250
5529	5260
5530	5278
5531	5279
5532	5280
5533	5303
5534	5305
5535	5317
5536	5325
5537	5333
5538	5347
5539	5361
5540	5367
5541	5375
5542	5378
5543	5385
5544	5387
5545	5389
5546	5390
5547	5391
5548	5402
5549	5405
5550	5408
5551	5419
5552	5423
5553	5433
5554	5438
5555	5441
5556	5467
5557	5479
5558	5480
5559	5500
5560	5506
5561	5510
5562	5511
5563	5513
5564	5514
5565	5532
5566	5542
5567	5544
5568	5560
5569	5571
5570	5579
5571	5591
5572	5599
5573	5612
5574	5619
5575	5637
5576	5638
5577	5659
5578	5666
5579	5671
5580	5691
5581	5695
5582	5703
5583	5704
5584	5708
5585	5726
5586	5733
5587	5750
5588	5753
5589	5754
5590	5759
5591	5788
5592	5791
5593	5823
5594	5829
5595	5837
5596	5850
5597	5881
5598	5885
5599	5896
5600	5899
5601	5909
5602	5928
5603	5936
5604	5943
5605	5957
5606	5975
5607	5980
5608	5991
5609	6011
5610	6024
5611	6027
5612	6044
5613	6062
5614	6064
5615	6080
5616	6090
5617	6097
5618	6108
5619	6110
5620	6111
5621	6117
5622	6122
5623	6128
5624	6131
5625	6145
5626	6150
5627	6171
5628	6175
5629	6178
5630	6184
5631	6185
5632	6186
5633	6191
5634	6198
5635	6199
5636	6200
5637	6201
5638	6212
5639	6219
5640	6230
5641	6236
5642	6243
5643	6249
5644	6254
5645	6274
5646	6276
5647	6283
5648	6287
5649	6292
5650	6296
5651	6300
5652	6316
5653	6317
5654	6325
5655	6348
5656	6369
5657	6375
5658	6382
5659	6389
5660	6393
5661	6414
5662	6416
5663	6434
5664	6435
5665	6451
5666	6517
5667	6520
5668	6525
5669	6585
5670	6587
5671	6595
5672	6606
5673	6614
5674	6661
5675	6670
5676	6671
5677	6685
5678	6708
5679	6721
5680	6727
5681	6735
5682	6738
5683	6739
5684	6742
5685	6744
5686	6749
5687	6752
5688	6757
5689	6766
5690	6768
5691	6770
5692	6778
5693	6782
5694	6783
5695	6784
5696	6791
5697	6804
5698	6805
5699	6814
5700	6826
5701	6838
5702	6839
5703	6841
5704	6845
5705	6846
5706	6851
5707	6856
5708	6857
5709	6860
5710	6869
5711	6872
5712	6874
5713	6877
5714	6883
5715	6888
5716	6895
5717	6912
5718	6913
5719	6915
5720	6922
5721	6923
5722	6925
5723	6928
5724	6933
5725	6934
5726	6947
5727	6951
5728	6953
5729	6958
5730	6960
5731	6965
5732	6969
5733	6970
5734	6972
5735	6976
5736	6980
5737	6983
5738	6991
5739	6995
5740	7005
5741	7013
5742	7021
5743	7034
5744	7036
5745	7040
5746	7056
5747	7058
5748	7060
5749	7062
5750	7069
5751	7077
5752	7080
5753	7084
5754	7112
5755	7121
5756	7123
5757	7127
5758	7136
5759	7142
5760	7148
5761	7152
5762	7155
5763	7161
5764	7225
5765	7230
5766	7249
5767	7260
5768	7264
5769	7270
5770	7284
5771	7287
5772	7292
5773	7297
5774	7300
5775	7323
5776	7350
5777	7358
5778	7366
5779	7382
5780	7422
5781	7428
5782	7437
5783	7447
5784	7468
5785	7498
5786	7500
5787	7519
5788	7614
5789	7695
5790	7724
5791	7737
5792	7743
5793	7783
5794	7803
5795	7808
5796	7810
5797	7818
5798	7884
5799	591
5800	620
5801	626
5802	754
5803	861
5804	1066
5805	1131
5806	1148
5807	1174
5808	1219
5809	1276
5810	1282
5811	1383
5812	1389
5813	1494
5814	1498
5815	1603
5816	1606
5817	1677
5818	1679
5819	1696
5820	1698
5821	1700
5822	1716
5823	1723
5824	1733
5825	1757
5826	1766
5827	1771
5828	1776
5829	1779
5830	1780
5831	1782
5832	1785
5833	1796
5834	1826
5835	1840
5836	1856
5837	1867
5838	1880
5839	1888
5840	1903
5841	1911
5842	1920
5843	1940
5844	1954
5845	1955
5846	1959
5847	1963
5848	1981
5849	1997
5850	1999
5851	2440
5852	2489
5853	2503
5854	2547
5855	2576
5856	2639
5857	2692
5858	2710
5859	2858
5860	2922
5861	2928
5862	2929
5863	2936
5864	3160
5865	3413
5866	3468
5867	3524
5868	3526
5869	3679
5870	3683
5871	3760
5872	3818
5873	4001
5874	4034
5875	4190
5876	4205
5877	7439
5878	7626
5879	7800
5880	733
5881	810
5882	7855
5883	110
5884	153
5885	221
5886	235
5887	260
5888	264
5889	289
5890	363
5891	471
5892	477
5893	525
5894	532
5895	563
5896	568
5897	737
5898	777
5899	846
5900	852
5901	940
5902	980
5903	1055
5904	1062
5905	1213
5906	1338
5907	1402
5908	1447
5909	1464
5910	1469
5911	1521
5912	1534
5913	1628
5914	1652
5915	1730
5916	1810
5917	1815
5918	1863
5919	1864
5920	1886
5921	1896
5922	1914
5923	1949
5924	2070
5925	2177
5926	2250
5927	2372
5928	2391
5929	2437
5930	2475
5931	2491
5932	2592
5933	2636
5934	2677
5935	2786
5936	2794
5937	2817
5938	2827
5939	2839
5940	2840
5941	2921
5942	2937
5943	2944
5944	2948
5945	2952
5946	2962
5947	2970
5948	3046
5949	3066
5950	3150
5951	3233
5952	3275
5953	3294
5954	3301
5955	3322
5956	3326
5957	3327
5958	3328
5959	3329
5960	3348
5961	3365
5962	3399
5963	3406
5964	3415
5965	3427
5966	3624
5967	3644
5968	3688
5969	3783
5970	3799
5971	3846
5972	3853
5973	3860
5974	3863
5975	3873
5976	3874
5977	3895
5978	3955
5979	3966
5980	3971
5981	3976
5982	4043
5983	4066
5984	4102
5985	4103
5986	4142
5987	4147
5988	4148
5989	4163
5990	4166
5991	4178
5992	4196
5993	4203
5994	4227
5995	4232
5996	4266
5997	4267
5998	4307
5999	4361
6000	4364
6001	4393
6002	4403
6003	4409
6004	4426
6005	4429
6006	4434
6007	4436
6008	4441
6009	4443
6010	4446
6011	4463
6012	4475
6013	4481
6014	4484
6015	4489
6016	4490
6017	4495
6018	4498
6019	4500
6020	4502
6021	4506
6022	4507
6023	4510
6024	4512
6025	4514
6026	4517
6027	4523
6028	4526
6029	4528
6030	4529
6031	4536
6032	4543
6033	4545
6034	4546
6035	4548
6036	4553
6037	4558
6038	4566
6039	4567
6040	4568
6041	4573
6042	4594
6043	4604
6044	4605
6045	4609
6046	4614
6047	4619
6048	4631
6049	4645
6050	4646
6051	4647
6052	4649
6053	4655
6054	4658
6055	4660
6056	4666
6057	4673
6058	4674
6059	4675
6060	4680
6061	4685
6062	4686
6063	4688
6064	4697
6065	4700
6066	4702
6067	4704
6068	4706
6069	4709
6070	4712
6071	4713
6072	4714
6073	4715
6074	4717
6075	4725
6076	4731
6077	4735
6078	4747
6079	4752
6080	4753
6081	4756
6082	4766
6083	4771
6084	4775
6085	4776
6086	4779
6087	4782
6088	4787
6089	4797
6090	4800
6091	4802
6092	4842
6093	4843
6094	4848
6095	4850
6096	4851
6097	4864
6098	4866
6099	4870
6100	4871
6101	4927
6102	4953
6103	4990
6104	4991
6105	5024
6106	5038
6107	5166
6108	5200
6109	5208
6110	5289
6111	5301
6112	5304
6113	5351
6114	5353
6115	5355
6116	5359
6117	5410
6118	5437
6119	5451
6120	5492
6121	5499
6122	5512
6123	5529
6124	5543
6125	5588
6126	5596
6127	5598
6128	5624
6129	5688
6130	5737
6131	5740
6132	5743
6133	5748
6134	5760
6135	5780
6136	5814
6137	5832
6138	5846
6139	5856
6140	5864
6141	5871
6142	5872
6143	5895
6144	5912
6145	5995
6146	6007
6147	6018
6148	6038
6149	6041
6150	6045
6151	6071
6152	6092
6153	6095
6154	6098
6155	6151
6156	6155
6157	6156
6158	6179
6159	6195
6160	6228
6161	6234
6162	6239
6163	6271
6164	6291
6165	6293
6166	6332
6167	6334
6168	6409
6169	6442
6170	6453
6171	6459
6172	6491
6173	6515
6174	6531
6175	6540
6176	6544
6177	6548
6178	6557
6179	6578
6180	6584
6181	6591
6182	6597
6183	6599
6184	6611
6185	6615
6186	6616
6187	6625
6188	6628
6189	6640
6190	6641
6191	6672
6192	6772
6193	6776
6194	6801
6195	6806
6196	6812
6197	6853
6198	6864
6199	6886
6200	6901
6201	6903
6202	6943
6203	6945
6204	6949
6205	6967
6206	7004
6207	7043
6208	7052
6209	7064
6210	7096
6211	7113
6212	7124
6213	7134
6214	7137
6215	7173
6216	7176
6217	7188
6218	7200
6219	7219
6220	7221
6221	7226
6222	7227
6223	7229
6224	7274
6225	7280
6226	7283
6227	7291
6228	7298
6229	7313
6230	7336
6231	7337
6232	7347
6233	7370
6234	7372
6235	7375
6236	7387
6237	7395
6238	7396
6239	7399
6240	7402
6241	7418
6242	7432
6243	7434
6244	7440
6245	7442
6246	7506
6247	7507
6248	7511
6249	7512
6250	7514
6251	7516
6252	7522
6253	7524
6254	7526
6255	7527
6256	7541
6257	7560
6258	7582
6259	7591
6260	7598
6261	7732
6262	7757
6263	58
6264	66
6265	75
6266	77
6267	81
6268	90
6269	101
6270	131
6271	167
6272	195
6273	206
6274	209
6275	225
6276	248
6277	252
6278	292
6279	295
6280	320
6281	377
6282	582
6283	596
6284	918
6285	1057
6286	1172
6287	1196
6288	1198
6289	1242
6290	1255
6291	1257
6292	1311
6293	1371
6294	1394
6295	1522
6296	1586
6297	1604
6298	1917
6299	1952
6300	2423
6301	2480
6302	2926
6303	2968
6304	3476
6305	3479
6306	3747
6307	3802
6308	4630
6309	5784
6310	5938
6311	6379
6312	6994
6313	7257
6314	7607
6315	7643
6316	7685
6317	7718
6318	7872
6319	1672
6320	1703
6321	1709
6322	1748
6323	1873
6324	1915
6325	1943
6326	1947
6327	2220
6328	2843
6329	3015
6330	3894
6331	4019
6332	4308
6333	4386
6334	4405
6335	4428
6336	4432
6337	4440
6338	4472
6339	4476
6340	4482
6341	4485
6342	4487
6343	4494
6344	4501
6345	4513
6346	4515
6347	4516
6348	4522
6349	4525
6350	4535
6351	4537
6352	4540
6353	4541
6354	4563
6355	4564
6356	4571
6357	4574
6358	4596
6359	4598
6360	4601
6361	4613
6362	4615
6363	4621
6364	4626
6365	4628
6366	4632
6367	4633
6368	4637
6369	4638
6370	4639
6371	4640
6372	4641
6373	4650
6374	4653
6375	4656
6376	4667
6377	4676
6378	4678
6379	4681
6380	4682
6381	4683
6382	4687
6383	4690
6384	4695
6385	4703
6386	4711
6387	4720
6388	4721
6389	4724
6390	4726
6391	4727
6392	4728
6393	4737
6394	4740
6395	4745
6396	4755
6397	4757
6398	4758
6399	4759
6400	4762
6401	4763
6402	4774
6403	4781
6404	4784
6405	4785
6406	4793
6407	4849
6408	4854
6409	4865
6410	4907
6411	4908
6412	4949
6413	5109
6414	5400
6415	5429
6416	5462
6417	5606
6418	5644
6419	5730
6420	5757
6421	5761
6422	5766
6423	5783
6424	5813
6425	5882
6426	5904
6427	5948
6428	5994
6429	5997
6430	6002
6431	6014
6432	6030
6433	6061
6434	6148
6435	6164
6436	6180
6437	6206
6438	6207
6439	6222
6440	6558
6441	6559
6442	6594
6443	6656
6444	6828
6445	6898
6446	6921
6447	7018
6448	7070
6449	7095
6450	7126
6451	7189
6452	7324
6453	7332
6454	7335
6455	7341
6456	7342
6457	7445
6458	7517
6459	6624
6460	6626
6461	7181
6462	7222
6463	7224
6464	7262
6465	7277
6466	7282
6467	7311
6468	7373
6469	7386
6470	7392
6471	7403
6472	7513
6473	6016
6474	6170
6475	6253
6476	6327
6477	6539
6478	6545
6479	6571
6480	6590
6481	6621
6482	6622
6483	6627
6484	6849
6485	6894
6486	7061
6487	7065
6488	7074
6489	7114
6490	7198
6491	7244
6492	7259
6493	7263
6494	7269
6495	7290
6496	7304
6497	7365
6498	7575
6499	3308
6500	3408
6501	4064
6502	2814
6503	3168
6504	3231
6505	3655
6506	4246
6507	4384
6508	4389
6509	4889
6510	99
6511	28
6512	249
6513	250
6514	494
6515	533
6516	730
6517	740
6518	749
6519	788
6520	790
6521	816
6522	844
6523	860
6524	864
6525	898
6526	926
6527	977
6528	1026
6529	1074
6530	1124
6531	1127
6532	1166
6533	1272
6534	1292
6535	1349
6536	7897
6537	4894
6538	180
6539	4836
6540	7617
6541	7750
6542	196
6543	230
6544	254
6545	302
6546	396
6547	3661
6548	4891
6549	4892
6550	201
6551	311
6552	7699
6553	485
6554	531
6555	555
6556	556
6557	573
6558	628
6559	794
6560	863
6561	891
6562	905
6563	924
6564	942
6565	944
6566	988
6567	1013
6568	1014
6569	1064
6570	1150
6571	1153
6572	1187
6573	1267
6574	1310
6575	1322
6576	1381
6577	1512
6578	1528
6579	2127
6580	2187
6581	2232
6582	2242
6583	2254
6584	2291
6585	2309
6586	2329
6587	2369
6588	2381
6589	2466
6590	2508
6591	2511
6592	2556
6593	2601
6594	2612
6595	2637
6596	2646
6597	2688
6598	2725
6599	2729
6600	2740
6601	2754
6602	2771
6603	2790
6604	2811
6605	2868
6606	2873
6607	2880
6608	2957
6609	2992
6610	2993
6611	3017
6612	3072
6613	3111
6614	3114
6615	3126
6616	3171
6617	3176
6618	3177
6619	3183
6620	3204
6621	3289
6622	3353
6623	3625
6624	3657
6625	3728
6626	3798
6627	3809
6628	3819
6629	3844
6630	3921
6631	3940
6632	3942
6633	3988
6634	4048
6635	4096
6636	4126
6637	4195
6638	4275
6639	4285
6640	4382
6641	5566
6642	5642
6643	6165
6644	6261
6645	6395
6646	7321
6647	7669
6648	7760
6649	4838
6650	4225
6651	4872
6652	726
6653	4427
6654	4586
6655	4895
6656	4896
6657	7207
6658	7351
6659	7414
6660	7486
6661	7532
6662	7545
6663	7590
6664	7605
6665	7706
6666	7738
6667	4934
6668	4935
6669	4936
6670	4944
6671	5004
6672	5023
6673	5036
6674	6496
6675	7410
6676	7530
6677	7547
6678	7561
6679	7568
6680	7570
6681	7571
6682	4984
6683	7580
6684	125
6685	181
6686	218
6687	239
6688	257
6689	327
6690	329
6691	343
6692	359
6693	365
6694	546
6695	812
6696	832
6697	843
6698	900
6699	913
6700	922
6701	923
6702	961
6703	1035
6704	1044
6705	1058
6706	1212
6707	1369
6708	1382
6709	2166
6710	3672
6711	3731
6712	6444
6713	6480
6714	6481
6715	6482
6716	6483
6717	6484
6718	6485
6719	6488
6720	6489
6721	7178
6722	7180
6723	7333
6724	7470
6725	7529
6726	7692
6727	7693
6728	7880
6729	7894
6730	5058
6731	5068
6732	5069
6733	5079
6734	5128
6735	5186
6736	5189
6737	5203
6738	5235
6739	5236
6740	5238
6741	5239
6742	5240
6743	5241
6744	5253
6745	5261
6746	5294
6747	5300
6748	5308
6749	5314
6750	5352
6751	5395
6752	5398
6753	5406
6754	5413
6755	5414
6756	5418
6757	5459
6758	5464
6759	5465
6760	5486
6761	5516
6762	5549
6763	5564
6764	5611
6765	5630
6766	5636
6767	5651
6768	5667
6769	5669
6770	5684
6771	5707
6772	5732
6773	5762
6774	5777
6775	5779
6776	5794
6777	5826
6778	5834
6779	5838
6780	5840
6781	5851
6782	5852
6783	5874
6784	5891
6785	5898
6786	5906
6787	5915
6788	5917
6789	5963
6790	5964
6791	5985
6792	6023
6793	6053
6794	6081
6795	6083
6796	6113
6797	6114
6798	6130
6799	6157
6800	6161
6801	6162
6802	6209
6803	6218
6804	6232
6805	6340
6806	6400
6807	6516
6808	6528
6809	6538
6810	6546
6811	6554
6812	6728
6813	6763
6814	7175
6815	7248
6816	7288
6817	7305
6818	7374
6819	7385
6820	7420
6821	1102
6822	1247
6823	1308
6824	1428
6825	1457
6826	1621
6827	1862
6828	2061
6829	2072
6830	2080
6831	2107
6832	2247
6833	2340
6834	2357
6835	2401
6836	2565
6837	2569
6838	2614
6839	2616
6840	2647
6841	2691
6842	2702
6843	2704
6844	2767
6845	2886
6846	2996
6847	3076
6848	3145
6849	3158
6850	3166
6851	3170
6852	3335
6853	3347
6854	3356
6855	3369
6856	3482
6857	3492
6858	3495
6859	3662
6860	3694
6861	3710
6862	3754
6863	3832
6864	3918
6865	3948
6866	3949
6867	3963
6868	4003
6869	4039
6870	4113
6871	4117
6872	4125
6873	4127
6874	4128
6875	4171
6876	4370
6877	4578
6878	4816
6879	5035
6880	5886
6881	5897
6882	6420
6883	7762
6884	7711
6885	7734
6886	228
6887	2690
6888	3421
6889	7675
6890	358
6891	362
6892	385
6893	387
6894	1440
6895	4007
6896	7467
6897	7611
6898	7618
6899	7621
6900	7623
6901	7631
6902	7635
6903	7639
6904	7645
6905	7648
6906	7662
6907	7670
6908	7678
6909	7679
6910	7710
6911	7714
6912	7863
6913	7864
6914	1149
6915	1387
6916	328
6917	539
6918	736
6919	738
6920	743
6921	752
6922	803
6923	896
6924	970
6925	986
6926	1005
6927	1052
6928	1071
6929	1081
6930	1091
6931	1143
6932	1147
6933	1178
6934	1259
6935	1265
6936	1432
6937	1433
6938	1435
6939	1436
6940	1442
6941	2148
6942	3706
6943	3886
6944	4897
6945	7735
6946	17
6947	199
6948	210
6949	7684
6950	127
6951	213
6952	217
6953	367
6954	421
6955	589
6956	739
6957	759
6958	814
6959	815
6960	819
6961	831
6962	837
6963	876
6964	882
6965	894
6966	910
6967	916
6968	929
6969	933
6970	935
6971	936
6972	949
6973	959
6974	965
6975	981
6976	998
6977	1022
6978	1060
6979	1065
6980	1077
6981	1095
6982	1098
6983	1099
6984	1100
6985	1128
6986	1142
6987	1161
6988	1169
6989	1301
6990	1312
6991	1316
6992	1337
6993	1370
6994	1379
6995	1380
6996	1399
6997	1450
6998	3593
6999	3702
7000	4229
7001	4253
7002	4898
7003	4903
7004	4989
7005	5380
7006	6402
7007	6404
7008	6443
7009	7683
7010	7726
7011	7752
7012	7754
7013	7763
7014	7780
7015	7781
7016	4932
7017	7213
7018	29
7019	32
7020	59
7021	70
7022	93
7023	98
7024	102
7025	109
7026	136
7027	168
7028	207
7029	282
7030	299
7031	6
7032	112
7033	182
7034	37
7035	52
7036	31
7037	39
7038	76
7039	148
7040	163
7041	173
7042	208
7043	215
7044	224
7045	226
7046	495
7047	7690
7048	7879
7049	333
7050	1492
7051	223
7052	240
7053	243
7054	278
7055	285
7056	351
7057	483
7058	7657
7059	7703
7060	13
7061	313
7062	317
7063	331
7064	347
7065	360
7066	361
7067	364
7068	609
7069	614
7070	787
7071	822
7072	1046
7073	1189
7074	1252
7075	1372
7076	1491
7077	2009
7078	2395
7079	2518
7080	2585
7081	2849
7082	3579
7083	3666
7084	3807
7085	3810
7086	3962
7087	4200
7088	7630
7089	7697
7090	7612
7091	7686
7092	172
7093	232
7094	270
7095	1605
7096	4933
7097	7608
7098	7613
7099	7615
7100	7624
7101	7628
7102	7629
7103	7634
7104	7636
7105	7637
7106	7638
7107	7651
7108	7658
7109	7660
7110	7663
7111	7664
7112	7667
7113	7672
7114	7674
7115	7680
7116	7682
7117	7687
7118	7702
7119	7704
7120	7728
7121	7733
7122	7764
7123	166
7124	233
7125	263
7126	1256
7127	4005
7128	4901
7129	4902
7130	4904
7131	4905
7132	7627
7133	7858
7134	104
7135	114
7136	122
7137	126
7138	135
7139	141
7140	142
7141	146
7142	147
7143	156
7144	187
7145	189
7146	190
7147	200
7148	202
7149	216
7150	227
7151	234
7152	246
7153	256
7154	267
7155	268
7156	272
7157	275
7158	277
7159	288
7160	291
7161	297
7162	298
7163	308
7164	309
7165	321
7166	330
7167	348
7168	357
7169	380
7170	468
7171	479
7172	735
7173	902
7174	1001
7175	3523
7176	3689
7177	4839
7178	4899
7179	7572
7180	7642
7181	7653
7182	7656
7183	7676
7184	7729
7185	7773
7186	7779
7187	149
7188	186
7189	247
7190	255
7191	379
7192	381
7193	383
7194	390
7195	392
7196	395
7197	400
7198	403
7199	406
7200	419
7201	422
7202	430
7203	437
7204	444
7205	447
7206	449
7207	450
7208	452
7209	453
7210	455
7211	456
7212	459
7213	463
7214	464
7215	466
7216	528
7217	753
7218	4264
7219	7412
7220	7705
7221	7713
7222	7715
7223	7741
7224	7891
7225	7899
7226	124
7227	165
7228	262
7229	310
7230	323
7231	337
7232	338
7233	372
7234	416
7235	417
7236	426
7237	427
7238	435
7239	436
7240	457
7241	1493
7242	7577
7243	7666
7244	41
7245	171
7246	219
7247	3711
7248	3712
7249	3713
7250	3714
7251	3715
7252	3716
7253	3717
7254	3718
7255	3719
7256	3720
7257	3875
7258	3876
7259	3877
7260	4167
7261	159
7262	276
7263	287
7264	304
7265	336
7266	352
7267	7698
7268	386
7269	388
7270	394
7271	398
7272	402
7273	404
7274	408
7275	409
7276	410
7277	411
7278	415
7279	418
7280	420
7281	428
7282	434
7283	441
7284	446
7285	461
7286	1489
7287	5003
7288	7413
7289	7646
7290	7677
7291	7756
7292	7758
7293	7471
7294	425
7295	451
7296	460
7297	561
7298	562
7299	768
7300	780
7301	783
7302	800
7303	813
7304	821
7305	833
7306	839
7307	847
7308	848
7309	850
7310	857
7311	889
7312	893
7313	901
7314	917
7315	930
7316	947
7317	963
7318	964
7319	995
7320	1021
7321	1029
7322	1030
7323	1036
7324	1039
7325	1050
7326	1053
7327	1061
7328	1096
7329	1113
7330	1130
7331	1138
7332	1141
7333	1146
7334	1163
7335	1168
7336	1186
7337	1193
7338	1204
7339	1221
7340	1223
7341	1233
7342	1249
7343	1258
7344	1263
7345	1289
7346	1294
7347	1314
7348	1330
7349	1331
7350	1336
7351	1356
7352	1368
7353	1376
7354	1415
7355	1452
7356	3686
7357	3696
7358	6449
7359	6647
7360	7625
7361	7861
7362	7877
7363	1222
7364	1011
7365	1285
7366	869
7367	1037
7368	378
7369	454
7370	610
7371	1250
7372	1453
7373	1633
7374	2091
7375	2179
7376	2182
7377	2204
7378	2225
7379	2260
7380	2270
7381	2300
7382	2415
7383	2504
7384	2516
7385	2527
7386	2581
7387	2590
7388	2609
7389	2633
7390	2673
7391	2686
7392	2698
7393	2762
7394	2763
7395	2809
7396	2818
7397	2870
7398	2871
7399	2885
7400	2897
7401	2945
7402	3007
7403	3024
7404	3039
7405	3061
7406	3089
7407	3094
7408	3178
7409	3208
7410	3210
7411	3247
7412	3314
7413	3315
7414	3319
7415	3345
7416	3373
7417	3409
7418	3411
7419	3464
7420	3504
7421	3550
7422	3570
7423	3622
7424	3785
7425	3929
7426	3969
7427	3995
7428	4017
7429	4057
7430	4067
7431	4091
7432	4095
7433	4112
7434	4191
7435	5099
7436	5639
7437	5641
7438	6001
7439	6917
7440	7581
7441	100
7442	5044
7443	6653
7444	6654
7445	7215
7446	7354
7447	7533
7448	7558
7449	7708
7450	7805
7451	7850
7452	7867
7453	488
7454	2766
7455	1087
7456	2567
7457	487
7458	789
7459	1417
7460	484
7461	490
7462	371
7463	375
7464	145
7465	4263
7466	7619
7467	7798
7468	1362
7469	1407
7470	1410
7471	175
7472	520
7473	1461
7474	3668
7475	4223
7476	519
7477	4248
7478	4251
7479	4916
7480	4917
7481	4918
7482	7453
7483	7454
7484	7455
7485	7461
7486	517
7487	1358
7488	4834
7489	1444
7490	1454
7491	14
7492	1463
7493	3273
7494	3567
7495	3879
7496	3881
7497	4186
7498	4129
7499	4262
7500	1480
7501	7768
7502	7586
7503	7744
7504	7875
7505	7902
7506	7599
7507	7766
7508	1367
7509	4006
7510	4235
7511	4237
7512	4250
7513	7477
7514	7907
7515	7475
7516	7476
7517	7478
7518	7535
7519	7537
7520	7538
7521	7551
7522	7557
7523	7576
7524	7600
7525	7601
7526	7604
7527	7769
7528	7463
7529	7720
7530	7905
7531	1477
7532	1478
7533	7765
7534	1364
7535	482
7536	7593
7537	7903
7538	486
7539	491
7540	503
7541	515
7542	518
7543	880
7544	976
7545	990
7546	1248
7547	1253
7548	1254
7549	1357
7550	1408
7551	1409
7552	1429
7553	1430
7554	1465
7555	1468
7556	1470
7557	1474
7558	7767
7559	7862
7560	7871
7561	516
7562	524
7563	999
7564	1236
7565	1350
7566	1351
7567	1359
7568	1366
7569	7797
7570	1361
7571	1365
7572	1456
7573	1462
7574	2365
7575	4183
7576	4187
7577	4188
7578	4212
7579	4257
7580	4258
7581	4400
7582	5272
7583	5519
7584	5580
7585	6120
7586	6368
7587	6440
7588	6465
7589	6469
7590	6473
7591	6475
7592	6477
7593	6601
7594	6602
7595	6637
7596	6638
7597	6639
7598	6642
7599	7268
7600	7456
7601	7457
7602	7543
7603	7544
7604	7550
7605	7553
7606	7567
7607	7583
7608	7587
7609	7596
7610	7597
7611	7844
7612	1483
7613	1485
7614	3620
7615	4079
7616	4133
7617	1411
7618	1455
7619	1484
7620	1487
7621	3597
7622	3604
7623	3613
7624	3650
7625	3721
7626	3878
7627	3880
7628	4184
7629	4249
7630	7846
7631	514
7632	3029
7633	3186
7634	4185
7635	4209
7636	4259
7637	4261
7638	4411
7639	4830
7640	5322
7641	5559
7642	5712
7643	6460
7644	6467
7645	7193
7646	7393
7647	7458
7648	7542
7649	7843
7650	3397
7651	489
7652	1363
7653	1467
7654	1486
7655	3669
7656	3697
7657	3883
7658	4062
7659	7534
7660	7594
7661	7595
7662	7906
7663	355
7664	4230
7665	4593
7666	2019
7667	3732
7668	4587
7669	2006
7670	4155
7671	7610
7672	4181
7673	4823
7674	7352
7675	7408
7676	7554
7677	7353
7678	7493
7679	7555
7680	7574
7681	4592
7682	4815
7683	4820
7684	4824
7685	4825
7686	4906
7687	4998
7688	5009
7689	5022
7690	5033
7691	6495
7692	6497
7693	6498
7694	6500
7695	6644
7696	6655
7697	7411
7698	7415
7699	7466
7700	7480
7701	7481
7702	7484
7703	7487
7704	7488
7705	7489
7706	7490
7707	7494
7708	7495
7709	7546
7710	7548
7711	7549
7712	7573
7713	7694
7714	6506
7715	6643
7716	7214
7717	7348
7718	7405
7719	7465
7720	7482
7721	7483
7722	7485
7723	7492
7724	7589
7725	7700
7726	4818
7727	4945
7728	4956
7729	5045
7730	6503
7731	6652
7732	7406
7733	7563
7734	7671
7735	4809
7736	4819
7737	4957
7738	5043
7739	1488
7740	2016
7741	2020
7742	4082
7743	4575
7744	512
7745	522
7746	728
7747	1479
7748	1989
7749	1990
7750	2007
7751	2008
7752	2010
7753	2012
7754	2013
7755	2014
7756	2015
7757	2017
7758	1482
7759	2011
7760	5000
7761	5001
7762	5011
7763	6499
7764	6504
7765	6505
7766	6646
7767	7349
7768	7585
7769	7776
7770	7801
7771	7802
7772	7841
7773	4027
7774	4081
7775	4182
7776	4226
7777	4241
7778	4244
7779	5002
7780	5010
7781	7202
7782	7452
7783	7472
7784	7479
7785	7496
7786	7578
7787	7592
7788	7746
7789	7747
7790	7796
7791	7799
7792	7826
7793	6501
7794	6502
7795	6649
7796	6651
7797	7203
7798	7355
7799	7460
7800	7579
7801	7602
7802	7603
7803	7739
7804	7748
7805	5285
7806	4245
7807	43
7808	2040
7809	4030
7810	4381
7811	5046
7812	5049
7813	5056
7814	5062
7815	5063
7816	5064
7817	5065
7818	5066
7819	5067
7820	5070
7821	5072
7822	5073
7823	5075
7824	5077
7825	5078
7826	5080
7827	5081
7828	5083
7829	5086
7830	5087
7831	5088
7832	5089
7833	5090
7834	5093
7835	5094
7836	5095
7837	5096
7838	5100
7839	5102
7840	5103
7841	5104
7842	5105
7843	5106
7844	5108
7845	5110
7846	5112
7847	5113
7848	5114
7849	5115
7850	5116
7851	5117
7852	5118
7853	5119
7854	5120
7855	5122
7856	5123
7857	5125
7858	5126
7859	5130
7860	5131
7861	5132
7862	5133
7863	5135
7864	5138
7865	5139
7866	5142
7867	5144
7868	5170
7869	5210
7870	5821
7871	6511
7872	6512
7873	6663
7874	6669
7875	6674
7876	6676
7877	6678
7878	6680
7879	6684
7880	6688
7881	6689
7882	6690
7883	6691
7884	6694
7885	6698
7886	6705
7887	6711
7888	6714
7889	7218
7890	7356
7891	7357
7892	7359
7893	7360
7894	7362
7895	7363
7896	7417
7897	7520
7898	1473
7899	4915
7900	4959
7901	6645
7902	7208
7903	7209
7904	7407
7905	7409
7906	7501
7907	7562
7908	7785
7909	7873
\.


--
-- Name: exam_id_seq; Type: SEQUENCE SET; Schema: public; Owner: postgres
--

SELECT pg_catalog.setval('public.exam_id_seq', 242, true);


--
-- Name: exam_period_id_seq; Type: SEQUENCE SET; Schema: public; Owner: postgres
--

SELECT pg_catalog.setval('public.exam_period_id_seq', 242, true);


--
-- Name: exam_student_id_seq; Type: SEQUENCE SET; Schema: public; Owner: postgres
--

SELECT pg_catalog.setval('public.exam_student_id_seq', 18466, true);


--
-- Name: period_id_seq; Type: SEQUENCE SET; Schema: public; Owner: postgres
--

SELECT pg_catalog.setval('public.period_id_seq', 16, true);


--
-- Name: period_room_id_seq; Type: SEQUENCE SET; Schema: public; Owner: postgres
--

SELECT pg_catalog.setval('public.period_room_id_seq', 16, true);


--
-- Name: room_id_seq; Type: SEQUENCE SET; Schema: public; Owner: postgres
--

SELECT pg_catalog.setval('public.room_id_seq', 8, true);


--
-- Name: student_id_seq; Type: SEQUENCE SET; Schema: public; Owner: postgres
--

SELECT pg_catalog.setval('public.student_id_seq', 7909, true);


--
-- Name: exam_period exam_period_pkey; Type: CONSTRAINT; Schema: public; Owner: postgres
--

ALTER TABLE ONLY public.exam_period
    ADD CONSTRAINT exam_period_pkey PRIMARY KEY (id);


--
-- Name: exam exam_pkey; Type: CONSTRAINT; Schema: public; Owner: postgres
--

ALTER TABLE ONLY public.exam
    ADD CONSTRAINT exam_pkey PRIMARY KEY (id);


--
-- Name: exam_student exam_student_pkey; Type: CONSTRAINT; Schema: public; Owner: postgres
--

ALTER TABLE ONLY public.exam_student
    ADD CONSTRAINT exam_student_pkey PRIMARY KEY (id);


--
-- Name: period period_pkey; Type: CONSTRAINT; Schema: public; Owner: postgres
--

ALTER TABLE ONLY public.period
    ADD CONSTRAINT period_pkey PRIMARY KEY (id);


--
-- Name: period_room period_room_pkey; Type: CONSTRAINT; Schema: public; Owner: postgres
--

ALTER TABLE ONLY public.period_room
    ADD CONSTRAINT period_room_pkey PRIMARY KEY (id);


--
-- Name: room room_pkey; Type: CONSTRAINT; Schema: public; Owner: postgres
--

ALTER TABLE ONLY public.room
    ADD CONSTRAINT room_pkey PRIMARY KEY (id);


--
-- Name: student student_pkey; Type: CONSTRAINT; Schema: public; Owner: postgres
--

ALTER TABLE ONLY public.student
    ADD CONSTRAINT student_pkey PRIMARY KEY (id);


--
-- Name: exam_period exam_period_exam_id_fkey; Type: FK CONSTRAINT; Schema: public; Owner: postgres
--

ALTER TABLE ONLY public.exam_period
    ADD CONSTRAINT exam_period_exam_id_fkey FOREIGN KEY (exam_id) REFERENCES public.exam(id) ON DELETE CASCADE;


--
-- Name: exam_period exam_period_period_id_fkey; Type: FK CONSTRAINT; Schema: public; Owner: postgres
--

ALTER TABLE ONLY public.exam_period
    ADD CONSTRAINT exam_period_period_id_fkey FOREIGN KEY (period_id) REFERENCES public.period(id) ON DELETE CASCADE;


--
-- Name: exam_student exam_student_exam_id_fkey; Type: FK CONSTRAINT; Schema: public; Owner: postgres
--

ALTER TABLE ONLY public.exam_student
    ADD CONSTRAINT exam_student_exam_id_fkey FOREIGN KEY (exam_id) REFERENCES public.exam(id) ON DELETE CASCADE;


--
-- Name: exam_student exam_student_student_id_fkey; Type: FK CONSTRAINT; Schema: public; Owner: postgres
--

ALTER TABLE ONLY public.exam_student
    ADD CONSTRAINT exam_student_student_id_fkey FOREIGN KEY (student_id) REFERENCES public.student(id) ON DELETE CASCADE;


--
-- Name: period_room period_room_period_id_fkey; Type: FK CONSTRAINT; Schema: public; Owner: postgres
--

ALTER TABLE ONLY public.period_room
    ADD CONSTRAINT period_room_period_id_fkey FOREIGN KEY (period_id) REFERENCES public.period(id) ON DELETE CASCADE;


--
-- Name: period_room period_room_room_id_fkey; Type: FK CONSTRAINT; Schema: public; Owner: postgres
--

ALTER TABLE ONLY public.period_room
    ADD CONSTRAINT period_room_room_id_fkey FOREIGN KEY (room_id) REFERENCES public.room(id) ON DELETE CASCADE;


--
-- PostgreSQL database dump complete
--

